ticker,instrument_key
0IRFC35.NS,NSE_EQ|INE053F08536
0MOFSL26.NS,NSE_EQ|INE338I07156
0MOFSL27.NS,NSE_EQ|INE338I07099
0NHIT34.NS,NSE_EQ|INE0H7R07066
0NHIT35.NS,NSE_EQ|INE0H7R07058
0RL34.NS,NSE_EQ|INE020B08FJ3
0SCL26.NS,NSE_EQ|INE148I07SF0
0SCL27.NS,NSE_EQ|INE148I07SK0
1003IIFL29.NS,NSE_EQ|INE413U07301
1003ISFL28.NS,NSE_EQ|INE413U07269
1003SCFL31.NS,NSE_EQ|INE148I07SX3
1003SCL30.NS,NSE_EQ|INE148I07PN0
1003SCL30A.NS,NSE_EQ|INE148I07QX7
1003SCL31.NS,NSE_EQ|INE148I07TW3
1003SCL31A.NS,NSE_EQ|INE148I07UR1
1003SCL31P.NS,NSE_EQ|INE148I07VA5
1003SCL32.NS,NSE_EQ|INE148I07WM8
1003SFIL28.NS,NSE_EQ|INE244L07556
10157PCP27.NS,NSE_EQ|INE389Z07054
1015ECL29.NS,NSE_EQ|INE804IA7014
1015SCFL29.NS,NSE_EQ|INE148I07SS3
1015SCL28.NS,NSE_EQ|INE148I07QR9
1015SCL28A.NS,NSE_EQ|INE148I07OH5
1015SCL28B.NS,NSE_EQ|INE148I07OW4
1015SCL29.NS,NSE_EQ|INE148I07TR3
1015SCL29B.NS,NSE_EQ|INE148I07UK6
1015SCL29T.NS,NSE_EQ|INE148I07VO6
1015SCL30.NS,NSE_EQ|INE148I07WT3
1015UCL26.NS,NSE_EQ|INE583D07505
1015UCL27.NS,NSE_EQ|INE583D07604
1018GS2026.NS,NSE_EQ|IN0020010081
1020CCSP27.NS,NSE_EQ|INE157D07EJ4
1025IIFL30.NS,NSE_EQ|INE530B07492
1025PATE28.NS,NSE_EQ|INE244B07243
1025SCFL34.NS,NSE_EQ|INE148I07SV7
1025SCL33.NS,NSE_EQ|INE148I07RV9
1025SCL33A.NS,NSE_EQ|INE148I07PP5
1025SCL34.NS,NSE_EQ|INE148I07SQ7
1025SCL34A.NS,NSE_EQ|INE148I07TN2
1025SCL34B.NS,NSE_EQ|INE148I07UV3
1025SCL34C.NS,NSE_EQ|INE148I07UT7
1025SCL34U.NS,NSE_EQ|INE148I07VM0
1025SCL34Z.NS,NSE_EQ|INE148I07VI8
1025SCL35.NS,NSE_EQ|INE148I07WS5
1025SCL35A.NS,NSE_EQ|INE148I07VZ2
1025SFIL26.NS,NSE_EQ|INE244L07507
1025UCL26A.NS,NSE_EQ|INE583D07521
1025UCL27A.NS,NSE_EQ|INE583D07588
1025VCCL28.NS,NSE_EQ|INE04HY07294
102CCSP27A.NS,NSE_EQ|INE157D07EK2
1030SFIL28.NS,NSE_EQ|INE244L07283
1035CCSP26.NS,NSE_EQ|INE157D07EH8
1035CCSP27.NS,NSE_EQ|INE157D07EI6
1039UCL26.NS,NSE_EQ|INE583D07570
1040NFL26.NS,NSE_EQ|INE342T07437
1040UCL27B.NS,NSE_EQ|INE583D07513
1048IIFL27.NS,NSE_EQ|INE413U08119
1050IIFL29.NS,NSE_EQ|INE413U07319
1050ISFL28.NS,NSE_EQ|INE413U07251
1050NFL26.NS,NSE_EQ|INE342T07387
1050SCFL31.NS,NSE_EQ|INE148I07SM6
1050SCL30.NS,NSE_EQ|INE148I07QV1
1050SCL31.NS,NSE_EQ|INE148I07TK8
1050SCL31A.NS,NSE_EQ|INE148I07UP5
1050SCL31T.NS,NSE_EQ|INE148I07VD9
1050SCL32.NS,NSE_EQ|INE148I07WX5
1050SFIL28.NS,NSE_EQ|INE244L07531
1050UCL28.NS,NSE_EQ|INE583D07596
105IIFL29.NS,NSE_EQ|INE866I08295
105UCL2026.NS,NSE_EQ|INE583D07463
1060ECL29.NS,NSE_EQ|INE804IA7022
1065NFL27.NS,NSE_EQ|INE342T07460
1075SCFL34.NS,NSE_EQ|INE148I07SR5
1075SCL33.NS,NSE_EQ|INE148I07RW7
1075SCL33A.NS,NSE_EQ|INE148I07PT7
1075SCL33B.NS,NSE_EQ|INE148I07QY5
1075SCL34.NS,NSE_EQ|INE148I07TP7
1075SCL34C.NS,NSE_EQ|INE148I07UW1
1075SCL34T.NS,NSE_EQ|INE148I07VE7
1075SCL35.NS,NSE_EQ|INE148I07WR7
1075WCA28.NS,NSE_EQ|INE0A3007065
1075WCAP28.NS,NSE_EQ|INE0A3007057
1077IIFL30.NS,NSE_EQ|INE413U08127
1090NFL26.NS,NSE_EQ|INE342T07452
1096GIPL28.NS,NSE_EQ|INE1BEC08019
10CAGL27.NS,NSE_EQ|INE741K07496
10IFSL26.NS,NSE_EQ|INE321N07293
10IIFL26.NS,NSE_EQ|INE413U08135
10IIFL28.NS,NSE_EQ|INE477L08147
10IIFL28A.NS,NSE_EQ|INE530B08094
10IIFL29.NS,NSE_EQ|INE866I08279
10IIFLSF27.NS,NSE_EQ|INE413U07293
10ISFL26.NS,NSE_EQ|INE413U07277
10NIDO26.NS,NSE_EQ|INE530L07228
10SCL30A.NS,NSE_EQ|INE148I07PO8
10SCL31.NS,NSE_EQ|INE148I07SU9
10SCL31A.NS,NSE_EQ|INE148I07TO0
10UCL26.NS,NSE_EQ|INE583D07562
1102NFL26.NS,NSE_EQ|INE342T07403
1119NFL27.NS,NSE_EQ|INE342T07445
111ESFB31.NS,NSE_EQ|INE818W08131
1125VCCL27.NS,NSE_EQ|INE04HY07351
113ESFB31.NS,NSE_EQ|INE818W08149
113ESFB31B.NS,NSE_EQ|INE818W08156
1150AFIL28.NS,NSE_EQ|INE916Y07065
1150AFIL29.NS,NSE_EQ|INE916Y07073
115VCCL27.NS,NSE_EQ|INE04HY07286
115VCCL28.NS,NSE_EQ|INE04HY07377
115VCCL28A.NS,NSE_EQ|INE04HY07385
1165ESFB32.NS,NSE_EQ|INE818W08164
116VCCL26.NS,NSE_EQ|INE04HY07195
116VCCL26A.NS,NSE_EQ|INE04HY07260
116VCCL27.NS,NSE_EQ|INE04HY07310
116VCCL27A.NS,NSE_EQ|INE04HY07328
1175IFL28.NS,NSE_EQ|INE01XO07033
1180IFL28.NS,NSE_EQ|INE01XO07041
1180VCCL26.NS,NSE_EQ|INE04HY07187
118VCCL27.NS,NSE_EQ|INE04HY07245
118VCCL27A.NS,NSE_EQ|INE04HY07302
118VCCL27B.NS,NSE_EQ|INE04HY07336
1190VCCL26.NS,NSE_EQ|INE04HY07120
119VCCL26.NS,NSE_EQ|INE04HY07146
11UCL26.NS,NSE_EQ|INE583D07455
11VCCL27.NS,NSE_EQ|INE04HY07369
1215DHPL27.NS,NSE_EQ|INE835I08019
1225DCCL27.NS,NSE_EQ|INE04Q907108
1225IFL27.NS,NSE_EQ|INE01XO07017
1225IFL28.NS,NSE_EQ|INE01XO07025
125VCCL31.NS,NSE_EQ|INE04HY08011
12AFIL27.NS,NSE_EQ|INE916Y07032
12AFIL27A.NS,NSE_EQ|INE916Y07040
12AFIL28.NS,NSE_EQ|INE916Y07057
12DCCL27.NS,NSE_EQ|INE04Q907090
12DCCL29.NS,NSE_EQ|INE04Q907165
12DCCL29A.NS,NSE_EQ|INE04Q907157
12VCCL27.NS,NSE_EQ|INE04HY07161
12VCCL27A.NS,NSE_EQ|INE04HY07179
12VCCL27B.NS,NSE_EQ|INE04HY07211
12VCCL27D.NS,NSE_EQ|INE04HY07252
12VCCL28.NS,NSE_EQ|INE04HY07344
12VCCL29.NS,NSE_EQ|INE04HY07153
12VCCL29A.NS,NSE_EQ|INE04HY07203
12VCCL29B.NS,NSE_EQ|INE04HY07229
12VCCL29C.NS,NSE_EQ|INE04HY07278
14DCCL31.NS,NSE_EQ|INE04Q907116
14DCCL31A.NS,NSE_EQ|INE04Q907124
14RARL30.NS,NSE_EQ|INE03UZ07023
1650RARL27.NS,NSE_EQ|INE03UZ07015
165RARL28.NS,NSE_EQ|INE03UZ07031
182D030426.NS,NSE_EQ|IN002025Y271
182D030926.NS,NSE_EQ|IN002025Y487
182D040626.NS,NSE_EQ|IN002025Y362
182D060826.NS,NSE_EQ|IN002025Y446
182D080526.NS,NSE_EQ|IN002025Y321
182D090426.NS,NSE_EQ|IN002025Y289
182D090726.NS,NSE_EQ|IN002025Y404
182D110626.NS,NSE_EQ|IN002025Y370
182D130826.NS,NSE_EQ|IN002025Y453
182D140526.NS,NSE_EQ|IN002025Y339
182D160426.NS,NSE_EQ|IN002025Y297
182D170726.NS,NSE_EQ|IN002025Y412
182D180626.NS,NSE_EQ|IN002025Y388
182D190326.NS,NSE_EQ|IN002025Y255
182D210526.NS,NSE_EQ|IN002025Y347
182D210826.NS,NSE_EQ|IN002025Y461
182D230726.NS,NSE_EQ|IN002025Y420
182D240426.NS,NSE_EQ|IN002025Y305
182D260326.NS,NSE_EQ|IN002025Y263
182D260626.NS,NSE_EQ|IN002025Y396
182D270826.NS,NSE_EQ|IN002025Y479
182D280526.NS,NSE_EQ|IN002025Y354
182D300426.NS,NSE_EQ|IN002025Y313
182D300726.NS,NSE_EQ|IN002025Y438
18MVL27.NS,NSE_EQ|INE387I07013
18PVL29.NS,NSE_EQ|INE362A07054
18PVL29A.NS,NSE_EQ|INE362A07047
20MICRONS.NS,NSE_EQ|INE144J01027
21STCENMGM.NS,NSE_EQ|INE253B01015
360ONE.NS,NSE_EQ|INE466L01038
364D010526.NS,NSE_EQ|IN002025Z054
364D020426.NS,NSE_EQ|IN002025Z013
364D020726.NS,NSE_EQ|IN002025Z146
364D021026.NS,NSE_EQ|IN002025Z278
364D030926.NS,NSE_EQ|IN002025Z237
364D031226.NS,NSE_EQ|IN002025Z369
364D040227.NS,NSE_EQ|IN002025Z443
364D040327.NS,NSE_EQ|IN002025Z484
364D040626.NS,NSE_EQ|IN002025Z104
364D060826.NS,NSE_EQ|IN002025Z195
364D061126.NS,NSE_EQ|IN002025Z328
364D070127.NS,NSE_EQ|IN002025Z401
364D070526.NS,NSE_EQ|IN002025Z062
364D081026.NS,NSE_EQ|IN002025Z286
364D090726.NS,NSE_EQ|IN002025Z153
364D100426.NS,NSE_EQ|IN002025Z021
364D100926.NS,NSE_EQ|IN002025Z245
364D101226.NS,NSE_EQ|IN002025Z377
364D110227.NS,NSE_EQ|IN002025Z450
364D110626.NS,NSE_EQ|IN002025Z112
364D121126.NS,NSE_EQ|IN002025Z336
364D130826.NS,NSE_EQ|IN002025Z203
364D140526.NS,NSE_EQ|IN002025Z070
364D150127.NS,NSE_EQ|IN002025Z419
364D151026.NS,NSE_EQ|IN002025Z294
364D160426.NS,NSE_EQ|IN002025Z039
364D160726.NS,NSE_EQ|IN002025Z161
364D170926.NS,NSE_EQ|IN002025Z252
364D171226.NS,NSE_EQ|IN002025Z385
364D180626.NS,NSE_EQ|IN002025Z120
364D190227.NS,NSE_EQ|IN002025Z468
364D190326.NS,NSE_EQ|IN002024Z495
364D191126.NS,NSE_EQ|IN002025Z344
364D200826.NS,NSE_EQ|IN002025Z211
364D210127.NS,NSE_EQ|IN002025Z427
364D210526.NS,NSE_EQ|IN002025Z088
364D230726.NS,NSE_EQ|IN002025Z179
364D231026.NS,NSE_EQ|IN002025Z302
364D240426.NS,NSE_EQ|IN002025Z047
364D240926.NS,NSE_EQ|IN002025Z260
364D250227.NS,NSE_EQ|IN002025Z476
364D250626.NS,NSE_EQ|IN002025Z138
364D251226.NS,NSE_EQ|IN002025Z393
364D260326.NS,NSE_EQ|IN002024Z503
364D261126.NS,NSE_EQ|IN002025Z351
364D280127.NS,NSE_EQ|IN002025Z435
364D280526.NS,NSE_EQ|IN002025Z096
364D280826.NS,NSE_EQ|IN002025Z229
364D291026.NS,NSE_EQ|IN002025Z310
364D300726.NS,NSE_EQ|IN002025Z187
3IINFOLTD.NS,NSE_EQ|INE748C01038
3MINDIA.NS,NSE_EQ|INE470A01017
3PLAND.NS,NSE_EQ|INE105C01023
563GS2026.NS,NSE_EQ|IN0020210012
574GS2026.NS,NSE_EQ|IN0020210186
575PY26.NS,NSE_EQ|IN3820200035
577GS2030.NS,NSE_EQ|IN0020200153
579GS2030.NS,NSE_EQ|IN0020200070
57KA26.NS,NSE_EQ|IN1920200079
582RJ27.NS,NSE_EQ|IN2920200556
585GS2030.NS,NSE_EQ|IN0020200294
588CG26.NS,NSE_EQ|IN3520200087
591GS2028.NS,NSE_EQ|IN0020250034
593CG26.NS,NSE_EQ|IN3520200079
596PY26.NS,NSE_EQ|IN3820210018
597CG27.NS,NSE_EQ|IN3520200095
599MP26.NS,NSE_EQ|IN2120210025
5PAISA.NS,NSE_EQ|INE618L01018
601GS2028.NS,NSE_EQ|IN0020020247
601GS2030.NS,NSE_EQ|IN0020250067
601RJ26.NS,NSE_EQ|IN2920210316
603GS2029.NS,NSE_EQ|IN0020250125
604AS26.NS,NSE_EQ|IN1220210158
604GJ26.NS,NSE_EQ|IN1520210130
605RJ26.NS,NSE_EQ|IN2920210142
607RJ26.NS,NSE_EQ|IN2920210381
609AS26.NS,NSE_EQ|IN1220210091
609KA28.NS,NSE_EQ|IN1920200095
60TN28.NS,NSE_EQ|IN3120250102
610GS2031.NS,NSE_EQ|IN0020210095
612KA27.NS,NSE_EQ|IN1920200087
613GS2028.NS,NSE_EQ|IN0020030022
613OR28.NS,NSE_EQ|IN2720250017
613RJ26.NS,NSE_EQ|IN2920210068
614TN28.NS,NSE_EQ|IN3120250185
617KL27.NS,NSE_EQ|IN2020200233
618GJ26.NS,NSE_EQ|IN1520200339
619GS2034.NS,NSE_EQ|IN0020200096
61CG27.NS,NSE_EQ|IN3520200103
61GJ28.NS,NSE_EQ|IN1520250085
61RJ26.NS,NSE_EQ|IN2920210084
61RJ27.NS,NSE_EQ|IN2920200440
622AS30.NS,NSE_EQ|IN1220250055
622GS2035.NS,NSE_EQ|IN0020200245
622KL27.NS,NSE_EQ|IN2020200225
623RJ27.NS,NSE_EQ|IN2920210290
624HR26.NS,NSE_EQ|IN1620200031
624MH26.NS,NSE_EQ|IN2220210214
624MH28.NS,NSE_EQ|IN2220200116
624RJ26.NS,NSE_EQ|IN2920210183
624TS26.NS,NSE_EQ|IN4520200085
625AS26.NS,NSE_EQ|IN1220210026
627PFCL27.NS,NSE_EQ|INE134E08NT9
627RJ26.NS,NSE_EQ|IN2920210241
627TN27.NS,NSE_EQ|IN3120250243
627TN29.NS,NSE_EQ|IN3120250193
628GJ27.NS,NSE_EQ|IN1520210098
628GS2032.NS,NSE_EQ|IN0020250059
629RJ26.NS,NSE_EQ|IN2920210225
629RJ26A.NS,NSE_EQ|IN2920210407
62RJ27.NS,NSE_EQ|IN2920200267
632KA28.NS,NSE_EQ|IN1920200129
633AS26.NS,NSE_EQ|IN1220210018
633AS26A.NS,NSE_EQ|IN1220210182
633GS2035.NS,NSE_EQ|IN0020250026
633TN30.NS,NSE_EQ|IN3120200222
634RJ27.NS,NSE_EQ|IN2920210340
635AP27.NS,NSE_EQ|IN1020200110
635LT28.NS,NSE_EQ|INE018A08BN0
635MH28.NS,NSE_EQ|IN2220200314
636GS2031.NS,NSE_EQ|IN0020250141
636HP28.NS,NSE_EQ|IN1720200030
637RECL27.NS,NSE_EQ|INE020B08FX4
638MH27.NS,NSE_EQ|IN2220210230
639AP26.NS,NSE_EQ|IN1020200136
639BR27.NS,NSE_EQ|IN1320210017
63MOONS.NS,NSE_EQ|INE111B01023
63PY27.NS,NSE_EQ|IN3820210042
640NHPCL27.NS,NSE_EQ|INE848E08375
640TN32.NS,NSE_EQ|IN3120250078
641GA30.NS,NSE_EQ|IN1420200082
641TN30.NS,NSE_EQ|IN3120200214
642GA30.NS,NSE_EQ|IN1420200165
642JK31.NS,NSE_EQ|IN4920250037
642JK31A.NS,NSE_EQ|IN4920250052
642MN30.NS,NSE_EQ|IN2320200040
642PN30.NS,NSE_EQ|IN2820200094
642TN31.NS,NSE_EQ|IN3120250128
642UP30.NS,NSE_EQ|IN3320200154
643AP30.NS,NSE_EQ|IN1020200458
643AS26.NS,NSE_EQ|IN1220200340
643MH27.NS,NSE_EQ|IN2220210222
643RJ27.NS,NSE_EQ|IN2920210431
643UK30.NS,NSE_EQ|IN3620200029
644GJ29.NS,NSE_EQ|IN1520200081
644GJ29A.NS,NSE_EQ|IN1520200115
644MH28.NS,NSE_EQ|IN2220200124
644UK30.NS,NSE_EQ|IN3620200060
644UP30.NS,NSE_EQ|IN3320200063
645BR27.NS,NSE_EQ|IN1320210025
645GJ30.NS,NSE_EQ|IN1520200131
645GJ30A.NS,NSE_EQ|IN1520200248
645GS2029.NS,NSE_EQ|IN0020190362
645HP29.NS,NSE_EQ|IN1720200071
645MH27.NS,NSE_EQ|IN2220200249
645ML30.NS,NSE_EQ|IN2420200023
645MN30.NS,NSE_EQ|IN2320200057
645RJ27.NS,NSE_EQ|IN2920200614
645RJ27A.NS,NSE_EQ|IN2920210449
645RJ30.NS,NSE_EQ|IN2920200457
646GJ30.NS,NSE_EQ|IN1520200198
646JK30.NS,NSE_EQ|IN4920200065
646RJ30.NS,NSE_EQ|IN2920200317
646RJ30A.NS,NSE_EQ|IN2920200358
646WB30.NS,NSE_EQ|IN3420200070
647GJ30.NS,NSE_EQ|IN1520200040
647IRFC28.NS,NSE_EQ|INE053F08510
647KA30.NS,NSE_EQ|IN1920200392
647MH28.NS,NSE_EQ|IN2220200272
648AP27.NS,NSE_EQ|IN1020200193
648AP32.NS,NSE_EQ|IN1020200243
648AS30.NS,NSE_EQ|IN1220200118
648GS2035.NS,NSE_EQ|IN0020250091
648HR40.NS,NSE_EQ|IN1620200072
648KA30.NS,NSE_EQ|IN1920200137
648KA31.NS,NSE_EQ|IN1920200368
648MZ30.NS,NSE_EQ|IN2520200055
648RJ27.NS,NSE_EQ|IN2920210506
649AP33.NS,NSE_EQ|IN1020200250
649GJ29.NS,NSE_EQ|IN1520200222
649KA30.NS,NSE_EQ|IN1920200038
649KA30A.NS,NSE_EQ|IN1920200418
649KA31.NS,NSE_EQ|IN1920200145
649MH31.NS,NSE_EQ|IN2220200132
649OR30.NS,NSE_EQ|IN2720250033
649RJ30.NS,NSE_EQ|IN2920200085
649TN50.NS,NSE_EQ|IN3120200230
649TS50.NS,NSE_EQ|IN4520200127
64AP28.NS,NSE_EQ|IN1020200474
64GJ30.NS,NSE_EQ|IN1520200107
64GJ30A.NS,NSE_EQ|IN1520200180
64KA30.NS,NSE_EQ|IN1920200103
64KA30A.NS,NSE_EQ|IN1920200194
64KA30B.NS,NSE_EQ|IN1920200350
64KA30C.NS,NSE_EQ|IN1920200376
64KA31.NS,NSE_EQ|IN1920200111
64MH30.NS,NSE_EQ|IN2220200298
651GJ33.NS,NSE_EQ|IN1520250078
651HP30.NS,NSE_EQ|IN1720200089
651KA30.NS,NSE_EQ|IN1920200335
651KA30B.NS,NSE_EQ|IN1920200517
651KA30C.NS,NSE_EQ|IN1920200533
651KA31.NS,NSE_EQ|IN1920200046
651UP32.NS,NSE_EQ|IN3320250027
652KA30.NS,NSE_EQ|IN1920200491
652MH30.NS,NSE_EQ|IN2220200322
652ML30.NS,NSE_EQ|IN2420200015
652MP35.NS,NSE_EQ|IN2120200125
652NL30.NS,NSE_EQ|IN2620200021
652PY30.NS,NSE_EQ|IN3820200043
652RL28.NS,NSE_EQ|INE020B08FW6
652TS50.NS,NSE_EQ|IN4520200135
653CG28.NS,NSE_EQ|IN3520210037
653HP29.NS,NSE_EQ|IN1720200097
653KA30.NS,NSE_EQ|IN1920200459
653TN31.NS,NSE_EQ|IN3120200339
654AP30.NS,NSE_EQ|IN1020200201
654AR30.NS,NSE_EQ|IN1120200036
654GA30.NS,NSE_EQ|IN1420200066
654GA30A.NS,NSE_EQ|IN1420200207
654GJ30.NS,NSE_EQ|IN1520200073
654GS2032.NS,NSE_EQ|IN0020210244
654KA30.NS,NSE_EQ|IN1920200475
654MH27.NS,NSE_EQ|IN2220210271
654MH30.NS,NSE_EQ|IN2220200033
654MP35.NS,NSE_EQ|IN2120200133
654RJ30.NS,NSE_EQ|IN2920200150
654RJ30A.NS,NSE_EQ|IN2920200481
654TN29.NS,NSE_EQ|IN3120250730
654TN31.NS,NSE_EQ|IN3120250037
654UP30.NS,NSE_EQ|IN3320200147
654WB35.NS,NSE_EQ|IN3420200062
655AP28.NS,NSE_EQ|IN1020200144
655AP33.NS,NSE_EQ|IN1020200433
655AP35.NS,NSE_EQ|IN1020200268
655AS30.NS,NSE_EQ|IN1220200027
655AS30A.NS,NSE_EQ|IN1220200035
655GA30.NS,NSE_EQ|IN1420200173
655GA30A.NS,NSE_EQ|IN1420200199
655KL30.NS,NSE_EQ|IN2020200118
655MH28.NS,NSE_EQ|IN2220200256
655RJ30.NS,NSE_EQ|IN2920200184
655RJ50.NS,NSE_EQ|IN2920200226
655RJ55.NS,NSE_EQ|IN2920200234
655TN29.NS,NSE_EQ|IN3120250391
655TN30.NS,NSE_EQ|IN3120200149
655TR30.NS,NSE_EQ|IN3220200023
655WB30.NS,NSE_EQ|IN3420200054
656AP31.NS,NSE_EQ|IN1020200235
656AS30.NS,NSE_EQ|IN1220200100
656KA30.NS,NSE_EQ|IN1920200210
656MH30.NS,NSE_EQ|IN2220200280
656MH32.NS,NSE_EQ|IN2220200306
656MN30.NS,NSE_EQ|IN2320200032
656RJ29.NS,NSE_EQ|IN2920250304
656UP30.NS,NSE_EQ|IN3320200196
657AP30.NS,NSE_EQ|IN1020200219
657GA30.NS,NSE_EQ|IN1420200181
657GJ29.NS,NSE_EQ|IN1520200057
657GJ31.NS,NSE_EQ|IN1520200255
657GS2033.NS,NSE_EQ|IN0020160100
657HP30.NS,NSE_EQ|IN1720200113
657HP30A.NS,NSE_EQ|IN1720200121
657MH31.NS,NSE_EQ|IN2220200058
657MP30.NS,NSE_EQ|IN2120200109
657MZ35.NS,NSE_EQ|IN2520200030
657RJ30.NS,NSE_EQ|IN2920200135
657TN31.NS,NSE_EQ|IN3120200347
658AP30.NS,NSE_EQ|IN1020200169
658GA30.NS,NSE_EQ|IN1420200074
658GA30A.NS,NSE_EQ|IN1420200215
658GA31.NS,NSE_EQ|IN1420200231
658GJ27.NS,NSE_EQ|IN1520200347
658IRFC30.NS,NSE_EQ|INE053F08528
658JK30.NS,NSE_EQ|IN4920200057
658KA30.NS,NSE_EQ|IN1920200053
658MP35.NS,NSE_EQ|IN2120200117
658RJ30.NS,NSE_EQ|IN2920200119
658TN29.NS,NSE_EQ|IN3120250326
658UP30.NS,NSE_EQ|IN3320200188
659CG28.NS,NSE_EQ|IN3520210045
659HR30.NS,NSE_EQ|IN1620200122
659PFCL30.NS,NSE_EQ|INE134E08NU7
659RJ30.NS,NSE_EQ|IN2920200168
659RJ30A.NS,NSE_EQ|IN2920200499
659RJ31.NS,NSE_EQ|IN2920200564
659UP30.NS,NSE_EQ|IN3320200162
65AP30.NS,NSE_EQ|IN1020200227
65AP38.NS,NSE_EQ|IN1020200276
65GA30.NS,NSE_EQ|IN1420200090
65GA30A.NS,NSE_EQ|IN1420200108
65GJ30.NS,NSE_EQ|IN1520200206
65GJ30A.NS,NSE_EQ|IN1520200214
65KA30.NS,NSE_EQ|IN1920200152
65KA30A.NS,NSE_EQ|IN1920200434
65KL27.NS,NSE_EQ|IN2020200084
65NL30.NS,NSE_EQ|IN2620200054
65RJ30.NS,NSE_EQ|IN2920200325
65RJ50.NS,NSE_EQ|IN2920200291
65TN30.NS,NSE_EQ|IN3120200255
65UP30.NS,NSE_EQ|IN3320200055
65WB30.NS,NSE_EQ|IN3420200039
660AP39.NS,NSE_EQ|IN1020200292
660AP40.NS,NSE_EQ|IN1020200300
660RECL27.NS,NSE_EQ|INE020B08FZ9
660TN35.NS,NSE_EQ|IN3120250060
660TS30.NS,NSE_EQ|IN4520200101
661AP34.NS,NSE_EQ|IN1020250115
661GJ32.NS,NSE_EQ|IN1520250011
661KA30.NS,NSE_EQ|IN1920200319
661KA33.NS,NSE_EQ|IN1920200582
661KA35.NS,NSE_EQ|IN1920200202
661MP35.NS,NSE_EQ|IN2120200141
661MP37.NS,NSE_EQ|IN2120200232
661PFCL28.NS,NSE_EQ|INE134E08NS1
661RJ30.NS,NSE_EQ|IN2920200473
661RJ31.NS,NSE_EQ|IN2920200572
661RJ31A.NS,NSE_EQ|IN2920200598
661TS51.NS,NSE_EQ|IN4520200317
661UP31.NS,NSE_EQ|IN3320200238
661WB36.NS,NSE_EQ|IN3420200211
662AS30.NS,NSE_EQ|IN1220200175
662CG28.NS,NSE_EQ|IN3520210052
662GA31.NS,NSE_EQ|IN1420200256
662GS2051.NS,NSE_EQ|IN0020160092
662HR41.NS,NSE_EQ|IN1620200130
662JH30.NS,NSE_EQ|IN3720200028
662JK30.NS,NSE_EQ|IN4920200040
662KA32.NS,NSE_EQ|IN1920200343
662KA32A.NS,NSE_EQ|IN1920200541
662NL30.NS,NSE_EQ|IN2620200062
662PY28.NS,NSE_EQ|IN3820210034
662RJ30.NS,NSE_EQ|IN2920200507
662RJ41.NS,NSE_EQ|IN2920200606
662TS41.NS,NSE_EQ|IN4520200309
662UK30.NS,NSE_EQ|IN3620200052
662UP30.NS,NSE_EQ|IN3320200212
662UP31.NS,NSE_EQ|IN3320200253
662WB35.NS,NSE_EQ|IN3420200088
663AP37.NS,NSE_EQ|IN1020200540
663AS35.NS,NSE_EQ|IN1220250048
663GA35.NS,NSE_EQ|IN1420250038
663GJ29.NS,NSE_EQ|IN1520200149
663HP31.NS,NSE_EQ|IN1720200139
663HP33.NS,NSE_EQ|IN1720200147
663HR28.NS,NSE_EQ|IN1620210121
663KA30.NS,NSE_EQ|IN1920200178
663KA34.NS,NSE_EQ|IN1920200525
663KL30.NS,NSE_EQ|IN2020200092
663MH30.NS,NSE_EQ|IN2220200264
663ML31.NS,NSE_EQ|IN2420200106
663MN31.NS,NSE_EQ|IN2320200073
663PN51.NS,NSE_EQ|IN2820200185
663TN35.NS,NSE_EQ|IN3120200321
663TN55.NS,NSE_EQ|IN3120200206
663UP30.NS,NSE_EQ|IN3320200139
663WB31.NS,NSE_EQ|IN3420200229
663WB41.NS,NSE_EQ|IN3420200195
664AP39.NS,NSE_EQ|IN1020200524
664AS30.NS,NSE_EQ|IN1220200167
664GJ36.NS,NSE_EQ|IN1520250052
664GS2027.NS,NSE_EQ|IN0020240167
664GS2035.NS,NSE_EQ|IN0020210020
664HR36.NS,NSE_EQ|IN1620250051
664JK36.NS,NSE_EQ|IN4920200131
664KA32.NS,NSE_EQ|IN1920200160
664ML35.NS,NSE_EQ|IN2420250028
664MP30.NS,NSE_EQ|IN2120200091
664MZ32.NS,NSE_EQ|IN2520200089
664PFCL30.NS,NSE_EQ|INE134E08NR3
664PY32.NS,NSE_EQ|IN3820200050
664RJ30.NS,NSE_EQ|IN2920200341
664RJ35.NS,NSE_EQ|IN2920250072
664SK31.NS,NSE_EQ|IN3020200041
664TS50.NS,NSE_EQ|IN4520200119
664TS51.NS,NSE_EQ|IN4520200283
664UP30.NS,NSE_EQ|IN3320200089
664UP31.NS,NSE_EQ|IN3320200261
665AP33.NS,NSE_EQ|IN1020250164
665AP34.NS,NSE_EQ|IN1020250172
665AP36.NS,NSE_EQ|IN1020200508
665AP40.NS,NSE_EQ|IN1020200516
665AP41.NS,NSE_EQ|IN1020200532
665GA35.NS,NSE_EQ|IN1420250012
665GJ30.NS,NSE_EQ|IN1520200123
665GJ37.NS,NSE_EQ|IN1520250060
665HP32.NS,NSE_EQ|IN1720250027
665IRFC30.NS,NSE_EQ|INE053F08502
665JK30.NS,NSE_EQ|IN4920200123
665KA30.NS,NSE_EQ|IN1920200236
665KA35.NS,NSE_EQ|IN1920200509
665ML30.NS,NSE_EQ|IN2420200056
665PN50.NS,NSE_EQ|IN2820200086
665PN50A.NS,NSE_EQ|IN2820200177
665TR35.NS,NSE_EQ|IN3220200049
665TS40.NS,NSE_EQ|IN4520200275
665WB28.NS,NSE_EQ|IN3420210020
665WB30.NS,NSE_EQ|IN3420200047
666JH34.NS,NSE_EQ|IN3720200044
666KA32.NS,NSE_EQ|IN1920200442
666NBRD28.NS,NSE_EQ|INE261F08EP4
666RJ29.NS,NSE_EQ|IN2920250262
666SIDBI28.NS,NSE_EQ|INE556F08KZ3
666TN29.NS,NSE_EQ|IN3120210254
666TN30.NS,NSE_EQ|IN3120200289
666TN35.NS,NSE_EQ|IN3120250110
667AP32.NS,NSE_EQ|IN1020250065
667GS2035.NS,NSE_EQ|IN0020210152
667GS2050.NS,NSE_EQ|IN0020200252
667MH31.NS,NSE_EQ|IN2220200157
667MH32.NS,NSE_EQ|IN2220200330
667NBFID30.NS,NSE_EQ|INE0KUG08092
667RJ30.NS,NSE_EQ|IN2920200374
667RJ50.NS,NSE_EQ|IN2920200192
667TN50.NS,NSE_EQ|IN3120200263
667TS50.NS,NSE_EQ|IN4520200259
667UK30.NS,NSE_EQ|IN3620200037
667UP30.NS,NSE_EQ|IN3320200071
667UP32.NS,NSE_EQ|IN3320250019
668AP33.NS,NSE_EQ|IN1020200482
668AP35.NS,NSE_EQ|IN1020200334
668AP35A.NS,NSE_EQ|IN1020200490
668AP35B.NS,NSE_EQ|IN1020250180
668AP39.NS,NSE_EQ|IN1020200342
668GA30.NS,NSE_EQ|IN1420200116
668GJ33.NS,NSE_EQ|IN1520250029
668GS2031.NS,NSE_EQ|IN0020170042
668GS2033.NS,NSE_EQ|IN0020250133
668GS2040.NS,NSE_EQ|IN0020250042
668HR38.NS,NSE_EQ|IN1620250069
668HR39.NS,NSE_EQ|IN1620200080
668JH32.NS,NSE_EQ|IN3720200036
668KA36.NS,NSE_EQ|IN1920200483
668MZ31.NS,NSE_EQ|IN2520200071
668RJ35.NS,NSE_EQ|IN2920250080
668TN55.NS,NSE_EQ|IN3120200180
668UP30.NS,NSE_EQ|IN3320200097
668WB30.NS,NSE_EQ|IN3420200096
668WB35.NS,NSE_EQ|IN3420200179
669GJ34.NS,NSE_EQ|IN1520250037
669GJ35.NS,NSE_EQ|IN1520250045
669KA37.NS,NSE_EQ|IN1920200467
669MP30.NS,NSE_EQ|IN2120200075
669PN30.NS,NSE_EQ|IN2820200128
669TN30.NS,NSE_EQ|IN3120200297
669TN50.NS,NSE_EQ|IN3120200131
669TS40.NS,NSE_EQ|IN4520200267
669TS50.NS,NSE_EQ|IN4520200143
669UP30.NS,NSE_EQ|IN3320200048
66AS30.NS,NSE_EQ|IN1220200142
66AS30A.NS,NSE_EQ|IN1220200183
66GA30.NS,NSE_EQ|IN1420200058
66GA30A.NS,NSE_EQ|IN1420200124
66GJ29.NS,NSE_EQ|IN1520200032
66HP30.NS,NSE_EQ|IN1720200105
66KA37.NS,NSE_EQ|IN1920200574
66MH31.NS,NSE_EQ|IN2220200074
66ML30.NS,NSE_EQ|IN2420200072
66ML30A.NS,NSE_EQ|IN2420200080
66MN30.NS,NSE_EQ|IN2320200065
66MZ30.NS,NSE_EQ|IN2520200022
66PN30.NS,NSE_EQ|IN2820200151
66RJ30.NS,NSE_EQ|IN2920200366
66RJ30A.NS,NSE_EQ|IN2920200432
66RJ30B.NS,NSE_EQ|IN2920200515
66RJ30C.NS,NSE_EQ|IN2920200549
66SK30.NS,NSE_EQ|IN3020200033
66TN29.NS,NSE_EQ|IN3120200156
66TN30.NS,NSE_EQ|IN3120200115
66UK31.NS,NSE_EQ|IN3620200078
66UP30.NS,NSE_EQ|IN3320200170
66UP30A.NS,NSE_EQ|IN3320200204
66UP31.NS,NSE_EQ|IN3320200220
66WB30.NS,NSE_EQ|IN3420200187
670AP26.NS,NSE_EQ|IN1020200078
670GJ33.NS,NSE_EQ|IN1520250094
670RECL29.NS,NSE_EQ|INE020B08FY2
670RJ50.NS,NSE_EQ|IN2920200176
670TN50.NS,NSE_EQ|IN3120200164
671AP35.NS,NSE_EQ|IN1020250081
671MN40.NS,NSE_EQ|IN2320250029
671RJ30.NS,NSE_EQ|IN2920200044
671TN29.NS,NSE_EQ|IN3120210239
671TN35.NS,NSE_EQ|IN3120250011
671TN35A.NS,NSE_EQ|IN3120250045
671TS40.NS,NSE_EQ|IN4520200242
671TS50.NS,NSE_EQ|IN4520200150
671WB40.NS,NSE_EQ|IN3420200161
672AP28.NS,NSE_EQ|IN1020200128
672GA30.NS,NSE_EQ|IN1420200033
672GJ30.NS,NSE_EQ|IN1520210015
672HR35.NS,NSE_EQ|IN1620200114
672KA33.NS,NSE_EQ|IN1920200426
672KL27.NS,NSE_EQ|IN2020200290
672MH38.NS,NSE_EQ|IN2220250020
672MH40.NS,NSE_EQ|IN2220250046
672PN30.NS,NSE_EQ|IN2820200060
672RJ30.NS,NSE_EQ|IN2920200382
672TN27.NS,NSE_EQ|IN3120200305
672TR40.NS,NSE_EQ|IN3220250028
672TS26.NS,NSE_EQ|IN4520200036
673HPCL30.NS,NSE_EQ|INE094A08176
673KL28.NS,NSE_EQ|IN2020200134
673MP30.NS,NSE_EQ|IN2120200083
673PFCL27.NS,NSE_EQ|INE134E08NW3
673PN40.NS,NSE_EQ|IN2820200169
673RJ35.NS,NSE_EQ|IN2920250098
673SK30.NS,NSE_EQ|IN3020200025
673TN30.NS,NSE_EQ|IN3120200065
673TN40.NS,NSE_EQ|IN3120200313
673TS50.NS,NSE_EQ|IN4520200226
674AP37.NS,NSE_EQ|IN1020250107
674GA30.NS,NSE_EQ|IN1420200132
674MH29.NS,NSE_EQ|IN2220250285
674SIDBI29.NS,NSE_EQ|INE556F08LA4
674TN50.NS,NSE_EQ|IN3120200123
674TS50.NS,NSE_EQ|IN4520200234
674UK35.NS,NSE_EQ|IN3620250016
674UK35A.NS,NSE_EQ|IN3620250024
674UP30.NS,NSE_EQ|IN3320200105
675AS40.NS,NSE_EQ|IN1220250014
675BR27.NS,NSE_EQ|IN1320210033
675GJ27.NS,NSE_EQ|IN1520240186
675GJ29.NS,NSE_EQ|IN1520210122
675GJ31.NS,NSE_EQ|IN1520210023
675GS2029.NS,NSE_EQ|IN0020240183
675HP29.NS,NSE_EQ|IN1720250118
675HR38.NS,NSE_EQ|IN1620250028
675KA33.NS,NSE_EQ|IN1920200244
675KA33A.NS,NSE_EQ|IN1920200327
675KA34.NS,NSE_EQ|IN1920200400
675KA35.NS,NSE_EQ|IN1920200384
675MH39.NS,NSE_EQ|IN2220250038
675MH40.NS,NSE_EQ|IN2220250087
675RJ30.NS,NSE_EQ|IN2920200465
675RJ30A.NS,NSE_EQ|IN2920250270
675RJ31.NS,NSE_EQ|IN2920210027
675TR40.NS,NSE_EQ|IN3220250010
676AS32.NS,NSE_EQ|IN1220250071
676GS2061.NS,NSE_EQ|IN0020200401
676JK31.NS,NSE_EQ|IN4920250011
676MH37.NS,NSE_EQ|IN2220250012
676MP33.NS,NSE_EQ|IN2120200166
676MP40.NS,NSE_EQ|IN2120200208
676PN40.NS,NSE_EQ|IN2820200136
676RJ31.NS,NSE_EQ|IN2920210092
676TN31.NS,NSE_EQ|IN3120210197
677AP31.NS,NSE_EQ|IN1020250255
677AP38.NS,NSE_EQ|IN1020200441
677AP40.NS,NSE_EQ|IN1020200318
677AS40.NS,NSE_EQ|IN1220250030
677BR28.NS,NSE_EQ|IN1320210058
677HR39.NS,NSE_EQ|IN1620250036
677KA33.NS,NSE_EQ|IN1920200186
677KA34.NS,NSE_EQ|IN1920200228
677KL37.NS,NSE_EQ|IN2020250055
677MH30.NS,NSE_EQ|IN2220250467
677MH37.NS,NSE_EQ|IN2220250053
677MH38.NS,NSE_EQ|IN2220250061
677MP37.NS,NSE_EQ|IN2120250013
677MP39.NS,NSE_EQ|IN2120250021
677OR29.NS,NSE_EQ|IN2720250074
677PN43.NS,NSE_EQ|IN2820250032
677RJ31.NS,NSE_EQ|IN2920210076
677RJ31A.NS,NSE_EQ|IN2920210274
677TCL28.NS,NSE_EQ|INE151A08356
677TN29.NS,NSE_EQ|IN3120250482
677TN31.NS,NSE_EQ|IN3120210015
677TN40.NS,NSE_EQ|IN3120250052
677WB40.NS,NSE_EQ|IN3420200104
678AP33.NS,NSE_EQ|IN1020250016
678AP37.NS,NSE_EQ|IN1020250131
678AP38.NS,NSE_EQ|IN1020210010
678AP39.NS,NSE_EQ|IN1020210028
678GA31.NS,NSE_EQ|IN1420210016
678IRFC30.NS,NSE_EQ|INE053F08494
678JK33.NS,NSE_EQ|IN4920210015
678KA32.NS,NSE_EQ|IN1920200269
678KL31.NS,NSE_EQ|IN2020210018
678KL40.NS,NSE_EQ|IN2020250022
678KL46.NS,NSE_EQ|IN2020250014
678MH31.NS,NSE_EQ|IN2220210073
678MH32.NS,NSE_EQ|IN2220200199
678MH39.NS,NSE_EQ|IN2220250079
678MN31.NS,NSE_EQ|IN2320210015
678RJ30.NS,NSE_EQ|IN2920200051
678RJ31.NS,NSE_EQ|IN2920210035
678RJ31A.NS,NSE_EQ|IN2920210050
678RJ47.NS,NSE_EQ|IN2920250023
678SK31.NS,NSE_EQ|IN3020210016
678TS50.NS,NSE_EQ|IN4520200192
678WB35.NS,NSE_EQ|IN3420200153
679AP34.NS,NSE_EQ|IN1020200466
679AP34A.NS,NSE_EQ|IN1020250024
679AP36.NS,NSE_EQ|IN1020250099
679AS45.NS,NSE_EQ|IN1220250022
679GS2027.NS,NSE_EQ|IN0020170026
679GS2029.NS,NSE_EQ|IN0020160118
679GS2031.NS,NSE_EQ|IN0020240191
679GS2034.NS,NSE_EQ|IN0020240126
679GS2034A.NS,NSE_EQ|IN0020240159
679HP34.NS,NSE_EQ|IN1720250035
679HR31.NS,NSE_EQ|IN1620210022
679JK30.NS,NSE_EQ|IN4920200032
679MP33.NS,NSE_EQ|IN2120200158
679MP40.NS,NSE_EQ|IN2120200216
679PN35.NS,NSE_EQ|IN2820200144
679PN45.NS,NSE_EQ|IN2820250040
679TN55.NS,NSE_EQ|IN3120250029
679TS52.NS,NSE_EQ|IN4520250049
679TS53.NS,NSE_EQ|IN4520250064
679TS56.NS,NSE_EQ|IN4520250056
679WB28.NS,NSE_EQ|IN3420210046
679WB28A.NS,NSE_EQ|IN3420210095
67AS27.NS,NSE_EQ|IN1220200290
67GJ30.NS,NSE_EQ|IN1520200156
67HR30.NS,NSE_EQ|IN1620200098
67HR39.NS,NSE_EQ|IN1620250044
67JK30.NS,NSE_EQ|IN4920200073
67JK32.NS,NSE_EQ|IN4920200115
67KA30.NS,NSE_EQ|IN1920200251
67KL27.NS,NSE_EQ|IN2020200050
67MH28.NS,NSE_EQ|IN2220200181
67ML30.NS,NSE_EQ|IN2420200031
67NL30.NS,NSE_EQ|IN2620200039
67PN30.NS,NSE_EQ|IN2820200078
67PN40.NS,NSE_EQ|IN2820200102
67RJ35.NS,NSE_EQ|IN2920250015
67TR30.NS,NSE_EQ|IN3220200015
680AP35.NS,NSE_EQ|IN1020250214
680GJ34.NS,NSE_EQ|IN1520250102
680NHB32.NS,NSE_EQ|INE557F08GE4
680RJ35.NS,NSE_EQ|IN2920250114
680TN35.NS,NSE_EQ|IN3120250151
681HR39.NS,NSE_EQ|IN1620250010
681KL31.NS,NSE_EQ|IN2020210042
681MH28.NS,NSE_EQ|IN2220200215
681MH31.NS,NSE_EQ|IN2220210099
681PN31.NS,NSE_EQ|IN2820210010
681RL36.NS,NSE_EQ|INE020B08FV8
681TR35.NS,NSE_EQ|IN3220200031
682AP36.NS,NSE_EQ|IN1020250123
682BR28.NS,NSE_EQ|IN1320210041
682CG28.NS,NSE_EQ|IN3520210029
682GJ27.NS,NSE_EQ|IN1520240046
682JH34.NS,NSE_EQ|IN3720200085
682KL32.NS,NSE_EQ|IN2020200316
682KL35.NS,NSE_EQ|IN2020200324
682MH32.NS,NSE_EQ|IN2220210016
682ML31.NS,NSE_EQ|IN2420210014
682PN36.NS,NSE_EQ|IN2820200243
682RJ31.NS,NSE_EQ|IN2920210043
682TN35.NS,NSE_EQ|IN3120250169
682TN36.NS,NSE_EQ|IN3120250136
683AP34.NS,NSE_EQ|IN1020250073
683BR30.NS,NSE_EQ|IN1320210116
683GA31.NS,NSE_EQ|IN1420210115
683GJ30.NS,NSE_EQ|IN1520200164
683GS2039.NS,NSE_EQ|IN0020080050
683JK42.NS,NSE_EQ|IN4920250029
683KA31.NS,NSE_EQ|IN1920210128
683KA31A.NS,NSE_EQ|IN1920210136
683KA31B.NS,NSE_EQ|IN1920210151
683MH31.NS,NSE_EQ|IN2220210131
683MH32.NS,NSE_EQ|IN2220210057
683MH32A.NS,NSE_EQ|IN2220210081
683MH32B.NS,NSE_EQ|IN2220210123
683MN40.NS,NSE_EQ|IN2320250011
683TN31.NS,NSE_EQ|IN3120210098
683TN31A.NS,NSE_EQ|IN3120210262
683WB28.NS,NSE_EQ|IN3420210053
683WB31.NS,NSE_EQ|IN3420200294
683WB31A.NS,NSE_EQ|IN3420210012
684AP37.NS,NSE_EQ|IN1020250032
684AP38.NS,NSE_EQ|IN1020250149
684AP39.NS,NSE_EQ|IN1020250156
684AR31.NS,NSE_EQ|IN1120210019
684BR30.NS,NSE_EQ|IN1320210124
684GA31.NS,NSE_EQ|IN1420200306
684GJ30.NS,NSE_EQ|IN1520200172
684GJ31.NS,NSE_EQ|IN1520200305
684GJ31A.NS,NSE_EQ|IN1520210106
684GJ31B.NS,NSE_EQ|IN1520250177
684HP35.NS,NSE_EQ|IN1720250019
684HR32.NS,NSE_EQ|IN1620210030
684JK31.NS,NSE_EQ|IN4920200164
684JK31A.NS,NSE_EQ|IN4920250094
684JK42.NS,NSE_EQ|IN4920250045
684KL30.NS,NSE_EQ|IN2020190228
684KL33.NS,NSE_EQ|IN2020210026
684KL47.NS,NSE_EQ|IN2020250030
684MH32.NS,NSE_EQ|IN2220210032
684MZ34.NS,NSE_EQ|IN2520200063
684PN31.NS,NSE_EQ|IN2820210085
684RJ30.NS,NSE_EQ|IN2920190443
684RJ31.NS,NSE_EQ|IN2920210100
684RJ31A.NS,NSE_EQ|IN2920210159
684RJ31B.NS,NSE_EQ|IN2920210399
684TN29.NS,NSE_EQ|IN3120250227
684TS40.NS,NSE_EQ|IN4520200168
684TS56.NS,NSE_EQ|IN4520250031
684UK31.NS,NSE_EQ|IN3620200086
684UP31.NS,NSE_EQ|IN3320210112
685AP36.NS,NSE_EQ|IN1020200359
685AP41.NS,NSE_EQ|IN1020250057
685AR31.NS,NSE_EQ|IN1120200044
685AS29.NS,NSE_EQ|IN1220210224
685AS31.NS,NSE_EQ|IN1220200365
685AS31A.NS,NSE_EQ|IN1220210075
685BR30.NS,NSE_EQ|IN1320210066
685GA31.NS,NSE_EQ|IN1420200264
685GA31A.NS,NSE_EQ|IN1420200298
685GA31B.NS,NSE_EQ|IN1420210107
685GA31C.NS,NSE_EQ|IN1420210149
685KA30.NS,NSE_EQ|IN1920200277
685ML31.NS,NSE_EQ|IN2420200130
685MP31.NS,NSE_EQ|IN2120210033
685NBRD29.NS,NSE_EQ|INE261F08EQ2
685NL31.NS,NSE_EQ|IN2620210012
685NL31A.NS,NSE_EQ|IN2620210020
685PFCL31.NS,NSE_EQ|INE134E07DQ8
685RJ30.NS,NSE_EQ|IN2920200408
685RJ31.NS,NSE_EQ|IN2920200622
685RJ47.NS,NSE_EQ|IN2920250031
685RJ51.NS,NSE_EQ|IN2920250049
685TN51.NS,NSE_EQ|IN3120200354
685TS50.NS,NSE_EQ|IN4520250106
685WB30.NS,NSE_EQ|IN3420200013
685WB30A.NS,NSE_EQ|IN3420200021
685WB31.NS,NSE_EQ|IN3420210129
686AP35.NS,NSE_EQ|IN1020210275
686AS35.NS,NSE_EQ|IN1220250063
686HP30.NS,NSE_EQ|IN1720210039
686JH36.NS,NSE_EQ|IN3720200077
686KA30.NS,NSE_EQ|IN1920200293
686KL35.NS,NSE_EQ|IN2020210141
686MH32.NS,NSE_EQ|IN2220210107
686NBFID30.NS,NSE_EQ|INE0KUG08100
686NHPCL31.NS,NSE_EQ|INE848E08367
686NHPCL32.NS,NSE_EQ|INE848E08359
686NHPCL33.NS,NSE_EQ|INE848E08342
686NHPCL34.NS,NSE_EQ|INE848E08284
686NHPCL35.NS,NSE_EQ|INE848E08292
686NHPCL36.NS,NSE_EQ|INE848E08300
686NHPCL37.NS,NSE_EQ|INE848E08318
686NHPCL38.NS,NSE_EQ|INE848E08326
686NHPCL39.NS,NSE_EQ|INE848E08334
686NHPCL40.NS,NSE_EQ|INE848E08276
686PN33.NS,NSE_EQ|IN2820200235
686PY34.NS,NSE_EQ|IN3820200084
686REC35.NS,NSE_EQ|INE020B08FT2
686RJ36.NS,NSE_EQ|IN2920210282
686RJ52.NS,NSE_EQ|IN2920250064
686TN29.NS,NSE_EQ|IN3120250557
686TS41.NS,NSE_EQ|IN4520200325
686TS46.NS,NSE_EQ|IN4520250080
686TS47.NS,NSE_EQ|IN4520250098
686UP30.NS,NSE_EQ|IN3320200030
686UP33.NS,NSE_EQ|IN3320250035
687AP33.NS,NSE_EQ|IN1020250230
687AP35.NS,NSE_EQ|IN1020200425
687AP37.NS,NSE_EQ|IN1020200573
687AP38.NS,NSE_EQ|IN1020200367
687AP40.NS,NSE_EQ|IN1020210283
687AS31.NS,NSE_EQ|IN1220210067
687AS31A.NS,NSE_EQ|IN1220210166
687BR30.NS,NSE_EQ|IN1320210074
687BR30A.NS,NSE_EQ|IN1320210108
687GJ28.NS,NSE_EQ|IN1520240285
687GJ28A.NS,NSE_EQ|IN1520240293
687HR31.NS,NSE_EQ|IN1620210105
687JH31.NS,NSE_EQ|IN3720210019
687KA31.NS,NSE_EQ|IN1920210102
687MH30.NS,NSE_EQ|IN2220200223
687MH33.NS,NSE_EQ|IN2220210024
687MH33A.NS,NSE_EQ|IN2220210065
687MN31.NS,NSE_EQ|IN2320210049
687REC30.NS,NSE_EQ|INE020B08FU0
687RJ31.NS,NSE_EQ|IN2920210266
687SK31.NS,NSE_EQ|IN3020210032
687TN28.NS,NSE_EQ|IN3120240749
687TS47.NS,NSE_EQ|IN4520250015
687TS55.NS,NSE_EQ|IN4520250023
687UP31.NS,NSE_EQ|IN3320210104
688AP34.NS,NSE_EQ|IN1020190535
688AP34A.NS,NSE_EQ|IN1020250248
688AP35.NS,NSE_EQ|IN1020190543
688AP40.NS,NSE_EQ|IN1020250040
688BR35.NS,NSE_EQ|IN1320250013
688GA31.NS,NSE_EQ|IN1420210099
688GJ31.NS,NSE_EQ|IN1520210031
688KA31.NS,NSE_EQ|IN1920210011
688KA32.NS,NSE_EQ|IN1920210144
688MH33.NS,NSE_EQ|IN2220210040
688ML35.NS,NSE_EQ|IN2420250010
688MN31.NS,NSE_EQ|IN2320200081
688MP41.NS,NSE_EQ|IN2120250039
688PN45.NS,NSE_EQ|IN2820250016
688PN45A.NS,NSE_EQ|IN2820250057
688PN46.NS,NSE_EQ|IN2820250024
688PY31.NS,NSE_EQ|IN3820190079
688RJ46.NS,NSE_EQ|IN2920200630
688UK30.NS,NSE_EQ|IN3620190121
688UP31.NS,NSE_EQ|IN3320200279
688UP31A.NS,NSE_EQ|IN3320210013
688WB40.NS,NSE_EQ|IN3420200146
689AP35.NS,NSE_EQ|IN1020200565
689BR28.NS,NSE_EQ|IN1320200141
689GA30.NS,NSE_EQ|IN1420200140
689GA31.NS,NSE_EQ|IN1420210032
689GA31A.NS,NSE_EQ|IN1420210123
689GA35.NS,NSE_EQ|IN1420250046
689GJ31.NS,NSE_EQ|IN1520210114
689KA33.NS,NSE_EQ|IN1920210169
689KL51.NS,NSE_EQ|IN2020250048
689MH31.NS,NSE_EQ|IN2220210156
689MH32.NS,NSE_EQ|IN2220210149
689MP35.NS,NSE_EQ|IN2120190177
689MP40.NS,NSE_EQ|IN2120200190
689NL30.NS,NSE_EQ|IN2620250042
689NTPC35.NS,NSE_EQ|INE733E08288
689OR28A.NS,NSE_EQ|IN2720240059
689PN31.NS,NSE_EQ|IN2820210069
689PN46.NS,NSE_EQ|IN2820250065
689RJ48.NS,NSE_EQ|IN2920250056
689TN28.NS,NSE_EQ|IN3120240681
689TS51.NS,NSE_EQ|IN4520210019
689UP31.NS,NSE_EQ|IN3320210096
689WB41.NS,NSE_EQ|IN3420200237
68AS30.NS,NSE_EQ|IN1220200050
68GS2060.NS,NSE_EQ|IN0020200187
68JK35.NS,NSE_EQ|IN4920200107
68KL31.NS,NSE_EQ|IN2020200308
68MH31.NS,NSE_EQ|IN2220210115
68MN30.NS,NSE_EQ|IN2320200024
68NL31.NS,NSE_EQ|IN2620210046
68PN26.NS,NSE_EQ|IN2820200052
68RJ31.NS,NSE_EQ|IN2920210126
68SK31.NS,NSE_EQ|IN3020210024
68TS50.NS,NSE_EQ|IN4520200200
68TS50A.NS,NSE_EQ|IN4520200218
68TS57.NS,NSE_EQ|IN4520250072
68UK31.NS,NSE_EQ|IN3620200094
690AP27.NS,NSE_EQ|IN1020200086
690BR35.NS,NSE_EQ|IN1320250021
690GS2065.NS,NSE_EQ|IN0020250018
690LICH27.NS,NSE_EQ|INE115A07RH4
690PFCL31.NS,NSE_EQ|INE134E07DR6
690UP30.NS,NSE_EQ|IN3320190256
691AP39.NS,NSE_EQ|IN1020200417
691AP40.NS,NSE_EQ|IN1020210044
691AS30.NS,NSE_EQ|IN1220200084
691AS31.NS,NSE_EQ|IN1220210083
691GJ30.NS,NSE_EQ|IN1520210049
691HP31.NS,NSE_EQ|IN1720210047
691MH33.NS,NSE_EQ|IN2220210248
691MH34.NS,NSE_EQ|IN2220210255
691MP40.NS,NSE_EQ|IN2120200182
691NL30.NS,NSE_EQ|IN2620200047
691RJ31.NS,NSE_EQ|IN2920210191
691RJ31A.NS,NSE_EQ|IN2920210258
691RJ31B.NS,NSE_EQ|IN2920210324
691TN31.NS,NSE_EQ|IN3120250755
691UP30.NS,NSE_EQ|IN3320190223
691UP30A.NS,NSE_EQ|IN3320200121
691WB31.NS,NSE_EQ|IN3420210194
692AP41.NS,NSE_EQ|IN1020210416
692AVTL28.NS,NSE_EQ|INE0INX07015
692BR32.NS,NSE_EQ|IN1320190227
692GS2039.NS,NSE_EQ|IN0020240134
692HP33.NS,NSE_EQ|IN1720210062
692HP45.NS,NSE_EQ|IN1720250043
692HR30.NS,NSE_EQ|IN1620210097
692HR36.NS,NSE_EQ|IN1620210014
692HR36A.NS,NSE_EQ|IN1620210055
692JH28.NS,NSE_EQ|IN3720240016
692MP43.NS,NSE_EQ|IN2120250047
692OIT28.NS,NSE_EQ|INE07Z507011
692PFCL28.NS,NSE_EQ|INE134E08OA7
692PN35.NS,NSE_EQ|IN2820190139
692RJ30.NS,NSE_EQ|IN2920200424
692RJ31.NS,NSE_EQ|IN2920210373
692TN29.NS,NSE_EQ|IN3120240756
692TN30.NS,NSE_EQ|IN3120250573
692TN45.NS,NSE_EQ|IN3120250086
692TN46.NS,NSE_EQ|IN3120210247
692TS44.NS,NSE_EQ|IN4520250114
692TS45.NS,NSE_EQ|IN4520250122
692UP31.NS,NSE_EQ|IN3320210120
692WB45.NS,NSE_EQ|IN3420250018
693AP38.NS,NSE_EQ|IN1020210291
693GJ31.NS,NSE_EQ|IN1520200263
693GJ31A.NS,NSE_EQ|IN1520210148
693HP31.NS,NSE_EQ|IN1720210013
693HP32.NS,NSE_EQ|IN1720210054
693JH30.NS,NSE_EQ|IN3720200010
693KA32.NS,NSE_EQ|IN1920210029
693OR28.NS,NSE_EQ|IN2720240141
693SK31.NS,NSE_EQ|IN3020200074
693TS37.NS,NSE_EQ|IN4520210159
693UP31.NS,NSE_EQ|IN3320210153
693UP31A.NS,NSE_EQ|IN3320210161
694AP37.NS,NSE_EQ|IN1020210051
694AP38.NS,NSE_EQ|IN1020210069
694AP41.NS,NSE_EQ|IN1020210309
694AS31.NS,NSE_EQ|IN1220210125
694CG29.NS,NSE_EQ|IN3520200137
694GA30.NS,NSE_EQ|IN1420190184
694JK36.NS,NSE_EQ|IN4920210098
694KL62.NS,NSE_EQ|IN2020250063
694MH31.NS,NSE_EQ|IN2220210172
694MP35.NS,NSE_EQ|IN2120190136
694PGCIL35.NS,NSE_EQ|INE752E08783
694RJ33.NS,NSE_EQ|IN2920210308
694RJ35.NS,NSE_EQ|IN2920250122
694TN50.NS,NSE_EQ|IN3120190266
694TN55.NS,NSE_EQ|IN3120250094
694TS50.NS,NSE_EQ|IN4520200176
694TS50A.NS,NSE_EQ|IN4520200184
694TS60.NS,NSE_EQ|IN4520190161
694UK31.NS,NSE_EQ|IN3620210010
694UP31.NS,NSE_EQ|IN3320200287
694UP31A.NS,NSE_EQ|IN3320210021
694WB36.NS,NSE_EQ|IN3420210202
695AS30.NS,NSE_EQ|IN1220190228
695BR30.NS,NSE_EQ|IN1320210082
695GJ31.NS,NSE_EQ|IN1520210056
695GS2061.NS,NSE_EQ|IN0020210202
695HP29.NS,NSE_EQ|IN1720190173
695HP33.NS,NSE_EQ|IN1720190132
695HP34.NS,NSE_EQ|IN1720190140
695HR33.NS,NSE_EQ|IN1620210048
695KA28.NS,NSE_EQ|IN1920240018
695KA31.NS,NSE_EQ|IN1920210052
695MH31.NS,NSE_EQ|IN2220210198
695MH32.NS,NSE_EQ|IN2220210164
695MN30.NS,NSE_EQ|IN2320190076
695MP30.NS,NSE_EQ|IN2120250310
695OR31.NS,NSE_EQ|IN2720250058
695PN31.NS,NSE_EQ|IN2820210028
695PN40.NS,NSE_EQ|IN2820200110
695RECL28.NS,NSE_EQ|INE020B08GB8
695RJ31.NS,NSE_EQ|IN2920200655
695SK30.NS,NSE_EQ|IN3020190044
695TN31.NS,NSE_EQ|IN3120200362
695TN31A.NS,NSE_EQ|IN3120210106
695TN31B.NS,NSE_EQ|IN3120210189
695WB35.NS,NSE_EQ|IN3420190206
696AP33.NS,NSE_EQ|IN1020250263
696AP34.NS,NSE_EQ|IN1020250271
696AP35.NS,NSE_EQ|IN1020210077
696AP36.NS,NSE_EQ|IN1020210085
696GA31.NS,NSE_EQ|IN1420210040
696HR29.NS,NSE_EQ|IN1620210147
696HR40.NS,NSE_EQ|IN1620190174
696JH29.NS,NSE_EQ|IN3720240024
696JK35.NS,NSE_EQ|IN4920200081
696KA30.NS,NSE_EQ|IN1920240315
696KA31.NS,NSE_EQ|IN1920210037
696KA31A.NS,NSE_EQ|IN1920210177
696KL34.NS,NSE_EQ|IN2020210034
696PFCL28.NS,NSE_EQ|INE134E08OC3
696PY30.NS,NSE_EQ|IN3820210059
696RJ31.NS,NSE_EQ|IN2920210357
696RJ41.NS,NSE_EQ|IN2920200663
696TN28.NS,NSE_EQ|IN3120240400
696TN31.NS,NSE_EQ|IN3120210221
696TN51.NS,NSE_EQ|IN3120210023
696TN56.NS,NSE_EQ|IN3120210031
696TS45.NS,NSE_EQ|IN4520210191
696TS51.NS,NSE_EQ|IN4520210027
696UP31.NS,NSE_EQ|IN3320210179
697AS31.NS,NSE_EQ|IN1220210034
697AS31A.NS,NSE_EQ|IN1220210174
697GA31.NS,NSE_EQ|IN1420210081
697GR2034.NS,NSE_EQ|IN0020240100
697GS2026.NS,NSE_EQ|IN0020160035
697KA28.NS,NSE_EQ|IN1920190189
697KA30.NS,NSE_EQ|IN1920190197
697KA31.NS,NSE_EQ|IN1920200285
697KL31.NS,NSE_EQ|IN2020210109
697MH28.NS,NSE_EQ|IN2220190127
697NL31.NS,NSE_EQ|IN2620210038
697PN31.NS,NSE_EQ|IN2820210044
697PN40.NS,NSE_EQ|IN2820190147
697RJ30.NS,NSE_EQ|IN2920190401
697RJ31.NS,NSE_EQ|IN2920210217
697RJ51.NS,NSE_EQ|IN2920200671
697RJ51A.NS,NSE_EQ|IN2920200713
697TN28.NS,NSE_EQ|IN3120240434
697TN31.NS,NSE_EQ|IN3120210122
697TN31A.NS,NSE_EQ|IN3120210148
697TN31B.NS,NSE_EQ|IN3120210171
697TN31C.NS,NSE_EQ|IN3120210213
697TN46.NS,NSE_EQ|IN3120210056
697UK35.NS,NSE_EQ|IN3620250032
697UP31.NS,NSE_EQ|IN3320210070
697UP31A.NS,NSE_EQ|IN3320210138
697WB36.NS,NSE_EQ|IN3420200245
698AP36.NS,NSE_EQ|IN1020210267
698AS31.NS,NSE_EQ|IN1220200266
698AS31A.NS,NSE_EQ|IN1220210042
698BR30.NS,NSE_EQ|IN1320210090
698GA31.NS,NSE_EQ|IN1420210156
698GJ30.NS,NSE_EQ|IN1520240251
698GJ31.NS,NSE_EQ|IN1520210080
698GJ31A.NS,NSE_EQ|IN1520250292
698GJ32.NS,NSE_EQ|IN1520250185
698GR2054.NS,NSE_EQ|IN0020240175
698HP32.NS,NSE_EQ|IN1720210021
698HR31.NS,NSE_EQ|IN1620210089
698HR41.NS,NSE_EQ|IN1620200148
698JK36.NS,NSE_EQ|IN4920210072
698MH28.NS,NSE_EQ|IN2220190135
698MH37.NS,NSE_EQ|IN2220250095
698MP30.NS,NSE_EQ|IN2120190128
698OR29.NS,NSE_EQ|IN2720240174
698OR37.NS,NSE_EQ|IN2720250025
698PGCIL35.NS,NSE_EQ|INE752E08791
698PN33.NS,NSE_EQ|IN2820210093
698PY33.NS,NSE_EQ|IN3820200092
698RJ31.NS,NSE_EQ|IN2920210332
698RJ31A.NS,NSE_EQ|IN2920210365
698SHFL28.NS,NSE_EQ|INE667F07JF4
698TN31.NS,NSE_EQ|IN3120210114
698TN31A.NS,NSE_EQ|IN3120210155
698TR30.NS,NSE_EQ|IN3220190059
698TS28.NS,NSE_EQ|IN4520200044
698TS41.NS,NSE_EQ|IN4520210035
698UP31.NS,NSE_EQ|IN3320210088
698WB35.NS,NSE_EQ|IN3420190222
698WB36.NS,NSE_EQ|IN3420210137
698WB37.NS,NSE_EQ|IN3420210186
699AR30.NS,NSE_EQ|IN1120190039
699AS31.NS,NSE_EQ|IN1220210109
699GA30.NS,NSE_EQ|IN1420190176
699GA31.NS,NSE_EQ|IN1420210057
699GA31A.NS,NSE_EQ|IN1420210065
699GA31B.NS,NSE_EQ|IN1420210073
699GJ26.NS,NSE_EQ|IN1520190233
699GS2026.NS,NSE_EQ|IN0020230028
699GS2051.NS,NSE_EQ|IN0020210194
699HP31.NS,NSE_EQ|IN1720250092
699HR31.NS,NSE_EQ|IN1620210113
699JH30.NS,NSE_EQ|IN3720190047
699JK31.NS,NSE_EQ|IN4920200149
699KA28.NS,NSE_EQ|IN1920200681
699KL36.NS,NSE_EQ|IN2020210158
699MH29.NS,NSE_EQ|IN2220210289
699MN30.NS,NSE_EQ|IN2320190050
699MP41.NS,NSE_EQ|IN2120210041
699PY29.NS,NSE_EQ|IN3820210083
699RJ41.NS,NSE_EQ|IN2920200705
699SFL27.NS,NSE_EQ|INE660A07RY4
699TN31.NS,NSE_EQ|IN3120240764
699TN32.NS,NSE_EQ|IN3120250334
699TN41.NS,NSE_EQ|IN3120210049
699TR36.NS,NSE_EQ|IN3220210014
699TS28.NS,NSE_EQ|IN4520200093
699TS43.NS,NSE_EQ|IN4520210183
699UP31.NS,NSE_EQ|IN3320210039
699UP31A.NS,NSE_EQ|IN3320210054
699UP31B.NS,NSE_EQ|IN3320210146
699WB30.NS,NSE_EQ|IN3420210079
699WB31.NS,NSE_EQ|IN3420210103
699WB35.NS,NSE_EQ|IN3420200138
699WB36.NS,NSE_EQ|IN3420200302
699WB36A.NS,NSE_EQ|IN3420210145
69AP32.NS,NSE_EQ|IN1020200557
69AP39.NS,NSE_EQ|IN1020210036
69AS30.NS,NSE_EQ|IN1220190194
69AS30A.NS,NSE_EQ|IN1220200068
69GA30.NS,NSE_EQ|IN1420190168
69GA30A.NS,NSE_EQ|IN1420200157
69GJ30.NS,NSE_EQ|IN1520200354
69HP30.NS,NSE_EQ|IN1720200048
69JK33.NS,NSE_EQ|IN4920210023
69KA27.NS,NSE_EQ|IN1920240026
69KA30.NS,NSE_EQ|IN1920190171
69KA31.NS,NSE_EQ|IN1920210086
69MH30.NS,NSE_EQ|IN2220250426
69ML30.NS,NSE_EQ|IN2420200049
69MN30.NS,NSE_EQ|IN2320190043
69MZ33.NS,NSE_EQ|IN2520210013
69PY28.NS,NSE_EQ|IN3820210075
69PY29.NS,NSE_EQ|IN3820200027
69RJ29.NS,NSE_EQ|IN2920250353
69RJ32.NS,NSE_EQ|IN2920210167
69TN31.NS,NSE_EQ|IN3120210205
69UK30.NS,NSE_EQ|IN3620190105
69UK30A.NS,NSE_EQ|IN3620200045
69UP30.NS,NSE_EQ|IN3320200113
700AP37.NS,NSE_EQ|IN1020250222
700ML35.NS,NSE_EQ|IN2420250036
700TN29.NS,NSE_EQ|IN3120240319
701AP39.NS,NSE_EQ|IN1020210127
701BR37.NS,NSE_EQ|IN1320250039
701GJ31.NS,NSE_EQ|IN1520240111
701GJ31A.NS,NSE_EQ|IN1520250136
701MH32.NS,NSE_EQ|IN2220210180
701MN31.NS,NSE_EQ|IN2320210031
701NBRD29.NS,NSE_EQ|INE261F08ES8
701NGEL35.NS,NSE_EQ|INE0ONG08016
701TN32.NS,NSE_EQ|IN3120250375
701TN35.NS,NSE_EQ|IN3120240772
701UP31.NS,NSE_EQ|IN3320210047
702AP30.NS,NSE_EQ|IN1020190493
702AP36.NS,NSE_EQ|IN1020210358
702AP37.NS,NSE_EQ|IN1020210366
702AP41.NS,NSE_EQ|IN1020210259
702AS30.NS,NSE_EQ|IN1220190202
702AS30A.NS,NSE_EQ|IN1220240221
702AS35.NS,NSE_EQ|IN1220250089
702BR30.NS,NSE_EQ|IN1320190219
702BR30A.NS,NSE_EQ|IN1320250096
702GJ31.NS,NSE_EQ|IN1520250284
702GJ31A.NS,NSE_EQ|IN1520240228
702GJ33.NS,NSE_EQ|IN1520240301
702GJ33A.NS,NSE_EQ|IN1520250110
702GS2027.NS,NSE_EQ|IN0020240043
702GS2031.NS,NSE_EQ|IN0020240076
702HP36.NS,NSE_EQ|IN1720200162
702HR29.NS,NSE_EQ|IN1620200163
702KA31.NS,NSE_EQ|IN1920210193
702KA33.NS,NSE_EQ|IN1920210185
702KL28.NS,NSE_EQ|IN2020200266
702MH29.NS,NSE_EQ|IN2220200363
702ML41.NS,NSE_EQ|IN2420210048
702MP30.NS,NSE_EQ|IN2120250286
702MP35.NS,NSE_EQ|IN2120240287
702OIT40.NS,NSE_EQ|INE07Z507029
702PGCIL35.NS,NSE_EQ|INE752E08809
702PN28.NS,NSE_EQ|IN2820200219
702RECL40.NS,NSE_EQ|INE020B08FS4
702TN29.NS,NSE_EQ|IN3120240343
702TN29A.NS,NSE_EQ|IN3120240699
702TN30.NS,NSE_EQ|IN3120210346
702TN31.NS,NSE_EQ|IN3120210288
702UP31.NS,NSE_EQ|IN3320210062
702UP32.NS,NSE_EQ|IN3320250084
702WB31.NS,NSE_EQ|IN3420210061
703AP40.NS,NSE_EQ|IN1020200409
703AS31.NS,NSE_EQ|IN1220210190
703CG30.NS,NSE_EQ|IN3520240026
703GJ32.NS,NSE_EQ|IN1520250326
703GJ35.NS,NSE_EQ|IN1520240178
703HP31.NS,NSE_EQ|IN1720210070
703HR35.NS,NSE_EQ|IN1620240342
703HR39.NS,NSE_EQ|IN1620250077
703HR40.NS,NSE_EQ|IN1620190166
703KA32.NS,NSE_EQ|IN1920210045
703KA33.NS,NSE_EQ|IN1920240331
703KL30.NS,NSE_EQ|IN2020190202
703MH38.NS,NSE_EQ|IN2220250103
703MN31.NS,NSE_EQ|IN2320210064
703MP31.NS,NSE_EQ|IN2120200240
703NBFID30.NS,NSE_EQ|INE0KUG08076
703NL30.NS,NSE_EQ|IN2620190057
703OR31.NS,NSE_EQ|IN2720240026
703PY28.NS,NSE_EQ|IN3820190061
703RJ30.NS,NSE_EQ|IN2920190393
703RJ31.NS,NSE_EQ|IN2920210415
703RJ36.NS,NSE_EQ|IN2920200697
703TN29.NS,NSE_EQ|IN3120240277
703TN29A.NS,NSE_EQ|IN3120240459
703TN30.NS,NSE_EQ|IN3120210361
703TN46.NS,NSE_EQ|IN3120210064
703TN51.NS,NSE_EQ|IN3120210072
703TS51.NS,NSE_EQ|IN4520210068
703UP30.NS,NSE_EQ|IN3320190231
704AP33.NS,NSE_EQ|IN1020240777
704AP34.NS,NSE_EQ|IN1020210317
704AP40.NS,NSE_EQ|IN1020210093
704AP41.NS,NSE_EQ|IN1020210101
704GJ30.NS,NSE_EQ|IN1520190217
704GJ32.NS,NSE_EQ|IN1520240087
704GJ33.NS,NSE_EQ|IN1520240095
704GS2029.NS,NSE_EQ|IN0020240050
704HR37.NS,NSE_EQ|IN1620240359
704HR40.NS,NSE_EQ|IN1620250093
704IRFC28.NS,NSE_EQ|INE053F07595
704JK36.NS,NSE_EQ|IN4920210031
704KA32.NS,NSE_EQ|IN1920240323
704KL34.NS,NSE_EQ|IN2020210125
704MH29.NS,NSE_EQ|IN2220200355
704MH40.NS,NSE_EQ|IN2220250129
704ML30.NS,NSE_EQ|IN2420190067
704MP30.NS,NSE_EQ|IN2120190144
704MZ30.NS,NSE_EQ|IN2520200014
704MZ33.NS,NSE_EQ|IN2520200097
704NBFID35.NS,NSE_EQ|INE0KUG08084
704REC28.NS,NSE_EQ|INE020B07GZ9
704RJ30.NS,NSE_EQ|IN2920190427
704RJ32.NS,NSE_EQ|IN2920240511
704RJ36.NS,NSE_EQ|IN2920210175
704SIDBI29.NS,NSE_EQ|INE556F08LB2
704TN30.NS,NSE_EQ|IN3120210296
704TN30A.NS,NSE_EQ|IN3120210320
704TN30B.NS,NSE_EQ|IN3120240707
704TS32.NS,NSE_EQ|IN4520210209
704TS51.NS,NSE_EQ|IN4520210050
704UK30.NS,NSE_EQ|IN3620190097
704UP30.NS,NSE_EQ|IN3320190249
704UP31.NS,NSE_EQ|IN3320210187
704WB35.NS,NSE_EQ|IN3420200112
705AP31.NS,NSE_EQ|IN1020190485
705AP35.NS,NSE_EQ|IN1020210234
705AP39.NS,NSE_EQ|IN1020250198
705AS30.NS,NSE_EQ|IN1220190210
705AS31.NS,NSE_EQ|IN1220240098
705GJ28.NS,NSE_EQ|IN1520240020
705GJ29.NS,NSE_EQ|IN1520240079
705GJ31.NS,NSE_EQ|IN1520240053
705GJ32.NS,NSE_EQ|IN1520240129
705GJ34.NS,NSE_EQ|IN1520240160
705HP35.NS,NSE_EQ|IN1720200154
705HR38.NS,NSE_EQ|IN1620250085
705HR40.NS,NSE_EQ|IN1620200106
705JCL27.NS,NSE_EQ|INE282H07034
705JH30.NS,NSE_EQ|IN3720190039
705KL30.NS,NSE_EQ|IN2020190210
705KL36.NS,NSE_EQ|IN2020210166
705MH32.NS,NSE_EQ|IN2220200231
705MN30.NS,NSE_EQ|IN2320190068
705MP32.NS,NSE_EQ|IN2120240279
705MZ29.NS,NSE_EQ|IN2520210062
705MZ35.NS,NSE_EQ|IN2520200048
705NL30.NS,NSE_EQ|IN2620190065
705NL31.NS,NSE_EQ|IN2620200070
705OR35.NS,NSE_EQ|IN2720240208
705PFCL41.NS,NSE_EQ|INE134E07DS4
705PN31.NS,NSE_EQ|IN2820200193
705RJ31.NS,NSE_EQ|IN2920200689
705RJ37.NS,NSE_EQ|IN2920240537
705RJ41.NS,NSE_EQ|IN2920210118
705SFL27.NS,NSE_EQ|INE660A07RZ1
705SFL28.NS,NSE_EQ|INE660A07SA2
705SFL28A.NS,NSE_EQ|INE660A07SB0
705TN26.NS,NSE_EQ|IN3120190191
705TN31.NS,NSE_EQ|IN3120250276
705TS35.NS,NSE_EQ|IN4520210134
705TS41.NS,NSE_EQ|IN4520210043
705UK29.NS,NSE_EQ|IN3620240033
705UK31.NS,NSE_EQ|IN3620210036
705UK32.NS,NSE_EQ|IN3620240108
705WB30.NS,NSE_EQ|IN3420190214
705WB31.NS,NSE_EQ|IN3420200252
705WB36.NS,NSE_EQ|IN3420210152
705WB36A.NS,NSE_EQ|IN3420210210
706AP30.NS,NSE_EQ|IN1020190501
706CG29.NS,NSE_EQ|IN3520200129
706GJ29.NS,NSE_EQ|IN1520240038
706GJ30.NS,NSE_EQ|IN1520240269
706GJ32.NS,NSE_EQ|IN1520210197
706GJ33.NS,NSE_EQ|IN1520250151
706GJ34.NS,NSE_EQ|IN1520240137
706GS2028.NS,NSE_EQ|IN0020230010
706GS2046.NS,NSE_EQ|IN0020160068
706HR39.NS,NSE_EQ|IN1620250119
706JK33.NS,NSE_EQ|IN4920210080
706KL38.NS,NSE_EQ|IN2020210067
706KL39.NS,NSE_EQ|IN2020210133
706KL41.NS,NSE_EQ|IN2020210075
706KL55.NS,NSE_EQ|IN2020240338
706MZ34.NS,NSE_EQ|IN2520210047
706OR31A.NS,NSE_EQ|IN2720240067
706RECL35.NS,NSE_EQ|INE020B08GA0
706RJ35.NS,NSE_EQ|IN2920240529
706RJ38.NS,NSE_EQ|IN2920250130
706TCHE28.NS,NSE_EQ|INE092A08089
706TN29.NS,NSE_EQ|IN3120240236
706TN29A.NS,NSE_EQ|IN3120240251
706TS41.NS,NSE_EQ|IN4520210076
706UK30.NS,NSE_EQ|IN3620190113
706UK30A.NS,NSE_EQ|IN3620240041
706UK32.NS,NSE_EQ|IN3620250057
706WB36.NS,NSE_EQ|IN3420210038
707AP34.NS,NSE_EQ|IN1020240694
707AP36.NS,NSE_EQ|IN1020240793
707AS31.NS,NSE_EQ|IN1220200282
707GJ30.NS,NSE_EQ|IN1520250243
707GJ31.NS,NSE_EQ|IN1520200271
707GJ32.NS,NSE_EQ|IN1520240202
707GJ32A.NS,NSE_EQ|IN1520250144
707GJ33.NS,NSE_EQ|IN1520250193
707GJ34.NS,NSE_EQ|IN1520240194
707GJ34A.NS,NSE_EQ|IN1520250169
707HR37.NS,NSE_EQ|IN1620210063
707JK30.NS,NSE_EQ|IN1820190164
707KA29.NS,NSE_EQ|IN1920240109
707LICH30.NS,NSE_EQ|INE115A07RG6
707MH32.NS,NSE_EQ|IN2220240302
707MH33.NS,NSE_EQ|IN2220250368
707MP32.NS,NSE_EQ|IN2120200174
707RJ46.NS,NSE_EQ|IN2920210134
707TN38.NS,NSE_EQ|IN3120210270
707TN55.NS,NSE_EQ|IN3120250177
707TS52.NS,NSE_EQ|IN4520240578
707TS55.NS,NSE_EQ|IN4520240586
707WB37.NS,NSE_EQ|IN3420250067
70826LTF28.NS,NSE_EQ|INE498L07186
708AP35.NS,NSE_EQ|IN1020210374
708AP35A.NS,NSE_EQ|IN1020240702
708AP37.NS,NSE_EQ|IN1020240801
708AP40.NS,NSE_EQ|IN1020210382
708AP40A.NS,NSE_EQ|IN1020250206
708CG29.NS,NSE_EQ|IN3520200111
708CG30.NS,NSE_EQ|IN3520190064
708GJ31.NS,NSE_EQ|IN1520200289
708GJ33.NS,NSE_EQ|IN1520240061
708GJ33B.NS,NSE_EQ|IN1520240236
708GJ34.NS,NSE_EQ|IN1520240210
708HP34.NS,NSE_EQ|IN1720240093
708HR39.NS,NSE_EQ|IN1620240367
708IIFCL35.NS,NSE_EQ|INE787H08204
708JCL28.NS,NSE_EQ|INE282H07026
708JK36.NS,NSE_EQ|IN4920210064
708JK46.NS,NSE_EQ|IN4920240186
708JK46A.NS,NSE_EQ|IN4920250060
708JK55.NS,NSE_EQ|IN4920240236
708KA31.NS,NSE_EQ|IN1920190205
708KA31A.NS,NSE_EQ|IN1920240232
708KA34.NS,NSE_EQ|IN1920200301
708KA34A.NS,NSE_EQ|IN1920210060
708KA34B.NS,NSE_EQ|IN1920240067
708KL31.NS,NSE_EQ|IN2020240205
708KL40.NS,NSE_EQ|IN2020240312
708MH31.NS,NSE_EQ|IN2220200348
708MH39.NS,NSE_EQ|IN2220250111
708MP29.NS,NSE_EQ|IN2120210066
708MZ39.NS,NSE_EQ|IN2520250019
708OR33.NS,NSE_EQ|IN2720250090
708PFCL35.NS,NSE_EQ|INE134E08NY9
708PGC34.NS,NSE_EQ|INE752E08767
708PN34.NS,NSE_EQ|IN2820240249
708PY26.NS,NSE_EQ|IN3820190038
708RJ30.NS,NSE_EQ|IN2920190450
708RJ34.NS,NSE_EQ|IN2920240370
708TFSIL27.NS,NSE_EQ|INE692Q07621
708TML28.NS,NSE_EQ|INE155A08480
708TML28A.NS,NSE_EQ|INE155A08472
708TN30.NS,NSE_EQ|IN3120240608
708TN34.NS,NSE_EQ|IN3120240418
708TS42.NS,NSE_EQ|IN4520210175
708TS49.NS,NSE_EQ|IN4520240479
708TS56.NS,NSE_EQ|IN4520250148
708TS57.NS,NSE_EQ|IN4520250155
708UP31.NS,NSE_EQ|IN3320200295
708UP32.NS,NSE_EQ|IN3320240010
708UP38.NS,NSE_EQ|IN3320240044
708WB41.NS,NSE_EQ|IN3420210160
709AP35.NS,NSE_EQ|IN1020240785
709AP39.NS,NSE_EQ|IN1020210325
709AS32.NS,NSE_EQ|IN1220210232
709GJ32.NS,NSE_EQ|IN1520210205
709GS2054.NS,NSE_EQ|IN0020240118
709GS2074.NS,NSE_EQ|IN0020240142
709HR29.NS,NSE_EQ|IN1620210196
709HR37.NS,NSE_EQ|IN1620240227
709HR40.NS,NSE_EQ|IN1620240375
709IRFC34.NS,NSE_EQ|INE053F08445
709KA30.NS,NSE_EQ|IN1920190213
709KA30A.NS,NSE_EQ|IN1920240117
709KA35.NS,NSE_EQ|IN1920240075
709KL36.NS,NSE_EQ|IN2020210059
709KL52.NS,NSE_EQ|IN2020250071
709MP30.NS,NSE_EQ|IN2120190110
709PY31.NS,NSE_EQ|IN3820250022
709PY34.NS,NSE_EQ|IN3820240031
709PY40.NS,NSE_EQ|IN3820250014
709RJ32.NS,NSE_EQ|IN2920210498
709RJ35.NS,NSE_EQ|IN2920240321
709RJ43.NS,NSE_EQ|IN2920250106
709RL39.NS,NSE_EQ|INE020B08FK1
709TN30.NS,NSE_EQ|IN3120210437
709TN30A.NS,NSE_EQ|IN3120240657
709TN32.NS,NSE_EQ|IN3120250441
709TN35.NS,NSE_EQ|IN3120240541
709TN35A.NS,NSE_EQ|IN3120250201
709TN55.NS,NSE_EQ|IN3120250144
709TS34.NS,NSE_EQ|IN4520210126
709TS40.NS,NSE_EQ|IN4520210167
709TS58.NS,NSE_EQ|IN4520250163
709TS59.NS,NSE_EQ|IN4520250171
709TS60.NS,NSE_EQ|IN4520250189
709TS60A.NS,NSE_EQ|IN4520250247
709TS61.NS,NSE_EQ|IN4520250197
709TS63.NS,NSE_EQ|IN4520250254
709UP30.NS,NSE_EQ|IN3320190215
709WB40.NS,NSE_EQ|IN3420200120
70AP38.NS,NSE_EQ|IN1020210119
70AP38A.NS,NSE_EQ|IN1020210390
70AP39.NS,NSE_EQ|IN1020200383
70AP39A.NS,NSE_EQ|IN1020210242
70AP39B.NS,NSE_EQ|IN1020210408
70CG29.NS,NSE_EQ|IN3520240018
70GA31.NS,NSE_EQ|IN1420210131
70GA31A.NS,NSE_EQ|IN1420210164
70JH33.NS,NSE_EQ|IN3720210027
70JK33.NS,NSE_EQ|IN4920210106
70KA30.NS,NSE_EQ|IN1920240034
70MH28.NS,NSE_EQ|IN2220190119
70MN31.NS,NSE_EQ|IN2320210023
70MN31A.NS,NSE_EQ|IN2320210056
70MN31B.NS,NSE_EQ|IN2320210072
70MP31.NS,NSE_EQ|IN2120210017
70MZ34.NS,NSE_EQ|IN2520210039
70NL31.NS,NSE_EQ|IN2620210053
70NL31A.NS,NSE_EQ|IN2620210061
70OR30.NS,NSE_EQ|IN2720240034
70RJ31.NS,NSE_EQ|IN2920210233
70TN29.NS,NSE_EQ|IN3120240640
70TN31.NS,NSE_EQ|IN3120210163
70TN31A.NS,NSE_EQ|IN3120250235
70TS36.NS,NSE_EQ|IN4520210142
70TS51.NS,NSE_EQ|IN4520200333
70UK31.NS,NSE_EQ|IN3620210028
70UP30.NS,NSE_EQ|IN3320200022
70WB31.NS,NSE_EQ|IN3420210087
70WB31A.NS,NSE_EQ|IN3420210178
710AP34.NS,NSE_EQ|IN1020240629
710BOB33.NS,NSE_EQ|INE028A08380
710GJ30.NS,NSE_EQ|IN1520190209
710GR2028.NS,NSE_EQ|IN0020220136
710GS2029.NS,NSE_EQ|IN0020220011
710JK44.NS,NSE_EQ|IN4920240178
710JK49.NS,NSE_EQ|IN4920240194
710KA32.NS,NSE_EQ|IN1920240174
710KA33.NS,NSE_EQ|IN1920240182
710KA35.NS,NSE_EQ|IN1920240083
710KL42.NS,NSE_EQ|IN2020240221
710NBRD29.NS,NSE_EQ|INE261F08ET6
710PFCL35.NS,NSE_EQ|INE134E08NF8
710PFCL36.NS,NSE_EQ|INE134E07DN5
710PFCL40.NS,NSE_EQ|INE134E08NX1
710RECL35.NS,NSE_EQ|INE020B08FM7
710RJ46.NS,NSE_EQ|IN2920240404
710RJ50.NS,NSE_EQ|IN2920240420
710RJ51.NS,NSE_EQ|IN2920240438
710TN34.NS,NSE_EQ|IN3120240426
710TN54.NS,NSE_EQ|IN3120240442
710TS44.NS,NSE_EQ|IN4520240388
710TS45.NS,NSE_EQ|IN4520240396
710TS46.NS,NSE_EQ|IN4520240404
710TS47.NS,NSE_EQ|IN4520240412
710TS50.NS,NSE_EQ|IN4520240487
710TS57.NS,NSE_EQ|IN4520250239
710UK30.NS,NSE_EQ|IN3620190139
710UP30.NS,NSE_EQ|IN3320190264
710UP32.NS,NSE_EQ|IN3320240028
711AP38.NS,NSE_EQ|IN1020240520
711AP38A.NS,NSE_EQ|IN1020240637
711AP38B.NS,NSE_EQ|IN1020240710
711AP39.NS,NSE_EQ|IN1020240645
711AR44.NS,NSE_EQ|IN1120240024
711AS30.NS,NSE_EQ|IN1220190186
711AS45.NS,NSE_EQ|IN1220240155
711BR33.NS,NSE_EQ|IN1320240055
711BR33A.NS,NSE_EQ|IN1320240071
711BR33B.NS,NSE_EQ|IN1320240097
711BR45.NS,NSE_EQ|IN1320240246
711CG30.NS,NSE_EQ|IN3520190072
711GJ31.NS,NSE_EQ|IN1520200297
711GJ33.NS,NSE_EQ|IN1520240103
711HP28.NS,NSE_EQ|IN1720190116
711HP30.NS,NSE_EQ|IN1720190124
711HP34.NS,NSE_EQ|IN1720240119
711JK55.NS,NSE_EQ|IN4920240210
711KA33.NS,NSE_EQ|IN1920240240
711KA35.NS,NSE_EQ|IN1920240125
711KA35A.NS,NSE_EQ|IN1920240224
711MH29.NS,NSE_EQ|IN2220220015
711MH36.NS,NSE_EQ|IN2220240310
711MH38.NS,NSE_EQ|IN2220240369
711ML33.NS,NSE_EQ|IN2420240078
711MP30.NS,NSE_EQ|IN2120190185
711MZ30.NS,NSE_EQ|IN2520190058
711OR37.NS,NSE_EQ|IN2720240042
711PFCL40.NS,NSE_EQ|INE134E08NG6
711PN44.NS,NSE_EQ|IN2820240223
711RJ34.NS,NSE_EQ|IN2920240388
711SDIL30.NS,NSE_EQ|INE507T07187
711TN34.NS,NSE_EQ|IN3120240368
711TN34A.NS,NSE_EQ|IN3120240467
711TN45.NS,NSE_EQ|IN3120240525
711TN55.NS,NSE_EQ|IN3120240483
711TS45.NS,NSE_EQ|IN4520240347
711TS47.NS,NSE_EQ|IN4520240461
711TS55.NS,NSE_EQ|IN4520240453
711UK30.NS,NSE_EQ|IN3620190089
711WB44.NS,NSE_EQ|IN3420250075
711WB47.NS,NSE_EQ|IN3420250026
7123TCHF27.NS,NSE_EQ|INE033L07IO1
712AP35.NS,NSE_EQ|IN1020210192
712AP37.NS,NSE_EQ|IN1020210168
712AS32.NS,NSE_EQ|IN1220210208
712AS32A.NS,NSE_EQ|IN1220210240
712AS34.NS,NSE_EQ|IN1220240122
712BR33.NS,NSE_EQ|IN1320240063
712BR34.NS,NSE_EQ|IN1320240154
712BR37.NS,NSE_EQ|IN1320240238
712BR37A.NS,NSE_EQ|IN1320240253
712EXIM30.NS,NSE_EQ|INE514E08GF5
712GA34.NS,NSE_EQ|IN1420240054
712GA34A.NS,NSE_EQ|IN1420240070
712GA35.NS,NSE_EQ|IN1420240062
712GA36.NS,NSE_EQ|IN1420250053
712GJ32.NS,NSE_EQ|IN1520210213
712GJ35.NS,NSE_EQ|IN1520240152
712GJ37A.NS,NSE_EQ|IN1520240244
712HP36.NS,NSE_EQ|IN1720240127
712HR36.NS,NSE_EQ|IN1620240177
712HR36A.NS,NSE_EQ|IN1620240185
712HR37.NS,NSE_EQ|IN1620240201
712HR40.NS,NSE_EQ|IN1620190182
712HR41.NS,NSE_EQ|IN1620250101
712INBK34.NS,NSE_EQ|INE562A08107
712JK37.NS,NSE_EQ|IN4920210130
712KA33.NS,NSE_EQ|IN1920240059
712KA34.NS,NSE_EQ|IN1920210201
712KA36.NS,NSE_EQ|IN1920240133
712KA37.NS,NSE_EQ|IN1920210375
712KL35.NS,NSE_EQ|IN2020240213
712LTFL27.NS,NSE_EQ|INE498L07160
712LTFL28.NS,NSE_EQ|INE498L07178
712MH36.NS,NSE_EQ|IN2220240278
712MH36A.NS,NSE_EQ|IN2220240401
712MH38.NS,NSE_EQ|IN2220240328
712MH38A.NS,NSE_EQ|IN2220240427
712MH43.NS,NSE_EQ|IN2220240336
712MH47.NS,NSE_EQ|IN2220250186
712ML34.NS,NSE_EQ|IN2420240060
712MN40.NS,NSE_EQ|IN2320240079
712MP35.NS,NSE_EQ|IN2120190151
712MP36.NS,NSE_EQ|IN2120240055
712MP47.NS,NSE_EQ|IN2120240147
712MPL28.NS,NSE_EQ|INE082G08012
712MZ34.NS,NSE_EQ|IN2520210021
712OIT40.NS,NSE_EQ|INE07Z507037
712PGCIL34.NS,NSE_EQ|INE752E08775
712PN36.NS,NSE_EQ|IN2820240256
712PN37.NS,NSE_EQ|IN2820210150
712PN45.NS,NSE_EQ|IN2820240272
712RJ39.NS,NSE_EQ|IN2920240396
712SHFL30.NS,NSE_EQ|INE667F07JE7
712TACA28.NS,NSE_EQ|INE976I07DB5
712TN30.NS,NSE_EQ|IN3120210395
712TN32.NS,NSE_EQ|IN3120250722
712TN34.NS,NSE_EQ|IN3120240301
712TN34A.NS,NSE_EQ|IN3120240350
712TN55.NS,NSE_EQ|IN3120240517
712TS39.NS,NSE_EQ|IN4520240321
712TS51.NS,NSE_EQ|IN4520240420
712TS54.NS,NSE_EQ|IN4520240446
712UP32.NS,NSE_EQ|IN3320210195
712UP33.NS,NSE_EQ|IN3320250043
712UP33A.NS,NSE_EQ|IN3320250050
712UP33B.NS,NSE_EQ|IN3320250100
712WB36.NS,NSE_EQ|IN3420210228
712WB51.NS,NSE_EQ|IN3420210111
713AP36.NS,NSE_EQ|IN1020210150
713AP36A.NS,NSE_EQ|IN1020210333
713AP39.NS,NSE_EQ|IN1020210531
713AP40.NS,NSE_EQ|IN1020210507
713AP41.NS,NSE_EQ|IN1020210515
713AS31.NS,NSE_EQ|IN1220250097
713AS34.NS,NSE_EQ|IN1220240080
713AS34A.NS,NSE_EQ|IN1220240114
713AS39.NS,NSE_EQ|IN1220240106
713BR32.NS,NSE_EQ|IN1320210140
713BR34.NS,NSE_EQ|IN1320240113
713BR34A.NS,NSE_EQ|IN1320240121
713BR34B.NS,NSE_EQ|IN1320240147
713GA34.NS,NSE_EQ|IN1420240088
713HP39.NS,NSE_EQ|IN1720240101
713HR32.NS,NSE_EQ|IN1620210139
713HR36.NS,NSE_EQ|IN1620240169
713HR36A.NS,NSE_EQ|IN1620240193
713HR42.NS,NSE_EQ|IN1620210154
713JK34.NS,NSE_EQ|IN4920210122
713KA34A.NS,NSE_EQ|IN1920240257
713KA38.NS,NSE_EQ|IN1920210383
713KA39.NS,NSE_EQ|IN1920210391
713KA41.NS,NSE_EQ|IN1920240216
713KL46.NS,NSE_EQ|IN2020210083
713KL58.NS,NSE_EQ|IN2020250089
713MH37.NS,NSE_EQ|IN2220240286
713MH37A.NS,NSE_EQ|IN2220240351
713MH37B.NS,NSE_EQ|IN2220240419
713MH43.NS,NSE_EQ|IN2220240294
713MH48.NS,NSE_EQ|IN2220250194
713MZ39.NS,NSE_EQ|IN2520240085
713PN50.NS,NSE_EQ|IN2820250073
713RJ29.NS,NSE_EQ|IN2920210555
713RJ31.NS,NSE_EQ|IN2920200788
713RJ34.NS,NSE_EQ|IN2920240339
713RJ35.NS,NSE_EQ|IN2920240412
713RJ39.NS,NSE_EQ|IN2920240297
713RJ41.NS,NSE_EQ|IN2920210209
713RJ46.NS,NSE_EQ|IN2920240313
713TN30.NS,NSE_EQ|IN3120210460
713TN34.NS,NSE_EQ|IN3120240327
713TN47.NS,NSE_EQ|IN3120210338
713TS34.NS,NSE_EQ|IN4520210274
713TS36.NS,NSE_EQ|IN4520240313
713TS37.NS,NSE_EQ|IN4520210266
713TS39.NS,NSE_EQ|IN4520240370
713TS49.NS,NSE_EQ|IN4520240438
713TS55.NS,NSE_EQ|IN4520250221
713UK32.NS,NSE_EQ|IN3620240066
713WB40.NS,NSE_EQ|IN3420240159
713WB42.NS,NSE_EQ|IN3420240209
713WB44.NS,NSE_EQ|IN3420240217
714AP33.NS,NSE_EQ|IN1020250347
714AP34.NS,NSE_EQ|IN1020190477
714AP34A.NS,NSE_EQ|IN1020240603
714AP35.NS,NSE_EQ|IN1020210424
714AP36.NS,NSE_EQ|IN1020210200
714AP37.NS,NSE_EQ|IN1020210218
714AP40.NS,NSE_EQ|IN1020210432
714AP41.NS,NSE_EQ|IN1020210226
714AP41A.NS,NSE_EQ|IN1020210341
714AP41B.NS,NSE_EQ|IN1020210440
714AP44.NS,NSE_EQ|IN1020240538
714AP48.NS,NSE_EQ|IN1020240546
714BR30.NS,NSE_EQ|IN1320190201
714BR33.NS,NSE_EQ|IN1320240089
714BR37.NS,NSE_EQ|IN1320240279
714BR45.NS,NSE_EQ|IN1320240220
714CG32.NS,NSE_EQ|IN3520240091
714CG33.NS,NSE_EQ|IN3520240034
714EXIM29.NS,NSE_EQ|INE514E08GD0
714GA30.NS,NSE_EQ|IN1420190150
714HP33.NS,NSE_EQ|IN1720210088
714HR31.NS,NSE_EQ|IN1620200171
714HR38.NS,NSE_EQ|IN1620240276
714HR38A.NS,NSE_EQ|IN1620240284
714HR38B.NS,NSE_EQ|IN1620240292
714JK36.NS,NSE_EQ|IN4920210114
714JK40.NS,NSE_EQ|IN4920250078
714JK51.NS,NSE_EQ|IN4920240202
714KA29.NS,NSE_EQ|IN1920190114
714KA29A.NS,NSE_EQ|IN1920190130
714KA32.NS,NSE_EQ|IN1920210243
714KL35.NS,NSE_EQ|IN2020210174
714KL45.NS,NSE_EQ|IN2020240247
714KL47.NS,NSE_EQ|IN2020240163
714MH29.NS,NSE_EQ|IN2220190093
714MH39.NS,NSE_EQ|IN2220240435
714MH43.NS,NSE_EQ|IN2220240377
714MH45.NS,NSE_EQ|IN2220250160
714MH46.NS,NSE_EQ|IN2220250178
714MP32.NS,NSE_EQ|IN2120240246
714MP41.NS,NSE_EQ|IN2120250054
714MP43.NS,NSE_EQ|IN2120240063
714MP45.NS,NSE_EQ|IN2120240121
714MZ33.NS,NSE_EQ|IN2520250068
714MZ40.NS,NSE_EQ|IN2520250027
714NHB34.NS,NSE_EQ|INE557F08GA2
714NL30.NS,NSE_EQ|IN2620250026
714NL30A.NS,NSE_EQ|IN2620250034
714NPC39.NS,NSE_EQ|INE206D08519
714PN32.NS,NSE_EQ|IN2820210135
714PN36.NS,NSE_EQ|IN2820210127
714PN49.NS,NSE_EQ|IN2820240215
714PY30.NS,NSE_EQ|IN3820250048
714PY31A.NS,NSE_EQ|IN3820240056
714PY35.NS,NSE_EQ|IN3820240049
714RJ30.NS,NSE_EQ|IN2920190385
714RJ32.NS,NSE_EQ|IN2920210423
714RJ37A.NS,NSE_EQ|IN2920240446
714SDIL32.NS,NSE_EQ|INE507T07179
714SECIL35.NS,NSE_EQ|INE054008011
714SK30.NS,NSE_EQ|IN3020200017
714SK34.NS,NSE_EQ|IN3020240013
714TFSIL28.NS,NSE_EQ|INE692Q07639
714TN32.NS,NSE_EQ|IN3120210379
714TN34.NS,NSE_EQ|IN3120240384
714TN34A.NS,NSE_EQ|IN3120250425
714TN35.NS,NSE_EQ|IN3120250342
714TN35A.NS,NSE_EQ|IN3120250359
714TN44.NS,NSE_EQ|IN3120240475
714TS33.NS,NSE_EQ|IN4520210217
714TS41.NS,NSE_EQ|IN4520210118
714TS42.NS,NSE_EQ|IN4520240339
714TS49.NS,NSE_EQ|IN4520250205
714TS55.NS,NSE_EQ|IN4520250213
714UK32.NS,NSE_EQ|IN3620240074
714UP30.NS,NSE_EQ|IN3320190207
714WB32.NS,NSE_EQ|IN3420210236
715AP31.NS,NSE_EQ|IN1020190519
715AP32.NS,NSE_EQ|IN1020190527
715AP36.NS,NSE_EQ|IN1020190451
715AP37.NS,NSE_EQ|IN1020210176
715AP39.NS,NSE_EQ|IN1020240553
715AP42.NS,NSE_EQ|IN1020240587
715AP47.NS,NSE_EQ|IN1020240595
715AS35.NS,NSE_EQ|IN1220240148
715AS35B.NS,NSE_EQ|IN1220240171
715BR34.NS,NSE_EQ|IN1320240105
715BR34A.NS,NSE_EQ|IN1320240162
715BR35.NS,NSE_EQ|IN1320240170
715BR37.NS,NSE_EQ|IN1320240212
715BR37B.NS,NSE_EQ|IN1320240295
715BR40.NS,NSE_EQ|IN1320240188
715GA30.NS,NSE_EQ|IN1420190192
715GA32.NS,NSE_EQ|IN1420210180
715HP50.NS,NSE_EQ|IN1720250050
715HR28.NS,NSE_EQ|IN1620220013
715HR38.NS,NSE_EQ|IN1620240250
715HR40.NS,NSE_EQ|IN1620250127
715IRFC34.NS,NSE_EQ|INE053F08452
715IRFC39.NS,NSE_EQ|INE053F08437
715JK32.NS,NSE_EQ|IN4920200099
715KA31.NS,NSE_EQ|IN1920250132
715KA36.NS,NSE_EQ|IN1920240091
715KA38.NS,NSE_EQ|IN1920240208
715KA42.NS,NSE_EQ|IN1920240158
715KA43.NS,NSE_EQ|IN1920240166
715KL39.NS,NSE_EQ|IN2020240189
715KL40.NS,NSE_EQ|IN2020240197
715MH45.NS,NSE_EQ|IN2220250137
715MH46.NS,NSE_EQ|IN2220250145
715MH47.NS,NSE_EQ|IN2220250152
715MH49.NS,NSE_EQ|IN2220250202
715MN39.NS,NSE_EQ|IN2320240046
715MN39A.NS,NSE_EQ|IN2320240053
715MP35.NS,NSE_EQ|IN2120240071
715MP43.NS,NSE_EQ|IN2120240089
715MP43A.NS,NSE_EQ|IN2120250062
715MZ39.NS,NSE_EQ|IN2520240069
715MZ40.NS,NSE_EQ|IN2520240077
715NBFID35.NS,NSE_EQ|INE0KUG08068
715NBFID40.NS,NSE_EQ|INE0KUG08118
715NL34.NS,NSE_EQ|IN2620240027
715OR38.NS,NSE_EQ|IN2720240018
715PN44.NS,NSE_EQ|IN2820240207
715PY39A.NS,NSE_EQ|IN3820240064
715RJ30.NS,NSE_EQ|IN2920190328
715RJ31.NS,NSE_EQ|IN2920200739
715RJ31A.NS,NSE_EQ|IN2920200796
715RJ35.NS,NSE_EQ|IN2920240503
715RJ42.NS,NSE_EQ|IN2920240305
715RJ53.NS,NSE_EQ|IN2920250148
715SHFL28.NS,NSE_EQ|INE667F07JB3
715SHFL30.NS,NSE_EQ|INE667F07JC1
715TN27.NS,NSE_EQ|IN3120190209
715TN32.NS,NSE_EQ|IN3120250284
715TN33.NS,NSE_EQ|IN3120240715
715TN35.NS,NSE_EQ|IN3120240509
715UK30.NS,NSE_EQ|IN3620240058
715UP32.NS,NSE_EQ|IN3320210203
715UP35.NS,NSE_EQ|IN3320250068
715UP37.NS,NSE_EQ|IN3320240069
715UP37A.NS,NSE_EQ|IN3320240135
715WB35.NS,NSE_EQ|IN3420190180
715WB40.NS,NSE_EQ|IN3420240183
715WB44.NS,NSE_EQ|IN3420240100
715WB44A.NS,NSE_EQ|IN3420240126
715WB45.NS,NSE_EQ|IN3420240118
715WB52.NS,NSE_EQ|IN3420250059
716AP40.NS,NSE_EQ|IN1020240728
716AP47.NS,NSE_EQ|IN1020240579
716AR44.NS,NSE_EQ|IN1120240016
716AS40.NS,NSE_EQ|IN1220240163
716CG33.NS,NSE_EQ|IN3520240109
716CG34.NS,NSE_EQ|IN3520240117
716GA31.NS,NSE_EQ|IN1420200280
716GJ31.NS,NSE_EQ|IN1520250250
716GS2050.NS,NSE_EQ|IN0020200054
716HR27.NS,NSE_EQ|IN1620230046
716HR37.NS,NSE_EQ|IN1620240235
716HR38A.NS,NSE_EQ|IN1620240300
716JK49.NS,NSE_EQ|IN4920240160
716KA30.NS,NSE_EQ|IN1920190148
716KA31.NS,NSE_EQ|IN1920250074
716KA32.NS,NSE_EQ|IN1920240273
716KA36.NS,NSE_EQ|IN1920210367
716KA36B.NS,NSE_EQ|IN1920240265
716KA40.NS,NSE_EQ|IN1920240141
716KL30.NS,NSE_EQ|IN2020190194
716KL38.NS,NSE_EQ|IN2020240254
716MH50.NS,NSE_EQ|IN2220250210
716MH55.NS,NSE_EQ|IN2220250236
716ML31.NS,NSE_EQ|IN2420200122
716MP37A.NS,NSE_EQ|IN2120240154
716MP40A.NS,NSE_EQ|IN2120240162
716MP44.NS,NSE_EQ|IN2120240105
716MZ35.NS,NSE_EQ|IN2520240101
716OR50.NS,NSE_EQ|IN2720250041
716PFCL40.NS,NSE_EQ|INE134E08NI2
716PY40A.NS,NSE_EQ|IN3820240072
716RJ34.NS,NSE_EQ|IN2920240354
716RJ35.NS,NSE_EQ|IN2920250288
716RJ45.NS,NSE_EQ|IN2920240347
716TN32.NS,NSE_EQ|IN3120250490
716TN35.NS,NSE_EQ|IN3120250409
716TN54.NS,NSE_EQ|IN3120240335
716TN54A.NS,NSE_EQ|IN3120240392
716TS47.NS,NSE_EQ|IN4520240354
716TS49.NS,NSE_EQ|IN4520240362
716UP29.NS,NSE_EQ|IN3320190165
716UP31.NS,NSE_EQ|IN3320200337
716UP39.NS,NSE_EQ|IN3320240051
716UP39B.NS,NSE_EQ|IN3320240077
716WB39.NS,NSE_EQ|IN3420240167
716WB42.NS,NSE_EQ|IN3420240191
717AP32.NS,NSE_EQ|IN1020240686
717AP37.NS,NSE_EQ|IN1020240652
717AP38.NS,NSE_EQ|IN1020240660
717AP39.NS,NSE_EQ|IN1020240678
717AP43.NS,NSE_EQ|IN1020240561
717AS31.NS,NSE_EQ|IN1220200332
717BR30.NS,NSE_EQ|IN1320190169
717BR30A.NS,NSE_EQ|IN1320190193
717BR32.NS,NSE_EQ|IN1320210157
717CG30.NS,NSE_EQ|IN3520190049
717GA35.NS,NSE_EQ|IN1420240096
717GA35A.NS,NSE_EQ|IN1420250061
717GJ30.NS,NSE_EQ|IN1520190183
717GJ30A.NS,NSE_EQ|IN1520190191
717GJ32.NS,NSE_EQ|IN1520250276
717GJ34.NS,NSE_EQ|IN1520250201
717GS2028.NS,NSE_EQ|IN0020170174
717GS2030.NS,NSE_EQ|IN0020230036
717HP30.NS,NSE_EQ|IN1720190082
717HR29.NS,NSE_EQ|IN1620190141
717HR30.NS,NSE_EQ|IN1620190158
717IRFC35.NS,NSE_EQ|INE053F08486
717KA29.NS,NSE_EQ|IN1920190106
717KA30.NS,NSE_EQ|IN1920190155
717KL32.NS,NSE_EQ|IN2020210182
717KL38.NS,NSE_EQ|IN2020240296
717KL51.NS,NSE_EQ|IN2020250105
717MH37.NS,NSE_EQ|IN2220240443
717MH54.NS,NSE_EQ|IN2220250228
717ML31.NS,NSE_EQ|IN2420200114
717MP29.NS,NSE_EQ|IN2120190060
717MP31.NS,NSE_EQ|IN2120240212
717MP35.NS,NSE_EQ|IN2120190094
717MP38.NS,NSE_EQ|IN2120240139
717MP41.NS,NSE_EQ|IN2120240113
717OR30.NS,NSE_EQ|IN2720240158
717OR40.NS,NSE_EQ|IN2720240182
717PN30.NS,NSE_EQ|IN2820190105
717PN30A.NS,NSE_EQ|IN2820190121
717PN44.NS,NSE_EQ|IN2820240231
717RJ30.NS,NSE_EQ|IN2920190336
717RJ32.NS,NSE_EQ|IN2920210514
717RJ35.NS,NSE_EQ|IN2920240453
717RJ52.NS,NSE_EQ|IN2920250155
717SHFL30.NS,NSE_EQ|INE667F07JD9
717SIHF28.NS,NSE_EQ|INE213W07335
717TCHFL30.NS,NSE_EQ|INE033L07IP8
717TN29.NS,NSE_EQ|IN3120190217
717TN30.NS,NSE_EQ|IN3120210502
717TN33.NS,NSE_EQ|IN3120240574
717TN45.NS,NSE_EQ|IN3120240558
717TR30.NS,NSE_EQ|IN3220190042
717TS41.NS,NSE_EQ|IN4520210100
717UK29.NS,NSE_EQ|IN3620190063
717UK32.NS,NSE_EQ|IN3620240090
717UP31.NS,NSE_EQ|IN3320200329
717UP33.NS,NSE_EQ|IN3320240127
717UP39.NS,NSE_EQ|IN3320240143
717WB32.NS,NSE_EQ|IN3420210269
717WB42.NS,NSE_EQ|IN3420240175
718AP28.NS,NSE_EQ|IN1020190386
718AP33.NS,NSE_EQ|IN1020190469
718AP40.NS,NSE_EQ|IN1020210465
718AP40A.NS,NSE_EQ|IN1020240611
718AS29.NS,NSE_EQ|IN1220190129
718AS30.NS,NSE_EQ|IN1220190160
718BR30.NS,NSE_EQ|IN1320190185
718BR34.NS,NSE_EQ|IN1320240139
718BR45.NS,NSE_EQ|IN1320240287
718BR45B.NS,NSE_EQ|IN1320240303
718CG27.NS,NSE_EQ|IN3520190031
718CG30.NS,NSE_EQ|IN3520190056
718GJ28.NS,NSE_EQ|IN1520230039
718GJ30.NS,NSE_EQ|IN1520190175
718GS2033.NS,NSE_EQ|IN0020230085
718GS2037.NS,NSE_EQ|IN0020230077
718HP32.NS,NSE_EQ|IN1720190108
718HR38.NS,NSE_EQ|IN1620240243
718HR41.NS,NSE_EQ|IN1620200155
718JK45.NS,NSE_EQ|IN4920240244
718JK45A.NS,NSE_EQ|IN4920250086
718KA33.NS,NSE_EQ|IN1920210227
718KL29.NS,NSE_EQ|IN2020190178
718KL50.NS,NSE_EQ|IN2020240262
718KL50A.NS,NSE_EQ|IN2020240304
718MH30.NS,NSE_EQ|IN2220220023
718MH33.NS,NSE_EQ|IN2220250293
718MH38.NS,NSE_EQ|IN2220240450
718MH39.NS,NSE_EQ|IN2220240468
718MN31.NS,NSE_EQ|IN2320200099
718MP30.NS,NSE_EQ|IN2120190086
718MP46.NS,NSE_EQ|IN2120240253
718MP48A.NS,NSE_EQ|IN2120240170
718MP49.NS,NSE_EQ|IN2120240261
718MZ40.NS,NSE_EQ|IN2520240119
718OR46.NS,NSE_EQ|IN2720240190
718RJ29.NS,NSE_EQ|IN2920190294
718RJ30.NS,NSE_EQ|IN2920190369
718RJ38.NS,NSE_EQ|IN2920240362
718SFL28.NS,NSE_EQ|INE660A07RX6
718SK31.NS,NSE_EQ|IN3020200066
718TN33.NS,NSE_EQ|IN3120250458
718TN35.NS,NSE_EQ|IN3120240665
718TN36.NS,NSE_EQ|IN3120240582
718TN45.NS,NSE_EQ|IN3120240723
718TN55.NS,NSE_EQ|IN3120240533
718TN55A.NS,NSE_EQ|IN3120240566
718TN55B.NS,NSE_EQ|IN3120240731
718TS33.NS,NSE_EQ|IN4520210225
718TS47.NS,NSE_EQ|IN4520240503
718TS49.NS,NSE_EQ|IN4520240511
718TS51.NS,NSE_EQ|IN4520210084
718UP30.NS,NSE_EQ|IN3320190173
718UP30A.NS,NSE_EQ|IN3320190199
718UP35.NS,NSE_EQ|IN3320250118
718WB35.NS,NSE_EQ|IN3420190164
718WB39.NS,NSE_EQ|IN3420240134
718WB41.NS,NSE_EQ|IN3420240142
718WB45.NS,NSE_EQ|IN3420240266
718WB46.NS,NSE_EQ|IN3420240274
718WB47.NS,NSE_EQ|IN3420240282
719AP34.NS,NSE_EQ|IN1020190444
719AP38.NS,NSE_EQ|IN1020210184
719AS34.NS,NSE_EQ|IN1220240130
719BR45.NS,NSE_EQ|IN1320240261
719CG35.NS,NSE_EQ|IN3520240059
719CG35A.NS,NSE_EQ|IN3520250025
719GJ33.NS,NSE_EQ|IN1520250219
719GS2060.NS,NSE_EQ|IN0020200039
719HR37.NS,NSE_EQ|IN1620240219
719HUDCO28.NS,NSE_EQ|INE031A07881
719JCL28.NS,NSE_EQ|INE282H07018
719JK29.NS,NSE_EQ|IN1820190123
719KA32.NS,NSE_EQ|IN1920250017
719KA32A.NS,NSE_EQ|IN1920250173
719KA39.NS,NSE_EQ|IN1920200699
719KA40.NS,NSE_EQ|IN1920200707
719KL51.NS,NSE_EQ|IN2020210117
719LT34.NS,NSE_EQ|INE018A08BL4
719MH40.NS,NSE_EQ|IN2220240476
719ML41.NS,NSE_EQ|IN2420210022
719MP38.NS,NSE_EQ|IN2120240097
719MP40.NS,NSE_EQ|IN2120190169
719OR35.NS,NSE_EQ|IN2720240075
719OR40.NS,NSE_EQ|IN2720240083
719PN37.NS,NSE_EQ|IN2820210143
719PN40.NS,NSE_EQ|IN2820250099
719PN45.NS,NSE_EQ|IN2820240280
719PN49.NS,NSE_EQ|IN2820250081
719RJ35.NS,NSE_EQ|IN2920240487
719SK31.NS,NSE_EQ|IN3020200058
719TN30.NS,NSE_EQ|IN3120190225
719TN32.NS,NSE_EQ|IN3120210445
719TN32A.NS,NSE_EQ|IN3120240269
719TN33.NS,NSE_EQ|IN3120250292
719TN34.NS,NSE_EQ|IN3120240228
719TN35.NS,NSE_EQ|IN3120190258
719TN42.NS,NSE_EQ|IN3120210387
719TS44.NS,NSE_EQ|IN4520250262
719TS46.NS,NSE_EQ|IN4520240495
719TS49.NS,NSE_EQ|IN4520250296
719UP29.NS,NSE_EQ|IN3320190132
719UP31.NS,NSE_EQ|IN3320200311
719UP36.NS,NSE_EQ|IN3320240036
719WB29.NS,NSE_EQ|IN3420190131
719WB36.NS,NSE_EQ|IN3420200286
71ABHFL27.NS,NSE_EQ|INE831R07607
71AP37.NS,NSE_EQ|IN1020200391
71AS45.NS,NSE_EQ|IN1220240239
71GS2034.NS,NSE_EQ|IN0020240019
71HP40.NS,NSE_EQ|IN1720240143
71HR33.NS,NSE_EQ|IN1620250200
71JK30.NS,NSE_EQ|IN1820190156
71JK33.NS,NSE_EQ|IN4920210049
71JK33A.NS,NSE_EQ|IN4920210056
71KA32.NS,NSE_EQ|IN1920210219
71KA32A.NS,NSE_EQ|IN1920240042
71KL34.NS,NSE_EQ|IN2020240171
71KL43.NS,NSE_EQ|IN2020240320
71KL45.NS,NSE_EQ|IN2020250097
71MH32.NS,NSE_EQ|IN2220200207
71MH32A.NS,NSE_EQ|IN2220240344
71MH33.NS,NSE_EQ|IN2220240260
71MH36.NS,NSE_EQ|IN2220210206
71MN40.NS,NSE_EQ|IN2320250037
71NL35.NS,NSE_EQ|IN2620240043
71PN45.NS,NSE_EQ|IN2820240298
71RJ34.NS,NSE_EQ|IN2920240289
71RJ43.NS,NSE_EQ|IN2920240545
71SK35.NS,NSE_EQ|IN3020240039
71TN32.NS,NSE_EQ|IN3120210353
71TN32A.NS,NSE_EQ|IN3120240376
71TN34.NS,NSE_EQ|IN3120240293
71TS55.NS,NSE_EQ|IN4520250130
71WB30.NS,NSE_EQ|IN3420190198
71WB45.NS,NSE_EQ|IN3420240290
71WB46.NS,NSE_EQ|IN3420240308
71WB47.NS,NSE_EQ|IN3420240316
71WB50.NS,NSE_EQ|IN3420250034
71WB51.NS,NSE_EQ|IN3420250042
72092LTF27.NS,NSE_EQ|INE498L07137
720AR30.NS,NSE_EQ|IN1120190047
720AS30.NS,NSE_EQ|IN1220190236
720CL30.NS,NSE_EQ|INE482A08033
720LT35.NS,NSE_EQ|INE018A08BM2
720MH34.NS,NSE_EQ|IN2220240187
720ML30.NS,NSE_EQ|IN2420190075
720MZ30.NS,NSE_EQ|IN2520190066
720NHB31.NS,NSE_EQ|INE557F08GB0
720NHPC35.NS,NSE_EQ|INE848E08268
720PFCL36.NS,NSE_EQ|INE134E07DO3
720PFCL41.NS,NSE_EQ|INE134E07DT2
720RECL35.NS,NSE_EQ|INE020B08FN5
72190LTFL2.NS,NSE_EQ|INE498L07194
721AP31.NS,NSE_EQ|IN1020190378
721BR33.NS,NSE_EQ|IN1320240048
721GJ35.NS,NSE_EQ|IN1520240277
721KA32.NS,NSE_EQ|IN1920210326
721MH35.NS,NSE_EQ|IN2220240146
721MP34.NS,NSE_EQ|IN2120190078
721PY28.NS,NSE_EQ|IN3820190046
721RJ32.NS,NSE_EQ|IN2920210472
721SK35.NS,NSE_EQ|IN3020250038
721TN32.NS,NSE_EQ|IN3120240616
721TN32A.NS,NSE_EQ|IN3120250623
721TN34.NS,NSE_EQ|IN3120240210
721TR29.NS,NSE_EQ|IN3220190034
721TS47.NS,NSE_EQ|IN4520250270
721TS48.NS,NSE_EQ|IN4520250288
722AP28.NS,NSE_EQ|IN1020190303
722AP30.NS,NSE_EQ|IN1020190345
722AP31.NS,NSE_EQ|IN1020190352
722AP31A.NS,NSE_EQ|IN1020190311
722AP34.NS,NSE_EQ|IN1020240744
722AP35.NS,NSE_EQ|IN1020240751
722AP37.NS,NSE_EQ|IN1020200581
722AP42.NS,NSE_EQ|IN1020210473
722AS29.NS,NSE_EQ|IN1220190103
722AS30.NS,NSE_EQ|IN1220190152
722BR35.NS,NSE_EQ|IN1320240196
722BR40.NS,NSE_EQ|IN1320240204
722BR40A.NS,NSE_EQ|IN1320250047
722GA29.NS,NSE_EQ|IN1420190127
722GJ28.NS,NSE_EQ|IN1520230047
722GJ35.NS,NSE_EQ|IN1520240145
722HP39.NS,NSE_EQ|IN1720240085
722HPCL29.NS,NSE_EQ|INE094A08168
722HR38.NS,NSE_EQ|IN1620240268
722HR38A.NS,NSE_EQ|IN1620240318
722JK32.NS,NSE_EQ|IN4920240251
722KA32.NS,NSE_EQ|IN1920240299
722KA35.NS,NSE_EQ|IN1920210235
722KA35A.NS,NSE_EQ|IN1920240307
722KA36.NS,NSE_EQ|IN1920240190
722KA38.NS,NSE_EQ|IN1920200590
722KA38A.NS,NSE_EQ|IN1920200640
722KL59.NS,NSE_EQ|IN2020240130
722MH34.NS,NSE_EQ|IN2220240104
722MH45.NS,NSE_EQ|IN2220240161
722MH49.NS,NSE_EQ|IN2220240211
722MH50.NS,NSE_EQ|IN2220240179
722MP42.NS,NSE_EQ|IN2120240220
722MP43.NS,NSE_EQ|IN2120250096
722MP45.NS,NSE_EQ|IN2120240048
722MP48.NS,NSE_EQ|IN2120250112
722OR36.NS,NSE_EQ|IN2720240117
722PFCL39.NS,NSE_EQ|INE134E08NE1
722PN32.NS,NSE_EQ|IN2820190113
722RJ32.NS,NSE_EQ|IN2920210522
722RJ34.NS,NSE_EQ|IN2920240248
722RJ35.NS,NSE_EQ|IN2920240479
722RJ41.NS,NSE_EQ|IN2920200721
722SIDBI29.NS,NSE_EQ|INE556F08LC0
722TFSI28.NS,NSE_EQ|INE692Q07613
722TN32.NS,NSE_EQ|IN3120250581
722TN33.NS,NSE_EQ|IN3120240624
722TN35.NS,NSE_EQ|IN3120240491
722TN54.NS,NSE_EQ|IN3120240244
722TN54A.NS,NSE_EQ|IN3120240285
722TS38.NS,NSE_EQ|IN4520240305
722UCL34.NS,NSE_EQ|INE481G08107
722UP30.NS,NSE_EQ|IN3320190181
723AP34.NS,NSE_EQ|IN1020240488
723AP46.NS,NSE_EQ|IN1020240470
723BOB35.NS,NSE_EQ|INE028A08372
723BOI35.NS,NSE_EQ|INE084A08235
723DMEDL34.NS,NSE_EQ|INE0J7Q07256
723GA32.NS,NSE_EQ|IN1420210172
723GA34.NS,NSE_EQ|IN1420240039
723GJ27.NS,NSE_EQ|IN1520240012
723GS2039.NS,NSE_EQ|IN0020240027
723HR39.NS,NSE_EQ|IN1620240334
723JK51.NS,NSE_EQ|IN4920240145
723JK54.NS,NSE_EQ|IN4920240152
723KA28.NS,NSE_EQ|IN1920190098
723KL45.NS,NSE_EQ|IN2020240155
723LTFL28.NS,NSE_EQ|INE498L07145
723MH35.NS,NSE_EQ|IN2220240229
723MH40.NS,NSE_EQ|IN2220240153
723MH41.NS,NSE_EQ|IN2220240385
723MN32.NS,NSE_EQ|IN2320210080
723MP42.NS,NSE_EQ|IN2120250070
723MP47.NS,NSE_EQ|IN2120240238
723MZ38.NS,NSE_EQ|IN2520240051
723MZ40.NS,NSE_EQ|IN2520240093
723OR47.NS,NSE_EQ|IN2720240166
723PN31.NS,NSE_EQ|IN2820200201
723PN37.NS,NSE_EQ|IN2820240264
723RJ33.NS,NSE_EQ|IN2920240230
723RJ35.NS,NSE_EQ|IN2920250247
723RJ38.NS,NSE_EQ|IN2920240495
723RJ46.NS,NSE_EQ|IN2920240263
723SBI39.NS,NSE_EQ|INE062A08470
723SK35.NS,NSE_EQ|IN3020250020
723TN32.NS,NSE_EQ|IN3120210478
723TN33.NS,NSE_EQ|IN3120250763
723TN34.NS,NSE_EQ|IN3120240202
723TN35.NS,NSE_EQ|IN3120250508
723TN55.NS,NSE_EQ|IN3120240673
723TS49.NS,NSE_EQ|IN4520240545
723TS52.NS,NSE_EQ|IN4520240552
723TS53.NS,NSE_EQ|IN4520240560
723UK32.NS,NSE_EQ|IN3620240082
723WB30.NS,NSE_EQ|IN3420190172
723WB32.NS,NSE_EQ|IN3420210244
723WB41.NS,NSE_EQ|IN3420200260
723WB49.NS,NSE_EQ|IN3420240084
724AP33.NS,NSE_EQ|IN1020190428
724AP35.NS,NSE_EQ|IN1020190436
724AP36.NS,NSE_EQ|IN1020240454
724AP38.NS,NSE_EQ|IN1020210457
724AR45.NS,NSE_EQ|IN1120240032
724AS30.NS,NSE_EQ|IN1220190178
724AS31.NS,NSE_EQ|IN1220200308
724AS45.NS,NSE_EQ|IN1220240213
724BR31.NS,NSE_EQ|IN1320250070
724BR32.NS,NSE_EQ|IN1320210132
724BR33.NS,NSE_EQ|IN1320240022
724BR37.NS,NSE_EQ|IN1320240311
724CANF28.NS,NSE_EQ|INE477A07431
724GJ29.NS,NSE_EQ|IN1520190142
724GJ33.NS,NSE_EQ|IN1520250300
724GR2033.NS,NSE_EQ|IN0020230150
724GS2055.NS,NSE_EQ|IN0020250075
724HR29.NS,NSE_EQ|IN1620190190
724HR36.NS,NSE_EQ|IN1620240128
724HR36A.NS,NSE_EQ|IN1620240144
724INBK34.NS,NSE_EQ|INE562A08099
724JK36.NS,NSE_EQ|IN4920200156
724KA37.NS,NSE_EQ|IN1920200657
724KA38.NS,NSE_EQ|IN1920200665
724KL40.NS,NSE_EQ|IN2020240148
724KL41.NS,NSE_EQ|IN2020250113
724KL43.NS,NSE_EQ|IN2020240288
724KL44.NS,NSE_EQ|IN2020240239
724MH34.NS,NSE_EQ|IN2220250301
724MH39.NS,NSE_EQ|IN2220240195
724MH40.NS,NSE_EQ|IN2220240237
724MH44.NS,NSE_EQ|IN2220240393
724MP45.NS,NSE_EQ|IN2120250104
724OR32.NS,NSE_EQ|IN2720250116
724PFCL31.NS,NSE_EQ|INE134E08NZ6
724PFCL35.NS,NSE_EQ|INE134E08NJ0
724RJ31.NS,NSE_EQ|IN2920250361
724RJ32.NS,NSE_EQ|IN2920210456
724RJ32A.NS,NSE_EQ|IN2920210480
724RJ32B.NS,NSE_EQ|IN2920210530
724RJ34.NS,NSE_EQ|IN2920240271
724RJ35.NS,NSE_EQ|IN2920250320
724RJ36.NS,NSE_EQ|IN2920200747
724RJ36A.NS,NSE_EQ|IN2920250312
724SFL28.NS,NSE_EQ|INE660A07SC8
724SK32.NS,NSE_EQ|IN3020210057
724TFSIL27.NS,NSE_EQ|INE692Q07589
724TN30.NS,NSE_EQ|IN3120240178
724TN32.NS,NSE_EQ|IN3120210304
724TN51.NS,NSE_EQ|IN3120210130
724TS51.NS,NSE_EQ|IN4520210092
724UP32.NS,NSE_EQ|IN3320210211
724UP33.NS,NSE_EQ|IN3320250142
724UP36.NS,NSE_EQ|IN3320250092
724UP40.NS,NSE_EQ|IN3320240119
724WB42.NS,NSE_EQ|IN3420240076
725AP37.NS,NSE_EQ|IN1020240496
725AP44.NS,NSE_EQ|IN1020240504
725AP47.NS,NSE_EQ|IN1020240512
725AS44.NS,NSE_EQ|IN1220240072
725BACL28.NS,NSE_EQ|INE18UV07012
725BR33.NS,NSE_EQ|IN1320240030
725GA35.NS,NSE_EQ|IN1420240047
725GA36.NS,NSE_EQ|IN1420250129
725GJ32.NS,NSE_EQ|IN1520210221
725GJ34.NS,NSE_EQ|IN1520250128
725GR2028.NS,NSE_EQ|IN0020230143
725GS2063.NS,NSE_EQ|IN0020230044
725HP33.NS,NSE_EQ|IN1720240069
725HR32.NS,NSE_EQ|IN1620210170
725HR36.NS,NSE_EQ|IN1620240151
725HR39.NS,NSE_EQ|IN1620240136
725IOCL30.NS,NSE_EQ|INE242A08569
725IRFC34.NS,NSE_EQ|INE053F08429
725IRFC35.NS,NSE_EQ|INE053F07819
725IRFC35B.NS,NSE_EQ|INE053F08460
725KA32.NS,NSE_EQ|IN1920250108
725KA33.NS,NSE_EQ|IN1920250207
725MH37.NS,NSE_EQ|IN2220250376
725MH44.NS,NSE_EQ|IN2220240203
725MH45.NS,NSE_EQ|IN2220240245
725ML34.NS,NSE_EQ|IN2420240052
725MPL29.NS,NSE_EQ|INE082G08020
725MZ34.NS,NSE_EQ|IN2520210070
725NBFI40.NS,NSE_EQ|INE0KUG08050
725OR33.NS,NSE_EQ|IN2720250066
725PFCL45.NS,NSE_EQ|INE134E08NK8
725SIHF28.NS,NSE_EQ|INE213W07327
725TN27.NS,NSE_EQ|IN3120190274
725TN32.NS,NSE_EQ|IN3120210403
725TS28.NS,NSE_EQ|IN4520190203
725TS38.NS,NSE_EQ|IN4520240289
725TS41.NS,NSE_EQ|IN4520200341
725TS46.NS,NSE_EQ|IN4520240297
725UK32.NS,NSE_EQ|IN3620210044
725UP39.NS,NSE_EQ|IN3320240093
725WB41.NS,NSE_EQ|IN3420200278
725WB45.NS,NSE_EQ|IN3420240092
726AS29.NS,NSE_EQ|IN1220190137
726AS39.NS,NSE_EQ|IN1220240064
726BOB34.NS,NSE_EQ|INE028A08356
726BR33.NS,NSE_EQ|IN1320240014
726GJ29.NS,NSE_EQ|IN1520190159
726GS2029.NS,NSE_EQ|IN0020180454
726GS2032.NS,NSE_EQ|IN0020220060
726GS2033.NS,NSE_EQ|IN0020220151
726HP29.NS,NSE_EQ|IN1720230011
726HP35.NS,NSE_EQ|IN1720240135
726HR32.NS,NSE_EQ|IN1620210204
726HR36.NS,NSE_EQ|IN1620240110
726HR39.NS,NSE_EQ|IN1620240326
726IIFCL34.NS,NSE_EQ|INE787H08147
726IRMT45.NS,NSE_EQ|INE1X1T15018
726JCL30.NS,NSE_EQ|INE282H07042
726JH27.NS,NSE_EQ|IN3720190021
726KL39.NS,NSE_EQ|IN2020240122
726MH30.NS,NSE_EQ|IN2220230048
726MH41.NS,NSE_EQ|IN2220250327
726MH42.NS,NSE_EQ|IN2220250335
726MH49.NS,NSE_EQ|IN2220240138
726MH50.NS,NSE_EQ|IN2220240252
726MP35.NS,NSE_EQ|IN2120240014
726MP38.NS,NSE_EQ|IN2120240030
726MP39.NS,NSE_EQ|IN2120240188
726MZ40.NS,NSE_EQ|IN2520250035
726NTPC40.NS,NSE_EQ|INE733E08262
726PN36.NS,NSE_EQ|IN2820240181
726PN37.NS,NSE_EQ|IN2820240199
726TN35.NS,NSE_EQ|IN3120250300
726TN55.NS,NSE_EQ|IN3120240632
726TS35.NS,NSE_EQ|IN4520240255
726UP29.NS,NSE_EQ|IN3320190140
726WB34.NS,NSE_EQ|IN3420190123
727ABL35.NS,NSE_EQ|INE238A08518
727AP36.NS,NSE_EQ|IN1020250354
727AP41.NS,NSE_EQ|IN1020240462
727AR32.NS,NSE_EQ|IN1120210027
727AS29.NS,NSE_EQ|IN1220190087
727CG35.NS,NSE_EQ|IN3520240075
727GJ31.NS,NSE_EQ|IN1520230021
727GJ34.NS,NSE_EQ|IN1520250227
727GS2026.NS,NSE_EQ|IN0020190016
727HP35.NS,NSE_EQ|IN1720250076
727HR30.NS,NSE_EQ|IN1620220021
727JK49.NS,NSE_EQ|IN4920240137
727KL59.NS,NSE_EQ|IN2020240114
727MH30.NS,NSE_EQ|IN2220190101
727MH34.NS,NSE_EQ|IN2220240062
727MH36.NS,NSE_EQ|IN2220250319
727MH39.NS,NSE_EQ|IN2220240112
727MH44.NS,NSE_EQ|IN2220240120
727ML32.NS,NSE_EQ|IN2420210063
727MN36.NS,NSE_EQ|IN2320240038
727MP45.NS,NSE_EQ|IN2120240196
727MP48.NS,NSE_EQ|IN2120240204
727MZ33.NS,NSE_EQ|IN2520200105
727NBRD29A.NS,NSE_EQ|INE261F08ER0
727NL35.NS,NSE_EQ|IN2620240035
727OR41.NS,NSE_EQ|IN2720240133
727PFCL31.NS,NSE_EQ|INE134E08ND3
727PY33.NS,NSE_EQ|IN3820240080
727RJ29.NS,NSE_EQ|IN2920190302
727RJ30.NS,NSE_EQ|IN2920190344
727RJ42.NS,NSE_EQ|IN2920240255
727SHFL27.NS,NSE_EQ|INE667F07JA5
727SK32.NS,NSE_EQ|IN3020210040
727TCHFL28.NS,NSE_EQ|INE033L07IN3
727TN32.NS,NSE_EQ|IN3120240186
727TN54.NS,NSE_EQ|IN3120240129
727TS47.NS,NSE_EQ|IN4520240529
727TS49.NS,NSE_EQ|IN4520240537
727UP41.NS,NSE_EQ|IN3320240101
72841ABH30.NS,NSE_EQ|INE831R07623
728AP36.NS,NSE_EQ|IN1020240769
728CG34.NS,NSE_EQ|IN3520240067
728GA37.NS,NSE_EQ|IN1420250111
728GJ29.NS,NSE_EQ|IN1520190167
728HP47.NS,NSE_EQ|IN1720250068
728IREDA35.NS,NSE_EQ|INE202E08268
728IRFC30.NS,NSE_EQ|INE053F07801
728IRFC40.NS,NSE_EQ|INE053F08478
728JH36.NS,NSE_EQ|IN3720200069
728JH37.NS,NSE_EQ|IN3720210035
728JK30.NS,NSE_EQ|IN1820190149
728JK54.NS,NSE_EQ|IN4920240079
728KL30.NS,NSE_EQ|IN2020190186
728MP45.NS,NSE_EQ|IN2120240022
728NTPC30B.NS,NSE_EQ|INE733E07JS0
728OR49.NS,NSE_EQ|IN2720250108
728PHFL28.NS,NSE_EQ|INE572E07258
728RECL40.NS,NSE_EQ|INE020B08FO3
728SK30.NS,NSE_EQ|IN3020190036
728TFSIL28.NS,NSE_EQ|INE692Q07605
728TS35.NS,NSE_EQ|IN4520210233
728TS38.NS,NSE_EQ|IN4520240263
728TS45.NS,NSE_EQ|IN4520240271
728TS46.NS,NSE_EQ|IN4520240248
728UP29.NS,NSE_EQ|IN3320190124
728UP32.NS,NSE_EQ|IN3320210229
728WB39.NS,NSE_EQ|IN3420240258
72959ABC28.NS,NSE_EQ|INE674K07069
729AP30.NS,NSE_EQ|IN1020190410
729AP34.NS,NSE_EQ|IN1020220019
729BR30.NS,NSE_EQ|IN1320190177
729CG30.NS,NSE_EQ|IN3520230019
729GA29.NS,NSE_EQ|IN1420190135
729GA29A.NS,NSE_EQ|IN1420190143
729GJ32.NS,NSE_EQ|IN1520210239
729GR2033.NS,NSE_EQ|IN0020220144
729HP31.NS,NSE_EQ|IN1720230029
729HR29.NS,NSE_EQ|IN1620230061
729HR37.NS,NSE_EQ|IN1620250218
729JK45.NS,NSE_EQ|IN4920240129
729KA34.NS,NSE_EQ|IN1920210250
729KA36.NS,NSE_EQ|IN1920200624
729KA37.NS,NSE_EQ|IN1920200632
729KA39.NS,NSE_EQ|IN1920200673
729KL49.NS,NSE_EQ|IN2020230024
729KL51.NS,NSE_EQ|IN2020230040
729MH35.NS,NSE_EQ|IN2220250400
729MH50.NS,NSE_EQ|IN2220250350
729ML29.NS,NSE_EQ|IN2420190059
729MP30.NS,NSE_EQ|IN2120190102
729MP35.NS,NSE_EQ|IN2120190193
729MZ33.NS,NSE_EQ|IN2520210054
729NHB31.NS,NSE_EQ|INE557F08GC8
729NHPC32.NS,NSE_EQ|INE848E08383
729NHPC33.NS,NSE_EQ|INE848E08391
729NHPC34.NS,NSE_EQ|INE848E08409
729NHPC35.NS,NSE_EQ|INE848E08417
729NHPC36.NS,NSE_EQ|INE848E08425
729NHPC37.NS,NSE_EQ|INE848E08433
729NHPC38.NS,NSE_EQ|INE848E08441
729NHPC39.NS,NSE_EQ|INE848E08458
729NHPC40.NS,NSE_EQ|INE848E08466
729NHPC41.NS,NSE_EQ|INE848E08474
729NL29.NS,NSE_EQ|IN2620190040
729PN33.NS,NSE_EQ|IN2820250131
729PY26.NS,NSE_EQ|IN3820230040
729RJ32.NS,NSE_EQ|IN2920210563
729RJ34.NS,NSE_EQ|IN2920240206
729RJ37.NS,NSE_EQ|IN2920250296
729TN53.NS,NSE_EQ|IN3120230062
729TN54.NS,NSE_EQ|IN3120240194
729TR36.NS,NSE_EQ|IN3220200064
729TS40.NS,NSE_EQ|IN4520240222
729TS42.NS,NSE_EQ|IN4520240230
729UK29.NS,NSE_EQ|IN3620190071
729UP29.NS,NSE_EQ|IN3320190157
729WB29.NS,NSE_EQ|IN3420190156
729WB38.NS,NSE_EQ|IN3420240241
72AP30.NS,NSE_EQ|IN1020190360
72AP36.NS,NSE_EQ|IN1020240736
72AS29.NS,NSE_EQ|IN1220190111
72AS40.NS,NSE_EQ|IN1220240189
72AS45.NS,NSE_EQ|IN1220240197
72CG34.NS,NSE_EQ|IN3520240042
72GA31.NS,NSE_EQ|IN1420200272
72HP35.NS,NSE_EQ|IN1720190090
72JH35.NS,NSE_EQ|IN3720200051
72JK29.NS,NSE_EQ|IN1820190131
72JK47.NS,NSE_EQ|IN4920240228
72KA31.NS,NSE_EQ|IN1920190163
72KA37.NS,NSE_EQ|IN1920240281
72KL42.NS,NSE_EQ|IN2020240270
72KL56.NS,NSE_EQ|IN2020210091
72MH28.NS,NSE_EQ|IN2220230030
72MH34.NS,NSE_EQ|IN2220250384
72MH36.NS,NSE_EQ|IN2220250343
72ML29.NS,NSE_EQ|IN2420190042
72MN40.NS,NSE_EQ|IN2320240061
72MP33.NS,NSE_EQ|IN2120250252
72MZ29.NS,NSE_EQ|IN2520190041
72MZ31.NS,NSE_EQ|IN2520240044
72NL29.NS,NSE_EQ|IN2620190032
72OR32.NS,NSE_EQ|IN2720240109
72OR45.NS,NSE_EQ|IN2720240091
72RJ42.NS,NSE_EQ|IN2920240461
72RJ46.NS,NSE_EQ|IN2920200754
72SK35.NS,NSE_EQ|IN3020240021
72TN31.NS,NSE_EQ|IN3120190233
72TN35.NS,NSE_EQ|IN3120250466
72TN36.NS,NSE_EQ|IN3120250417
72TN55.NS,NSE_EQ|IN3120240590
72TS51.NS,NSE_EQ|IN4520200358
72UP31.NS,NSE_EQ|IN3320200303
72UP40.NS,NSE_EQ|IN3320240085
72WB30.NS,NSE_EQ|IN3420190230
73064ABH28.NS,NSE_EQ|INE831R07581
730AS29.NS,NSE_EQ|IN1220190095
730BTL27.NS,NSE_EQ|INE403D08306
730JK29.NS,NSE_EQ|IN1820190115
730KA32.NS,NSE_EQ|IN1920210342
730KL52.NS,NSE_EQ|IN2020240098
730MH38.NS,NSE_EQ|IN2220240070
730MH39.NS,NSE_EQ|IN2220240088
730NIIF28.NS,NSE_EQ|INE246R07806
730PFCL34.NS,NSE_EQ|INE134E08NC5
730PFCL41.NS,NSE_EQ|INE134E07DU0
730PN31.NS,NSE_EQ|IN2820190089
730SICC28.NS,NSE_EQ|INE535H07CP3
730SICC28A.NS,NSE_EQ|INE535H07CQ1
730SIHF28.NS,NSE_EQ|INE213W07343
730SPRL27.NS,NSE_EQ|INE526E07015
730TCHFL28.NS,NSE_EQ|INE033L07IR4
730WB29.NS,NSE_EQ|IN3420190115
731AP42.NS,NSE_EQ|IN1020210556
731AP44.NS,NSE_EQ|IN1020240348
731BR45.NS,NSE_EQ|IN1320250161
731JK45.NS,NSE_EQ|IN4920250151
731KA33.NS,NSE_EQ|IN1920250264
731KA35.NS,NSE_EQ|IN1920210268
731KL32.NS,NSE_EQ|IN2020210208
731KL40.NS,NSE_EQ|IN2020240106
731MN37.NS,NSE_EQ|IN2320250052
731MZ41.NS,NSE_EQ|IN2520250050
731PFCL36.NS,NSE_EQ|INE134E08OB5
731PY35.NS,NSE_EQ|IN3820210067
731RECL39.NS,NSE_EQ|INE020B08FI5
731SDIL40.NS,NSE_EQ|INE507T07161
731TN33.NS,NSE_EQ|IN3120250631
731TN33A.NS,NSE_EQ|IN3120250698
731TN34.NS,NSE_EQ|IN3120250250
731TN54.NS,NSE_EQ|IN3120240145
731TS42.NS,NSE_EQ|IN4520240131
731TS50.NS,NSE_EQ|IN4520240214
731TS60.NS,NSE_EQ|IN4520190153
731WB34.NS,NSE_EQ|IN3420190149
732AP43.NS,NSE_EQ|IN1020230133
732AS32.NS,NSE_EQ|IN1220210216
732CG37.NS,NSE_EQ|IN3520240083
732GS2030.NS,NSE_EQ|IN0020230135
732HR33.NS,NSE_EQ|IN1620230087
732HR36.NS,NSE_EQ|IN1620240086
732HR36A.NS,NSE_EQ|IN1620240094
732IREDA29.NS,NSE_EQ|INE202E08243
732KA33.NS,NSE_EQ|IN1920250025
732KA33A.NS,NSE_EQ|IN1920250116
732KA34.NS,NSE_EQ|IN1920210334
732KL41.NS,NSE_EQ|IN2020240064
732KL53.NS,NSE_EQ|IN2020230032
732MH32.NS,NSE_EQ|IN2220230063
732MPL30.NS,NSE_EQ|INE082G08038
732PFCL39.NS,NSE_EQ|INE134E08NB7
732RJ34.NS,NSE_EQ|IN2920240172
732RJ35.NS,NSE_EQ|IN2920250205
732RL35.NS,NSE_EQ|INE020B08FQ8
732TN33.NS,NSE_EQ|IN3120230047
732TN53.NS,NSE_EQ|IN3120230054
732TS36.NS,NSE_EQ|IN4520240164
732TS48.NS,NSE_EQ|IN4520230041
732TS49.NS,NSE_EQ|IN4520230058
732WB38.NS,NSE_EQ|IN3420240225
733AP33.NS,NSE_EQ|IN1020230182
733AP39.NS,NSE_EQ|IN1020240421
733AP40.NS,NSE_EQ|IN1020240413
733AP42.NS,NSE_EQ|IN1020230208
733AP43.NS,NSE_EQ|IN1020230216
733AP43A.NS,NSE_EQ|IN1020240405
733AS32.NS,NSE_EQ|IN1220210257
733GA39.NS,NSE_EQ|IN1420240013
733GS2026.NS,NSE_EQ|IN0020230119
733HR36.NS,NSE_EQ|IN1620240078
733JH34.NS,NSE_EQ|IN3720250015
733JK51.NS,NSE_EQ|IN4920240061
733KA33.NS,NSE_EQ|IN1920250157
733KA37.NS,NSE_EQ|IN1920210284
733KA40.NS,NSE_EQ|IN1920210292
733KL54.NS,NSE_EQ|IN2020240080
733MH31.NS,NSE_EQ|IN2220230055
733MH34.NS,NSE_EQ|IN2220250491
733MH44.NS,NSE_EQ|IN2220240096
733MP42.NS,NSE_EQ|IN2120210058
733NL33.NS,NSE_EQ|IN2620230028
733RJ43.NS,NSE_EQ|IN2920240156
733RJ44.NS,NSE_EQ|IN2920240164
733TN32.NS,NSE_EQ|IN3120240152
733TN33.NS,NSE_EQ|IN3120230039
733TN52.NS,NSE_EQ|IN3120210312
733TN52A.NS,NSE_EQ|IN3120210411
733TN54.NS,NSE_EQ|IN3120190241
733TN57.NS,NSE_EQ|IN3120210429
733TS40.NS,NSE_EQ|IN4520240172
733TS42.NS,NSE_EQ|IN4520240206
733TS60.NS,NSE_EQ|IN4520250304
733UP33.NS,NSE_EQ|IN3320230029
734AP29.NS,NSE_EQ|IN1020230075
734AP35.NS,NSE_EQ|IN1020240330
734AP40.NS,NSE_EQ|IN1020220027
734AP44.NS,NSE_EQ|IN1020240439
734AP48.NS,NSE_EQ|IN1020240249
734AP49.NS,NSE_EQ|IN1020240256
734AP49A.NS,NSE_EQ|IN1020240447
734AS33.NS,NSE_EQ|IN1220230040
734AS33A.NS,NSE_EQ|IN1220230057
734AS35.NS,NSE_EQ|IN1220240205
734CG40.NS,NSE_EQ|IN3520250017
734GA32.NS,NSE_EQ|IN1420210198
734GA35.NS,NSE_EQ|IN1420250137
734GS2064.NS,NSE_EQ|IN0020240035
734HR31.NS,NSE_EQ|IN1620230095
734HR36.NS,NSE_EQ|IN1620240102
734IRFC28.NS,NSE_EQ|INE053F07579
734JK54.NS,NSE_EQ|IN4920240038
734KA34.NS,NSE_EQ|IN1920250082
734KL55.NS,NSE_EQ|IN2020240049
734MH31.NS,NSE_EQ|IN2220230071
734MH34.NS,NSE_EQ|IN2220250475
734MN32.NS,NSE_EQ|IN2320210098
734MN32A.NS,NSE_EQ|IN2320210106
734MP33.NS,NSE_EQ|IN2120250344
734MP34.NS,NSE_EQ|IN2120250401
734NL32.NS,NSE_EQ|IN2620210079
734NRL35.NS,NSE_EQ|INE152D08010
734OR33.NS,NSE_EQ|IN2720250157
734PN32.NS,NSE_EQ|IN2820240165
734PN35.NS,NSE_EQ|IN2820240173
734RJ33.NS,NSE_EQ|IN2920230058
734RJ33A.NS,NSE_EQ|IN2920230082
734RJ34.NS,NSE_EQ|IN2920240149
734RJ45.NS,NSE_EQ|IN2920240107
734RJ45A.NS,NSE_EQ|IN2920240214
734RL30.NS,NSE_EQ|INE020B08FL9
734SIDBI29.NS,NSE_EQ|INE556F08KS8
734TN29.NS,NSE_EQ|IN3120240061
734TN34.NS,NSE_EQ|IN3120240160
734TN34A.NS,NSE_EQ|IN3120250532
734TN43.NS,NSE_EQ|IN3120230104
734TR36.NS,NSE_EQ|IN3220200056
734TS34.NS,NSE_EQ|IN4520210241
734TS35.NS,NSE_EQ|IN4520210282
734TS37.NS,NSE_EQ|IN4520240180
734TS38.NS,NSE_EQ|IN4520250528
734TS44.NS,NSE_EQ|IN4520230140
734TS46.NS,NSE_EQ|IN4520230157
734UCL28.NS,NSE_EQ|INE481G08123
734UCL30.NS,NSE_EQ|INE481G08115
734UK32.NS,NSE_EQ|IN3620210051
734UP32.NS,NSE_EQ|IN3320210237
734WB39.NS,NSE_EQ|IN3420240027
734WB42.NS,NSE_EQ|IN3420240035
735AP36.NS,NSE_EQ|IN1020250370
735AP39.NS,NSE_EQ|IN1020230125
735AP40.NS,NSE_EQ|IN1020230257
735AS39.NS,NSE_EQ|IN1220240049
735BTL27.NS,NSE_EQ|INE403D08272
735CG30.NS,NSE_EQ|IN3520190098
735EXIM28.NS,NSE_EQ|INE514E08GE8
735GJ26.NS,NSE_EQ|IN1520220303
735HP34.NS,NSE_EQ|IN1720240051
735HR33.NS,NSE_EQ|IN1620230053
735HR39.NS,NSE_EQ|IN1620250226
735IRFC31.NS,NSE_EQ|INE053F07884
735JH38.NS,NSE_EQ|IN3720210043
735JK40.NS,NSE_EQ|IN4920250102
735JK46.NS,NSE_EQ|IN4920240111
735JK49.NS,NSE_EQ|IN4920240053
735JK51.NS,NSE_EQ|IN4920240103
735KA36.NS,NSE_EQ|IN1920210276
735KA39.NS,NSE_EQ|IN1920200608
735KA40.NS,NSE_EQ|IN1920200616
735MH32.NS,NSE_EQ|IN2220230089
735MP29.NS,NSE_EQ|IN2120190235
735MZ37.NS,NSE_EQ|IN2520240036
735NABAR31.NS,NSE_EQ|INE261F07057
735NHAI31.NS,NSE_EQ|INE906B07EI0
735NHB32.NS,NSE_EQ|INE557F08GD6
735PFCL35.NS,NSE_EQ|INE134E07570
735PGCIL34.NS,NSE_EQ|INE752E08734
735PY27.NS,NSE_EQ|IN3820230024
735PY30.NS,NSE_EQ|IN3820190087
735PY33.NS,NSE_EQ|IN3820210091
735RECL34.NS,NSE_EQ|INE020B08FE4
735RJ43.NS,NSE_EQ|IN2920230074
735RJ49.NS,NSE_EQ|IN2920240222
735SFL27.NS,NSE_EQ|INE660A07RW8
735SK32.NS,NSE_EQ|IN3020210065
735SPRL28.NS,NSE_EQ|INE526E07023
735TCHFL35.NS,NSE_EQ|INE033L07IQ6
735TN33.NS,NSE_EQ|IN3120230070
735TN33A.NS,NSE_EQ|IN3120230161
735TN34.NS,NSE_EQ|IN3120240137
735TN43.NS,NSE_EQ|IN3120230088
735TS30.NS,NSE_EQ|IN4520190211
735TS36.NS,NSE_EQ|IN4520240115
735TS38.NS,NSE_EQ|IN4520240123
735TS40.NS,NSE_EQ|IN4520240198
735TS45.NS,NSE_EQ|IN4520230082
735UK30.NS,NSE_EQ|IN3620190154
735UP34.NS,NSE_EQ|IN3320210245
735UP39.NS,NSE_EQ|IN3320250076
735WB30.NS,NSE_EQ|IN3420190255
735WB40.NS,NSE_EQ|IN3420240050
735WB43.NS,NSE_EQ|IN3420240068
736AP34.NS,NSE_EQ|IN1020230141
736AP37.NS,NSE_EQ|IN1020230190
736AP38.NS,NSE_EQ|IN1020230232
736AP38A.NS,NSE_EQ|IN1020230349
736AP41.NS,NSE_EQ|IN1020240371
736AP45.NS,NSE_EQ|IN1020240389
736AP48.NS,NSE_EQ|IN1020240397
736CIFL28.NS,NSE_EQ|INE121A07SP3
736GA33.NS,NSE_EQ|IN1420230014
736GA34.NS,NSE_EQ|IN1420240021
736GS2052.NS,NSE_EQ|IN0020220086
736HR33.NS,NSE_EQ|IN1620230079
736HR33A.NS,NSE_EQ|IN1620230103
736HR34.NS,NSE_EQ|IN1620240060
736IOCL29.NS,NSE_EQ|INE242A08551
736IRED39.NS,NSE_EQ|INE202E08235
736JK35.NS,NSE_EQ|IN4920230039
736JK46.NS,NSE_EQ|IN4920240087
736JK49.NS,NSE_EQ|IN4920230260
736KA34.NS,NSE_EQ|IN1920230316
736KA39.NS,NSE_EQ|IN1920210318
736KL36.NS,NSE_EQ|IN2020240031
736KL38.NS,NSE_EQ|IN2020230081
736KL41.NS,NSE_EQ|IN2020230099
736KL54.NS,NSE_EQ|IN2020230248
736MH28.NS,NSE_EQ|IN2220230014
736ML32.NS,NSE_EQ|IN2420230012
736MP33.NS,NSE_EQ|IN2120230015
736MZ38.NS,NSE_EQ|IN2520230037
736MZ38A.NS,NSE_EQ|IN2520230045
736MZ39.NS,NSE_EQ|IN2520240028
736NBFID44.NS,NSE_EQ|INE0KUG08043
736PFCL28.NS,NSE_EQ|INE134E07349
736RJ33.NS,NSE_EQ|IN2920230066
736RJ34.NS,NSE_EQ|IN2920240198
736RJ37.NS,NSE_EQ|IN2920240081
736RJ41.NS,NSE_EQ|IN2920230132
736RJ46.NS,NSE_EQ|IN2920240180
736SBI39.NS,NSE_EQ|INE062A08439
736SBOI39.NS,NSE_EQ|INE062A08421
736TN43.NS,NSE_EQ|IN3120230187
736TN54.NS,NSE_EQ|IN3120230476
736TS36.NS,NSE_EQ|IN4520210290
736TS37.NS,NSE_EQ|IN4520240149
736TS41.NS,NSE_EQ|IN4520230074
736TS50.NS,NSE_EQ|IN4520230470
736UK26.NS,NSE_EQ|IN3620230083
736UP36.NS,NSE_EQ|IN3320250126
736WB32.NS,NSE_EQ|IN3420210293
736WB40.NS,NSE_EQ|IN3420240043
736WB41.NS,NSE_EQ|IN3420230044
736WB43.NS,NSE_EQ|IN3420230036
737AP33.NS,NSE_EQ|IN1020230166
737AP33A.NS,NSE_EQ|IN1020240355
737AP34.NS,NSE_EQ|IN1020250404
737AP36.NS,NSE_EQ|IN1020240363
737AP38.NS,NSE_EQ|IN1020210481
737AP42.NS,NSE_EQ|IN1020210499
737AP43.NS,NSE_EQ|IN1020230117
737AS33.NS,NSE_EQ|IN1220230032
737AS34.NS,NSE_EQ|IN1220240031
737BR30.NS,NSE_EQ|IN1320230015
737CG33.NS,NSE_EQ|IN3520250033
737GA36.NS,NSE_EQ|IN1420250103
737GR2054.NS,NSE_EQ|IN0020230176
737GS2028.NS,NSE_EQ|IN0020230101
737IREDA31.NS,NSE_EQ|INE202E08250
737IRFC29.NS,NSE_EQ|INE053F08411
737JH31.NS,NSE_EQ|IN3720190054
737JK35.NS,NSE_EQ|IN4920230013
737JK38.NS,NSE_EQ|IN4920230021
737KA34.NS,NSE_EQ|IN1920250223
737KA37.NS,NSE_EQ|IN1920230324
737KA38.NS,NSE_EQ|IN1920210300
737KA38A.NS,NSE_EQ|IN1920230332
737MZ39.NS,NSE_EQ|IN2520240010
737NBRD35.NS,NSE_EQ|INE261F08EN9
737NL33.NS,NSE_EQ|IN2620230036
737NL33A.NS,NSE_EQ|IN2620230044
737NTPC35C.NS,NSE_EQ|INE733E07JT8
737PN36.NS,NSE_EQ|IN2820240090
737PN38.NS,NSE_EQ|IN2820230042
737PN42.NS,NSE_EQ|IN2820210176
737RJ34.NS,NSE_EQ|IN2920210548
737RJ34A.NS,NSE_EQ|IN2920230496
737RJ34B.NS,NSE_EQ|IN2920240073
737RJ39.NS,NSE_EQ|IN2920240099
737RJ45.NS,NSE_EQ|IN2920230504
737SK33.NS,NSE_EQ|IN3020230014
737TS36.NS,NSE_EQ|IN4520210258
737TS41.NS,NSE_EQ|IN4520230462
737TS42.NS,NSE_EQ|IN4520240156
737WB40.NS,NSE_EQ|IN3420240019
738ABCL28.NS,NSE_EQ|INE674K07036
738AP35.NS,NSE_EQ|IN1020230174
738AP40.NS,NSE_EQ|IN1020230109
738AP44.NS,NSE_EQ|IN1020240231
738AP49.NS,NSE_EQ|IN1020240298
738CG32.NS,NSE_EQ|IN3520230233
738CG34.NS,NSE_EQ|IN3520230258
738CIFL27.NS,NSE_EQ|INE121A07SN8
738GA33.NS,NSE_EQ|IN1420230030
738GJ30.NS,NSE_EQ|IN1520230013
738GJ30A.NS,NSE_EQ|IN1520230054
738GS2027.NS,NSE_EQ|IN0020220037
738HR34.NS,NSE_EQ|IN1620240052
738HR35.NS,NSE_EQ|IN1620230400
738HR41.NS,NSE_EQ|IN1620250234
738JK49.NS,NSE_EQ|IN4920240095
738JK51.NS,NSE_EQ|IN4920240020
738KA34.NS,NSE_EQ|IN1920250231
738KA34A.NS,NSE_EQ|IN1920250272
738KL44.NS,NSE_EQ|IN2020230230
738KL55.NS,NSE_EQ|IN2020240056
738PFC32.NS,NSE_EQ|INE134E08NM4
738PGCIL34.NS,NSE_EQ|INE752E08759
738PN33.NS,NSE_EQ|IN2820240140
738PN34.NS,NSE_EQ|IN2820240157
738PY38.NS,NSE_EQ|IN3820230057
738PY38A.NS,NSE_EQ|IN3820240023
738REC27TF.NS,NSE_EQ|INE020B07GX4
738RJ33.NS,NSE_EQ|IN2920240131
738TFSIL28.NS,NSE_EQ|INE692Q07571
738TN33.NS,NSE_EQ|IN3120240079
738TN34.NS,NSE_EQ|IN3120240087
738TN54.NS,NSE_EQ|IN3120230468
738TS43.NS,NSE_EQ|IN4520230447
738TS49.NS,NSE_EQ|IN4520230454
738UP34.NS,NSE_EQ|IN3320230284
738UP36.NS,NSE_EQ|IN3320230292
739AP29.NS,NSE_EQ|IN1020230752
739AP30.NS,NSE_EQ|IN1020240017
739AP33.NS,NSE_EQ|IN1020230091
739AP35.NS,NSE_EQ|IN1020230224
739BR39.NS,NSE_EQ|IN1320230247
739CG33.NS,NSE_EQ|IN3520230241
739GA35.NS,NSE_EQ|IN1420250095
739HP34.NS,NSE_EQ|IN1720230128
739HR29.NS,NSE_EQ|IN1620230020
739HR31.NS,NSE_EQ|IN1620230038
739IREDA39.NS,NSE_EQ|INE202E08227
739IRFC34.NS,NSE_EQ|INE053F08403
739JK37.NS,NSE_EQ|IN4920210148
739JK37A.NS,NSE_EQ|IN4920250144
739KL34.NS,NSE_EQ|IN2020230222
739KL52.NS,NSE_EQ|IN2020230057
739ML26.NS,NSE_EQ|IN2420220054
739ML34.NS,NSE_EQ|IN2420240045
739MN35.NS,NSE_EQ|IN2320230021
739MN36.NS,NSE_EQ|IN2320240020
739NHAI31A.NS,NSE_EQ|INE906B07EO8
739PN33.NS,NSE_EQ|IN2820240132
739RJ48.NS,NSE_EQ|IN2920230090
739SIDBI30.NS,NSE_EQ|INE556F08KY6
739TN32.NS,NSE_EQ|IN3120240111
739TN33.NS,NSE_EQ|IN3120230021
739TN33A.NS,NSE_EQ|IN3120230096
739TN33B.NS,NSE_EQ|IN3120230179
739TN34.NS,NSE_EQ|IN3120250656
739TN42.NS,NSE_EQ|IN3120210528
739TN52.NS,NSE_EQ|IN3120210452
739TN53.NS,NSE_EQ|IN3120230120
739TPL28.NS,NSE_EQ|INE725H08253
739TS39.NS,NSE_EQ|IN4520230066
739TS51.NS,NSE_EQ|IN4520230108
739TS59.NS,NSE_EQ|IN4520190146
739UK30.NS,NSE_EQ|IN3620240025
739UP37.NS,NSE_EQ|IN3320210252
739WB42.NS,NSE_EQ|IN3420230267
739WB44.NS,NSE_EQ|IN3420230275
73AP37.NS,NSE_EQ|IN1020250362
73AP38.NS,NSE_EQ|IN1020230158
73AS39.NS,NSE_EQ|IN1220240056
73BOB34.NS,NSE_EQ|INE028A08349
73GS2053.NS,NSE_EQ|IN0020230051
73HP30.NS,NSE_EQ|IN1720190181
73OR39.NS,NSE_EQ|IN2720240125
73PN34.NS,NSE_EQ|IN2820190097
73RJ30.NS,NSE_EQ|IN2920190476
73RJ51.NS,NSE_EQ|IN2920250254
73TACA30.NS,NSE_EQ|INE976I07DA7
73TFSIL29.NS,NSE_EQ|INE692Q07597
73TN32.NS,NSE_EQ|IN3120210510
73TS51.NS,NSE_EQ|IN4520250478
73UK32.NS,NSE_EQ|IN3620250040
73UP30.NS,NSE_EQ|IN3320190280
73WB39.NS,NSE_EQ|IN3420240233
740BTL29.NS,NSE_EQ|INE403D08298
740EXIM29.NS,NSE_EQ|INE514E08GC2
740IIFCL33.NS,NSE_EQ|INE787H07156
740IREDA36.NS,NSE_EQ|INE202E08276
740SIHF28.NS,NSE_EQ|INE213W07319
741AP30.NS,NSE_EQ|IN1020230042
741AP47.NS,NSE_EQ|IN1020240215
741AR34.NS,NSE_EQ|IN1120230033
741BOI34.NS,NSE_EQ|INE084A08201
741GA33.NS,NSE_EQ|IN1420230048
741GJ26.NS,NSE_EQ|IN1520220121
741GS2036.NS,NSE_EQ|IN0020220102
741HP36.NS,NSE_EQ|IN1720230136
741HR40.NS,NSE_EQ|IN1620250242
741JK42.NS,NSE_EQ|IN4920250169
741JK49.NS,NSE_EQ|IN4920240012
741JK53.NS,NSE_EQ|IN4920230096
741KA36.NS,NSE_EQ|IN1920230308
741MN35.NS,NSE_EQ|IN2320230039
741NIIF31.NS,NSE_EQ|INE246R07830
741PN34.NS,NSE_EQ|IN2820230059
741PN34A.NS,NSE_EQ|IN2820240124
741PN42.NS,NSE_EQ|IN2820210168
741RJ33.NS,NSE_EQ|IN2920230124
741RJ34.NS,NSE_EQ|IN2920240065
741RJ39.NS,NSE_EQ|IN2920230165
741SK35.NS,NSE_EQ|IN3020250012
741UP34.NS,NSE_EQ|IN3320230037
741WB39.NS,NSE_EQ|IN3420230051
741WB42.NS,NSE_EQ|IN3420230077
74242ABC30.NS,NSE_EQ|INE674K07077
7425NIIF30.NS,NSE_EQ|INE246R07822
742AP41.NS,NSE_EQ|IN1020230273
742AP43.NS,NSE_EQ|IN1020230281
742AP43A.NS,NSE_EQ|IN1020240157
742AP44.NS,NSE_EQ|IN1020240165
742AP45.NS,NSE_EQ|IN1020240199
742AP46.NS,NSE_EQ|IN1020240207
742AS34.NS,NSE_EQ|IN1220230214
742BR31.NS,NSE_EQ|IN1320250229
742CG31.NS,NSE_EQ|IN3520230035
742GJ31.NS,NSE_EQ|IN1520230260
742GJ33.NS,NSE_EQ|IN1520230286
742HP38.NS,NSE_EQ|IN1720230052
742HR34.NS,NSE_EQ|IN1620240037
742HR35.NS,NSE_EQ|IN1620230392
742KA32.NS,NSE_EQ|IN1920230373
742KA35.NS,NSE_EQ|IN1920230290
742KA35A.NS,NSE_EQ|IN1920250033
742KA39.NS,NSE_EQ|IN1920230282
742KL34.NS,NSE_EQ|IN2020210190
742KL43.NS,NSE_EQ|IN2020230073
742KL46.NS,NSE_EQ|IN2020240072
742KL49.NS,NSE_EQ|IN2020230255
742KL64.NS,NSE_EQ|IN2020230263
742MH34.NS,NSE_EQ|IN2220230311
742MH37.NS,NSE_EQ|IN2220230329
742ML32.NS,NSE_EQ|IN2420230020
742MP44.NS,NSE_EQ|IN2120230213
742MP45.NS,NSE_EQ|IN2120230221
742MP46.NS,NSE_EQ|IN2120230239
742PFC28.NS,NSE_EQ|INE134E08NL6
742RJ32.NS,NSE_EQ|IN2920240057
742RJ39.NS,NSE_EQ|IN2920230462
742SIDBI29.NS,NSE_EQ|INE556F08KW0
742TN33.NS,NSE_EQ|IN3120230153
742TN34.NS,NSE_EQ|IN3120230443
742TN34A.NS,NSE_EQ|IN3120240012
742TN35.NS,NSE_EQ|IN3120250565
742TN43.NS,NSE_EQ|IN3120230112
742TS41.NS,NSE_EQ|IN4520230496
742TS48.NS,NSE_EQ|IN4520240073
742WB36.NS,NSE_EQ|IN3420250133
74342PHF30.NS,NSE_EQ|INE572E07233
743AP31.NS,NSE_EQ|IN1020230059
743AP35.NS,NSE_EQ|IN1020230356
743AP39.NS,NSE_EQ|IN1020230265
743AP41.NS,NSE_EQ|IN1020230323
743AP42.NS,NSE_EQ|IN1020230331
743AP42A.NS,NSE_EQ|IN1020240140
743AP42B.NS,NSE_EQ|IN1020240264
743AP44.NS,NSE_EQ|IN1020240272
743AP46.NS,NSE_EQ|IN1020240280
743BR39.NS,NSE_EQ|IN1320230221
743BR55.NS,NSE_EQ|IN1320250054
743CG29.NS,NSE_EQ|IN3520230142
743GJ27.NS,NSE_EQ|IN1520230161
743GJ31.NS,NSE_EQ|IN1520230278
743GS2076.NS,NSE_EQ|IN0020250117
743HP28.NS,NSE_EQ|IN1720220038
743HR34.NS,NSE_EQ|IN1620240045
743HR39.NS,NSE_EQ|IN1620250168
743HR39A.NS,NSE_EQ|IN1620250184
743HR41.NS,NSE_EQ|IN1620210188
743JK46.NS,NSE_EQ|IN4920240046
743JK53.NS,NSE_EQ|IN4920230062
743JK53A.NS,NSE_EQ|IN4920230088
743MH35.NS,NSE_EQ|IN2220230253
743MH36.NS,NSE_EQ|IN2220230261
743MH39.NS,NSE_EQ|IN2220240013
743MH40.NS,NSE_EQ|IN2220250392
743MN36.NS,NSE_EQ|IN2320240012
743MP43.NS,NSE_EQ|IN2120250161
743MZ36.NS,NSE_EQ|IN2520230011
743MZ37.NS,NSE_EQ|IN2520230029
743NBFID34.NS,NSE_EQ|INE0KUG08035
743NIIF30.NS,NSE_EQ|INE246R07814
743OR40.NS,NSE_EQ|IN2720250082
743PHFL28.NS,NSE_EQ|INE572E07241
743PN48.NS,NSE_EQ|IN2820230083
743PN48A.NS,NSE_EQ|IN2820230091
743REC35.NS,NSE_EQ|INE020B07JU4
743RJ34.NS,NSE_EQ|IN2920240115
743RJ44.NS,NSE_EQ|IN2920230470
743RJ48.NS,NSE_EQ|IN2920230116
743RJ49.NS,NSE_EQ|IN2920230215
743TN32.NS,NSE_EQ|IN3120240095
743TN33.NS,NSE_EQ|IN3120230229
743TN34.NS,NSE_EQ|IN3120230518
743TN34A.NS,NSE_EQ|IN3120240053
743TN36.NS,NSE_EQ|IN3120250748
743TN43.NS,NSE_EQ|IN3120230195
743TN47.NS,NSE_EQ|IN3120210494
743TN53.NS,NSE_EQ|IN3120230203
743TN53A.NS,NSE_EQ|IN3120230237
743TS33.NS,NSE_EQ|IN4520230025
743TS41.NS,NSE_EQ|IN4520230199
743TS41A.NS,NSE_EQ|IN4520240065
743TS43.NS,NSE_EQ|IN4520240107
743TS50.NS,NSE_EQ|IN4520230124
743TS54.NS,NSE_EQ|IN4520190138
744AP33.NS,NSE_EQ|IN1020230422
744AP35.NS,NSE_EQ|IN1020250412
744AP36.NS,NSE_EQ|IN1020230471
744AP39.NS,NSE_EQ|IN1020230810
744AP39A.NS,NSE_EQ|IN1020230836
744AP40.NS,NSE_EQ|IN1020230430
744AP42.NS,NSE_EQ|IN1020210564
744AP43.NS,NSE_EQ|IN1020230380
744BR40.NS,NSE_EQ|IN1320250179
744CG29.NS,NSE_EQ|IN3520230183
744CG30.NS,NSE_EQ|IN3520230159
744GA33.NS,NSE_EQ|IN1420230071
744HP34.NS,NSE_EQ|IN1720240036
744HR27.NS,NSE_EQ|IN1620220294
744HR32.NS,NSE_EQ|IN1620230129
744HR33.NS,NSE_EQ|IN1620230152
744HR35.NS,NSE_EQ|IN1620230178
744HR36.NS,NSE_EQ|IN1620230384
744HR41.NS,NSE_EQ|IN1620250192
744IREDA34.NS,NSE_EQ|INE202E08219
744IRF34.NS,NSE_EQ|INE053F08395
744IRFC34.NS,NSE_EQ|INE053F08379
744JH41.NS,NSE_EQ|IN3720250023
744JK38.NS,NSE_EQ|IN4920230047
744JK53.NS,NSE_EQ|IN4920230054
744KA33.NS,NSE_EQ|IN1920230381
744KA34.NS,NSE_EQ|IN1920230274
744KA35.NS,NSE_EQ|IN1920210359
744KA36.NS,NSE_EQ|IN1920250249
744KL50.NS,NSE_EQ|IN2020250170
744MH34.NS,NSE_EQ|IN2220250434
744MH41.NS,NSE_EQ|IN2220240021
744MH42.NS,NSE_EQ|IN2220240039
744MH42A.NS,NSE_EQ|IN2220240054
744ML31.NS,NSE_EQ|IN2420230038
744ML35.NS,NSE_EQ|IN2420250051
744MN35.NS,NSE_EQ|IN2320230054
744MP34.NS,NSE_EQ|IN2120250377
744MP35.NS,NSE_EQ|IN2120230056
744MP38.NS,NSE_EQ|IN2120250260
744MP40.NS,NSE_EQ|IN2120230189
744MP46.NS,NSE_EQ|IN2120250179
744NBRD28.NS,NSE_EQ|INE261F08EK5
744PFCL30.NS,NSE_EQ|INE134E08NO0
744PFCL34.NS,NSE_EQ|INE134E08NA9
744RJ33.NS,NSE_EQ|IN2920230108
744RJ33A.NS,NSE_EQ|IN2920230157
744RJ33B.NS,NSE_EQ|IN2920250395
744RJ34.NS,NSE_EQ|IN2920230454
744RJ34A.NS,NSE_EQ|IN2920230553
744RJ36.NS,NSE_EQ|IN2920230181
744RL28.NS,NSE_EQ|INE020B08FR6
744SIDBI28.NS,NSE_EQ|INE556F08KT6
744TN33.NS,NSE_EQ|IN3120230013
744TN33A.NS,NSE_EQ|IN3120230138
744TN33B.NS,NSE_EQ|IN3120230211
744TN34.NS,NSE_EQ|IN3120230435
744TN34A.NS,NSE_EQ|IN3120230484
744TN34B.NS,NSE_EQ|IN3120240103
744TN44.NS,NSE_EQ|IN3120230492
744TN55.NS,NSE_EQ|IN3120250219
744TN55A.NS,NSE_EQ|IN3120250318
744TN55B.NS,NSE_EQ|IN3120250433
744TS30.NS,NSE_EQ|IN4520230488
744TS36.NS,NSE_EQ|IN4520240016
744TS39.NS,NSE_EQ|IN4520230132
744TS39A.NS,NSE_EQ|IN4520230215
744TS40.NS,NSE_EQ|IN4520240099
744TS41.NS,NSE_EQ|IN4520240081
744TS45.NS,NSE_EQ|IN4520230249
744TS46.NS,NSE_EQ|IN4520230439
744TS47.NS,NSE_EQ|IN4520250395
744TS48.NS,NSE_EQ|IN4520250403
744TS49.NS,NSE_EQ|IN4520250411
744TS51.NS,NSE_EQ|IN4520240024
744TS51A.NS,NSE_EQ|IN4520250429
744TS53.NS,NSE_EQ|IN4520240032
744TS56.NS,NSE_EQ|IN4520250452
744TS56A.NS,NSE_EQ|IN4520250494
744TS58.NS,NSE_EQ|IN4520250460
744WB41.NS,NSE_EQ|IN3420230234
744WB42.NS,NSE_EQ|IN3420230093
744WB44.NS,NSE_EQ|IN3420230242
745ABL34.NS,NSE_EQ|INE238A08500
745AP33.NS,NSE_EQ|IN1020230364
745AP33A.NS,NSE_EQ|IN1020240173
745AP34.NS,NSE_EQ|IN1020230414
745AP37.NS,NSE_EQ|IN1020220068
745AP38.NS,NSE_EQ|IN1020230802
745AP40.NS,NSE_EQ|IN1020220498
745AP40A.NS,NSE_EQ|IN1020230372
745AP40B.NS,NSE_EQ|IN1020240181
745AP42.NS,NSE_EQ|IN1020220506
745AS31.NS,NSE_EQ|IN1220230206
745AS33.NS,NSE_EQ|IN1220230065
745AS33A.NS,NSE_EQ|IN1220230073
745BR31.NS,NSE_EQ|IN1320230056
745BR32.NS,NSE_EQ|IN1320220057
745BR34.NS,NSE_EQ|IN1320250104
745BR45.NS,NSE_EQ|IN1320250120
745BR50.NS,NSE_EQ|IN1320250138
745BTL28.NS,NSE_EQ|INE403D08280
745CG33.NS,NSE_EQ|IN3520230225
745EXIM28.NS,NSE_EQ|INE514E08GB4
745GJ30.NS,NSE_EQ|IN1520190225
745GJ31.NS,NSE_EQ|IN1520230070
745HP33.NS,NSE_EQ|IN1720230037
745HP40.NS,NSE_EQ|IN1720250100
745HP44.NS,NSE_EQ|IN1720240010
745HR32.NS,NSE_EQ|IN1620220211
745HR33.NS,NSE_EQ|IN1620230194
745HR35.NS,NSE_EQ|IN1620230160
745HR35A.NS,NSE_EQ|IN1620230202
745HR35B.NS,NSE_EQ|IN1620230418
745HR42.NS,NSE_EQ|IN1620250176
745IGT26.NS,NSE_EQ|INE219X07199
745ISL28.NS,NSE_EQ|INE763G08967
745JK53.NS,NSE_EQ|IN4920230070
745JK54.NS,NSE_EQ|IN4920230245
745KA35.NS,NSE_EQ|IN1920230340
745KA37.NS,NSE_EQ|IN1920230357
745KA40.NS,NSE_EQ|IN1920230266
745KL39.NS,NSE_EQ|IN2020230149
745KL40.NS,NSE_EQ|IN2020230107
745KL50.NS,NSE_EQ|IN2020250204
745MH37.NS,NSE_EQ|IN2220230295
745MH38.NS,NSE_EQ|IN2220230303
745MH38A.NS,NSE_EQ|IN2220230337
745MH39.NS,NSE_EQ|IN2220230352
745MH39A.NS,NSE_EQ|IN2220230345
745MH41.NS,NSE_EQ|IN2220240047
745ML34.NS,NSE_EQ|IN2420240037
745MP41.NS,NSE_EQ|IN2120250229
745MP44.NS,NSE_EQ|IN2120230080
745MP44A.NS,NSE_EQ|IN2120230197
745MP44B.NS,NSE_EQ|IN2120250245
745MP45.NS,NSE_EQ|IN2120230205
745NBFID36.NS,NSE_EQ|INE0KUG08126
745NL34.NS,NSE_EQ|IN2620240019
745PFCL28.NS,NSE_EQ|INE134E08NP7
745PN34.NS,NSE_EQ|IN2820230067
745PN34A.NS,NSE_EQ|IN2820230133
745RECL35.NS,NSE_EQ|INE020B08FG9
745RJ30.NS,NSE_EQ|IN2920190468
745RJ33.NS,NSE_EQ|IN2920230041
745RJ40.NS,NSE_EQ|IN2920240123
745RJ44.NS,NSE_EQ|IN2920230207
745RL34.NS,NSE_EQ|INE020B08EZ2
745SDIP36.NS,NSE_EQ|INE507T07195
745SICCL30.NS,NSE_EQ|INE535H07CR9
745SK32.NS,NSE_EQ|IN3020220023
745TIL35.NS,NSE_EQ|INE812V08078
745TN43.NS,NSE_EQ|IN3120230146
745TN55.NS,NSE_EQ|IN3120250524
745TOPL28.NS,NSE_EQ|INE685A07132
745TS30.NS,NSE_EQ|IN4520220141
745TS30A.NS,NSE_EQ|IN4520230165
745TS40.NS,NSE_EQ|IN4520230173
745TS47.NS,NSE_EQ|IN4520230207
745TS48.NS,NSE_EQ|IN4520250544
745TS53.NS,NSE_EQ|IN4520250551
745TS57.NS,NSE_EQ|IN4520250486
745UK30.NS,NSE_EQ|IN3620190147
745UP33.NS,NSE_EQ|IN3320230011
745WB42.NS,NSE_EQ|IN3420230283
745WB44.NS,NSE_EQ|IN3420230291
745WB44A.NS,NSE_EQ|IN3420250083
746AP27.NS,NSE_EQ|IN1020220100
746AP34.NS,NSE_EQ|IN1020230299
746AP38.NS,NSE_EQ|IN1020230406
746AP38A.NS,NSE_EQ|IN1020240132
746AP41.NS,NSE_EQ|IN1020230463
746AP41A.NS,NSE_EQ|IN1020230786
746AP41B.NS,NSE_EQ|IN1020240025
746AP42.NS,NSE_EQ|IN1020240033
746AP43.NS,NSE_EQ|IN1020230315
746AP43A.NS,NSE_EQ|IN1020240041
746AP44.NS,NSE_EQ|IN1020240058
746AS31.NS,NSE_EQ|IN1220230230
746BR45.NS,NSE_EQ|IN1320250187
746CG31.NS,NSE_EQ|IN3520230167
746CG32.NS,NSE_EQ|IN3520230266
746CG33.NS,NSE_EQ|IN3520230175
746GA33.NS,NSE_EQ|IN1420230105
746GA38.NS,NSE_EQ|IN1420230097
746GS2073.NS,NSE_EQ|IN0020230127
746HP36.NS,NSE_EQ|IN1720240044
746IRFC29.NS,NSE_EQ|INE053F08387
746JK45.NS,NSE_EQ|IN4920250177
746JK49.NS,NSE_EQ|IN4920230237
746KA36.NS,NSE_EQ|IN1920250058
746KA38.NS,NSE_EQ|IN1920230365
746KL48.NS,NSE_EQ|IN2020230016
746MH33.NS,NSE_EQ|IN2220230113
746MH35.NS,NSE_EQ|IN2220230238
746MH41.NS,NSE_EQ|IN2220230360
746ML34.NS,NSE_EQ|IN2420240011
746MP32.NS,NSE_EQ|IN2120220024
746MP38.NS,NSE_EQ|IN2120230031
746MP38A.NS,NSE_EQ|IN2120230072
746MP39.NS,NSE_EQ|IN2120230049
746MP43.NS,NSE_EQ|IN2120250237
746MZ39.NS,NSE_EQ|IN2520230052
746PN33.NS,NSE_EQ|IN2820230257
746RJ33.NS,NSE_EQ|IN2920230199
746RJ34.NS,NSE_EQ|IN2920230512
746RJ38.NS,NSE_EQ|IN2920250213
746RJ42.NS,NSE_EQ|IN2920230538
746RJ51.NS,NSE_EQ|IN2920250239
746SK33.NS,NSE_EQ|IN3020230022
746TN55.NS,NSE_EQ|IN3120250367
746TS30.NS,NSE_EQ|IN4520230256
746TS42.NS,NSE_EQ|IN4520230231
746TS42A.NS,NSE_EQ|IN4520250536
746TS45.NS,NSE_EQ|IN4520230421
746TS48.NS,NSE_EQ|IN4520220166
746TS48A.NS,NSE_EQ|IN4520230033
746TS49.NS,NSE_EQ|IN4520220174
746TS53.NS,NSE_EQ|IN4520250387
746UK34.NS,NSE_EQ|IN3620230067
746UP32.NS,NSE_EQ|IN3320230300
746UP34.NS,NSE_EQ|IN3320230276
746UP37.NS,NSE_EQ|IN3320250159
746UP39.NS,NSE_EQ|IN3320230326
746WB39.NS,NSE_EQ|IN3420230085
746WB40.NS,NSE_EQ|IN3420210277
746WB46.NS,NSE_EQ|IN3420230028
747ABCL29.NS,NSE_EQ|INE674K07028
747AP32.NS,NSE_EQ|IN1020230398
747AP37.NS,NSE_EQ|IN1020230067
747AP37A.NS,NSE_EQ|IN1020240124
747AS28.NS,NSE_EQ|IN1220230081
747AS33.NS,NSE_EQ|IN1220230099
747AS34.NS,NSE_EQ|IN1220230222
747AS45.NS,NSE_EQ|IN1220250113
747BR39.NS,NSE_EQ|IN1320230213
747CG30.NS,NSE_EQ|IN3520230043
747CG30A.NS,NSE_EQ|IN3520230191
747CG31.NS,NSE_EQ|IN3520230209
747CG32.NS,NSE_EQ|IN3520230290
747CG33.NS,NSE_EQ|IN3520230274
747CG33A.NS,NSE_EQ|IN3520230308
747CG34.NS,NSE_EQ|IN3520230282
747CG34A.NS,NSE_EQ|IN3520230316
747GA33.NS,NSE_EQ|IN1420230089
747GA34.NS,NSE_EQ|IN1420230238
747GA38.NS,NSE_EQ|IN1420230022
747GJ28.NS,NSE_EQ|IN1520230179
747GJ36.NS,NSE_EQ|IN1520250268
747HP33.NS,NSE_EQ|IN1720240028
747HR33.NS,NSE_EQ|IN1620230186
747HR33A.NS,NSE_EQ|IN1620230210
747HR35.NS,NSE_EQ|IN1620230137
747HR36.NS,NSE_EQ|IN1620230376
747HR40.NS,NSE_EQ|IN1620250143
747IIFCL27.NS,NSE_EQ|INE787H08154
747JK40.NS,NSE_EQ|IN4920250136
747JK44.NS,NSE_EQ|IN4920230278
747KA36.NS,NSE_EQ|IN1920250256
747KL37.NS,NSE_EQ|IN2020230123
747KL39.NS,NSE_EQ|IN2020230115
747KL42.NS,NSE_EQ|IN2020230065
747KL50.NS,NSE_EQ|IN2020240023
747MH34.NS,NSE_EQ|IN2220230121
747MH36.NS,NSE_EQ|IN2220230246
747OR36.NS,NSE_EQ|IN2720250124
747PN32.NS,NSE_EQ|IN2820240082
747PN34.NS,NSE_EQ|IN2820230075
747PN37.NS,NSE_EQ|IN2820240116
747PN43.NS,NSE_EQ|IN2820230034
747PY37.NS,NSE_EQ|IN3820230032
747RJ33.NS,NSE_EQ|IN2920230546
747RL34.NS,NSE_EQ|INE020B08EY5
747SIDBI29.NS,NSE_EQ|INE556F08KR0
747TN36.NS,NSE_EQ|IN3120250540
747TS31.NS,NSE_EQ|IN4520220158
747TS32.NS,NSE_EQ|IN4520230181
747TS36.NS,NSE_EQ|IN4520240057
747TS41.NS,NSE_EQ|IN4520230116
747UK33.NS,NSE_EQ|IN3620230018
747UK34.NS,NSE_EQ|IN3620230075
747WB43.NS,NSE_EQ|IN3420230010
747WB44.NS,NSE_EQ|IN3420250117
747WB46.NS,NSE_EQ|IN3420250125
748AP33.NS,NSE_EQ|IN1020250289
748AP34.NS,NSE_EQ|IN1020250297
748AP35.NS,NSE_EQ|IN1020250503
748AP38.NS,NSE_EQ|IN1020210549
748AP38A.NS,NSE_EQ|IN1020230455
748AP44.NS,NSE_EQ|IN1020230828
748AP44A.NS,NSE_EQ|IN1020240082
748AS35.NS,NSE_EQ|IN1220250212
748BR39.NS,NSE_EQ|IN1320250062
748CG32.NS,NSE_EQ|IN3520230217
748GA36.NS,NSE_EQ|IN1420250087
748HP33.NS,NSE_EQ|IN1720220061
748HR34.NS,NSE_EQ|IN1620240011
748HR35.NS,NSE_EQ|IN1620230228
748IRFC34A.NS,NSE_EQ|INE053F08361
748JK54.NS,NSE_EQ|IN4920230229
748KA33.NS,NSE_EQ|IN1920230258
748KA35.NS,NSE_EQ|IN1920250140
748KA37.NS,NSE_EQ|IN1920250215
748KA37A.NS,NSE_EQ|IN1920250280
748KL45.NS,NSE_EQ|IN2020250196
748MH35.NS,NSE_EQ|IN2220230212
748MH37.NS,NSE_EQ|IN2220250483
748MH42.NS,NSE_EQ|IN2220230378
748MH45.NS,NSE_EQ|IN2220250418
748ML34.NS,NSE_EQ|IN2420240029
748MP29.NS,NSE_EQ|IN2120230064
748MP40.NS,NSE_EQ|IN2120230163
748MP41.NS,NSE_EQ|IN2120230171
748MP42.NS,NSE_EQ|IN2120250146
748MP45.NS,NSE_EQ|IN2120250187
748MZ36.NS,NSE_EQ|IN2520250043
748NABF28.NS,NSE_EQ|INE261F08EO7
748NIIF33.NS,NSE_EQ|INE246R07848
748NL34.NS,NSE_EQ|IN2620230085
748PN31.NS,NSE_EQ|IN2820250156
748PN34.NS,NSE_EQ|IN2820230141
748PN35.NS,NSE_EQ|IN2820240108
748PN37.NS,NSE_EQ|IN2820240025
748PN42.NS,NSE_EQ|IN2820220019
748PY36.NS,NSE_EQ|IN3820250030
748RJ34.NS,NSE_EQ|IN2920230447
748RJ37.NS,NSE_EQ|IN2920230520
748SIDBI29.NS,NSE_EQ|INE556F08KV2
748TS42.NS,NSE_EQ|IN4520240040
748TS50.NS,NSE_EQ|IN4520230504
748UK33.NS,NSE_EQ|IN3620230026
748UP34.NS,NSE_EQ|IN3320230268
748UP36.NS,NSE_EQ|IN3320230318
748UP40.NS,NSE_EQ|IN3320230334
748UP42.NS,NSE_EQ|IN3320230342
748UP44.NS,NSE_EQ|IN3320230359
748WB37.NS,NSE_EQ|IN3420210251
748WB43.NS,NSE_EQ|IN3420230218
748WB44.NS,NSE_EQ|IN3420230226
748WB44A.NS,NSE_EQ|IN3420250158
749AP36.NS,NSE_EQ|IN1020230760
749AP39.NS,NSE_EQ|IN1020230778
749AP40.NS,NSE_EQ|IN1020240074
749AP44.NS,NSE_EQ|IN1020240116
749BR31.NS,NSE_EQ|IN1320230049
749BR31A.NS,NSE_EQ|IN1320230064
749BR39.NS,NSE_EQ|IN1320230205
749CG30.NS,NSE_EQ|IN3520230050
749CG35.NS,NSE_EQ|IN3520230324
749GA33.NS,NSE_EQ|IN1420230063
749GA33A.NS,NSE_EQ|IN1420230113
749GJ26.NS,NSE_EQ|IN1520220097
749GJ28.NS,NSE_EQ|IN1520220337
749HP34.NS,NSE_EQ|IN1720220079
749HR33.NS,NSE_EQ|IN1620230145
749HR35.NS,NSE_EQ|IN1620230426
749HR36.NS,NSE_EQ|IN1620230368
749IGT28.NS,NSE_EQ|INE219X07231
749KA35.NS,NSE_EQ|IN1920250165
749KL36.NS,NSE_EQ|IN2020230271
749KL39.NS,NSE_EQ|IN2020240015
749KL40.NS,NSE_EQ|IN2020250188
749KL45.NS,NSE_EQ|IN2020230156
749KL56.NS,NSE_EQ|IN2020250121
749MH30.NS,NSE_EQ|IN2220230022
749MH36.NS,NSE_EQ|IN2220230220
749ML27.NS,NSE_EQ|IN2420220070
749MN35.NS,NSE_EQ|IN2320230013
749NL34.NS,NSE_EQ|IN2620230077
749OR36.NS,NSE_EQ|IN2720250132
749PFC34.NS,NSE_EQ|INE134E08MY1
749PN32.NS,NSE_EQ|IN2820240017
749PN35.NS,NSE_EQ|IN2820230158
749PN35A.NS,NSE_EQ|IN2820250149
749PN37.NS,NSE_EQ|IN2820230125
749PN40.NS,NSE_EQ|IN2820250123
749RCFL28.NS,NSE_EQ|INE027A08036
749RJ34.NS,NSE_EQ|IN2920230140
749RJ35.NS,NSE_EQ|IN2920250163
749RJ40.NS,NSE_EQ|IN2920230561
749RJ44.NS,NSE_EQ|IN2920240040
749SIDBI29.NS,NSE_EQ|INE556F08KX8
749TN34.NS,NSE_EQ|IN3120240038
749TN44.NS,NSE_EQ|IN3120240046
749TS35.NS,NSE_EQ|IN4520230413
749TS39.NS,NSE_EQ|IN4520250569
749TS44.NS,NSE_EQ|IN4520230272
749UP34.NS,NSE_EQ|IN3320230060
749UP34A.NS,NSE_EQ|IN3320230250
749UP36.NS,NSE_EQ|IN3320230367
74AP31.NS,NSE_EQ|IN1020230083
74AP32.NS,NSE_EQ|IN1020230240
74AP41.NS,NSE_EQ|IN1020240223
74AP43.NS,NSE_EQ|IN1020230448
74AS33.NS,NSE_EQ|IN1220230024
74BR30.NS,NSE_EQ|IN1320230023
74BR35.NS,NSE_EQ|IN1320250195
74BR39.NS,NSE_EQ|IN1320230239
74CB34.NS,NSE_EQ|INE476A08233
74CG30.NS,NSE_EQ|IN3520230027
74GA37.NS,NSE_EQ|IN1420250079
74GJ26.NS,NSE_EQ|IN1520230146
74GJ27.NS,NSE_EQ|IN1520230062
74GJ36.NS,NSE_EQ|IN1520250318
74GJ36A.NS,NSE_EQ|IN1520250334
74GS2035.NS,NSE_EQ|IN0020050012
74GS2062.NS,NSE_EQ|IN0020220094
74HR33.NS,NSE_EQ|IN1620230111
74HR37.NS,NSE_EQ|IN1620210212
74JK44.NS,NSE_EQ|IN4920230252
74KL37.NS,NSE_EQ|IN2020210224
74KL41.NS,NSE_EQ|IN2020230131
74MH31.NS,NSE_EQ|IN2220230097
74MH32.NS,NSE_EQ|IN2220230105
74MH35.NS,NSE_EQ|IN2220230279
74MH36.NS,NSE_EQ|IN2220230287
74ML27.NS,NSE_EQ|IN2420220062
74MP34.NS,NSE_EQ|IN2120230023
74MP35.NS,NSE_EQ|IN2120250443
74MP46.NS,NSE_EQ|IN2120250203
74MP47.NS,NSE_EQ|IN2120250211
74MZ39.NS,NSE_EQ|IN2520230102
74PFCL30.NS,NSE_EQ|INE134E08NH4
74PFCL35.NS,NSE_EQ|INE134E08NN2
74PY30.NS,NSE_EQ|IN3820240015
74RJ41.NS,NSE_EQ|IN2920230173
74RJ42.NS,NSE_EQ|IN2920230488
74TN34.NS,NSE_EQ|IN3120230450
74TN35.NS,NSE_EQ|IN3120250771
74TN42.NS,NSE_EQ|IN3120210486
74TN54.NS,NSE_EQ|IN3120230500
74TS43.NS,NSE_EQ|IN4520230223
74TS45.NS,NSE_EQ|IN4520230090
74UP33.NS,NSE_EQ|IN3320230045
74WB38.NS,NSE_EQ|IN3420210285
74WB42.NS,NSE_EQ|IN3420230069
74WB44.NS,NSE_EQ|IN3420230259
750AS30.NS,NSE_EQ|IN1220190244
750BOI35.NS,NSE_EQ|INE084A08219
750GA30.NS,NSE_EQ|IN1420190200
750IRFC35.NS,NSE_EQ|INE053F07843
750MZ30.NS,NSE_EQ|IN2520190074
750TCSL28.NS,NSE_EQ|INE729N07099
750TN29.NS,NSE_EQ|IN3120200024
750TN36.NS,NSE_EQ|IN3120250615
750TN36A.NS,NSE_EQ|IN3120250664
750TS28.NS,NSE_EQ|IN4520200010
751AP41.NS,NSE_EQ|IN1020240108
751CG32.NS,NSE_EQ|IN3520230134
751HR29.NS,NSE_EQ|IN1620220310
751HR41.NS,NSE_EQ|IN1620250150
751HUDCO28.NS,NSE_EQ|INE031A07865
751JK40.NS,NSE_EQ|IN4920250185
751JK45.NS,NSE_EQ|IN4920250128
751JK54.NS,NSE_EQ|IN4920230286
751KA36.NS,NSE_EQ|IN1920250090
751MN35.NS,NSE_EQ|IN2320230047
751MP38.NS,NSE_EQ|IN2120230106
751MP48.NS,NSE_EQ|IN2120250195
751NHB31.NS,NSE_EQ|INE557F08FX6
751PN36.NS,NSE_EQ|IN2820230117
751PN37.NS,NSE_EQ|IN2820240041
751RJ34.NS,NSE_EQ|IN2920230439
751SIDBI28.NS,NSE_EQ|INE556F08KU4
751UK35.NS,NSE_EQ|IN3620250073
751UP38.NS,NSE_EQ|IN3320230375
751UP39.NS,NSE_EQ|IN3320250167
751UP40.NS,NSE_EQ|IN3320230391
751UP40A.NS,NSE_EQ|IN3320250134
752ABCL30.NS,NSE_EQ|INE674K07119
752AP37.NS,NSE_EQ|IN1020250420
752AP38.NS,NSE_EQ|IN1020220035
752AP39.NS,NSE_EQ|IN1020230307
752AP42.NS,NSE_EQ|IN1020220043
752AP43.NS,NSE_EQ|IN1020230794
752AS34.NS,NSE_EQ|IN1220230198
752BR31.NS,NSE_EQ|IN1320230072
752BR36.NS,NSE_EQ|IN1320250112
752BR39.NS,NSE_EQ|IN1320230197
752GA39.NS,NSE_EQ|IN1420230246
752HP39.NS,NSE_EQ|IN1720230144
752HR34.NS,NSE_EQ|IN1620240029
752HR39.NS,NSE_EQ|IN1620250135
752HR41.NS,NSE_EQ|IN1620250259
752HR42.NS,NSE_EQ|IN1620250267
752KA37.NS,NSE_EQ|IN1920250041
752KL33.NS,NSE_EQ|IN2020250139
752MZ40.NS,NSE_EQ|IN2520230094
752PN35.NS,NSE_EQ|IN2820230109
752RJ34.NS,NSE_EQ|IN2920240016
752RJ35.NS,NSE_EQ|IN2920250387
752RJ36.NS,NSE_EQ|IN2920250403
752RJ37.NS,NSE_EQ|IN2920240024
752RJ39.NS,NSE_EQ|IN2920240032
752RJ44.NS,NSE_EQ|IN2920230579
752TN33.NS,NSE_EQ|IN3120230245
752TN55.NS,NSE_EQ|IN3120250474
752TS36.NS,NSE_EQ|IN4520250635
752TS52.NS,NSE_EQ|IN4520250593
752TS54.NS,NSE_EQ|IN4520250445
752UP39.NS,NSE_EQ|IN3320230383
752WB39.NS,NSE_EQ|IN3420230309
752WB44.NS,NSE_EQ|IN3420250190
75343PHF31.NS,NSE_EQ|INE572E07266
753AP36.NS,NSE_EQ|IN1020240090
753AP36A.NS,NSE_EQ|IN1020250446
753AP37.NS,NSE_EQ|IN1020250545
753AP40.NS,NSE_EQ|IN1020250388
753AS27.NS,NSE_EQ|IN1220220025
753AS29.NS,NSE_EQ|IN1220230164
753AS32.NS,NSE_EQ|IN1220220090
753BR32.NS,NSE_EQ|IN1320220040
753HR30.NS,NSE_EQ|IN1620220195
753HR33.NS,NSE_EQ|IN1620230236
753ICICI34.NS,NSE_EQ|INE090A08UL3
753IRED34.NS,NSE_EQ|INE202E08177
753IRFC30.NS,NSE_EQ|INE053F07835
753KA38.NS,NSE_EQ|IN1920250066
753KL50.NS,NSE_EQ|IN2020230289
753NTPC30E.NS,NSE_EQ|INE733E07JV4
753PHFL30.NS,NSE_EQ|INE572E07225
753PN36.NS,NSE_EQ|IN2820240066
753PN37.NS,NSE_EQ|IN2820240074
753RECL34.NS,NSE_EQ|INE020B08FB0
753SK36.NS,NSE_EQ|IN3020250046
753TN37.NS,NSE_EQ|IN3120250672
753TN53.NS,NSE_EQ|IN3120220311
753TS47.NS,NSE_EQ|IN4520220273
753TS52.NS,NSE_EQ|IN4520250437
753WB44.NS,NSE_EQ|IN3420230317
754AP29.NS,NSE_EQ|IN1020220613
754AP42.NS,NSE_EQ|IN1020250438
754AS28.NS,NSE_EQ|IN1220220074
754AS28A.NS,NSE_EQ|IN1220230156
754AS34.NS,NSE_EQ|IN1220240023
754BOI34.NS,NSE_EQ|INE084A08185
754BR33.NS,NSE_EQ|IN1320250088
754CG31.NS,NSE_EQ|IN3520230068
754CG36.NS,NSE_EQ|IN3520250066
754CG38.NS,NSE_EQ|IN3520250116
754GIL29.NS,NSE_EQ|INE233A08170
754GS2036.NS,NSE_EQ|IN0020220029
754HR40.NS,NSE_EQ|IN1620250275
754KA37.NS,NSE_EQ|IN1920250124
754KA39.NS,NSE_EQ|IN1920250298
754KA41.NS,NSE_EQ|IN1920220085
754KL55.NS,NSE_EQ|IN2020230297
754MH37.NS,NSE_EQ|IN2220250442
754MN38.NS,NSE_EQ|IN2320250060
754MP46.NS,NSE_EQ|IN2120250302
754MP48.NS,NSE_EQ|IN2120250278
754PN32.NS,NSE_EQ|IN2820240058
754PN34.NS,NSE_EQ|IN2820250198
754RJ33.NS,NSE_EQ|IN2920230223
754RJ35.NS,NSE_EQ|IN2920250338
754RJ36.NS,NSE_EQ|IN2920250346
754RJ53.NS,NSE_EQ|IN2920250189
754TN36.NS,NSE_EQ|IN3120250706
754TR40.NS,NSE_EQ|IN3220250036
754TS51.NS,NSE_EQ|IN4520250312
754TS53.NS,NSE_EQ|IN4520250320
754TS55.NS,NSE_EQ|IN4520250338
754UK33.NS,NSE_EQ|IN3620230034
755AP29.NS,NSE_EQ|IN1020220597
755AR45.NS,NSE_EQ|IN1120250023
755AS32.NS,NSE_EQ|IN1220220108
755BR32.NS,NSE_EQ|IN1320220065
755BR32A.NS,NSE_EQ|IN1320220149
755DDL39.NS,NSE_EQ|INE0J7Q07249
755GA32.NS,NSE_EQ|IN1420220098
755GJ30.NS,NSE_EQ|IN1520220170
755GJ31.NS,NSE_EQ|IN1520230138
755JK38.NS,NSE_EQ|IN4920220097
755KA35.NS,NSE_EQ|IN1920250181
755MP35.NS,NSE_EQ|IN2120230098
755PFC27.NS,NSE_EQ|INE134E08MZ8
755PGCI34.NS,NSE_EQ|INE752E08742
755PN32.NS,NSE_EQ|IN2820240033
755RECL26.NS,NSE_EQ|INE020B08FH7
755TCSL28.NS,NSE_EQ|INE729N07107
755TN53.NS,NSE_EQ|IN3120220303
755TN54.NS,NSE_EQ|IN3120230427
755TPREL40.NS,NSE_EQ|INE607M08121
755TS30.NS,NSE_EQ|IN4520220331
755TS32.NS,NSE_EQ|IN4520230264
755TS46.NS,NSE_EQ|IN4520250585
756AS45.NS,NSE_EQ|IN1220250139
756CG37.NS,NSE_EQ|IN3520250074
756HP40.NS,NSE_EQ|IN1720250084
756HP40A.NS,NSE_EQ|IN1720250126
756IIFCL28.NS,NSE_EQ|INE787H08188
756JK48.NS,NSE_EQ|IN4920230153
756JK53.NS,NSE_EQ|IN4920230104
756KA36.NS,NSE_EQ|IN1920250199
756KL44.NS,NSE_EQ|IN2020250220
756MP39.NS,NSE_EQ|IN2120250450
756OR38.NS,NSE_EQ|IN2720250165
756PY35.NS,NSE_EQ|IN3820250055
756RECL27.NS,NSE_EQ|INE020B08FF1
756RJ33.NS,NSE_EQ|IN2920230017
756RJ41.NS,NSE_EQ|IN2920250221
756RJ48.NS,NSE_EQ|IN2920220281
756TN53.NS,NSE_EQ|IN3120220337
756TN53A.NS,NSE_EQ|IN3120230351
756TN54.NS,NSE_EQ|IN3120230377
756TS40.NS,NSE_EQ|IN4520220182
756TS48.NS,NSE_EQ|IN4520220398
756UP35.NS,NSE_EQ|IN3320230078
756WB39.NS,NSE_EQ|IN3420220102
756WB42.NS,NSE_EQ|IN3420220110
756WB42A.NS,NSE_EQ|IN3420250174
756WB45.NS,NSE_EQ|IN3420250141
757AS32.NS,NSE_EQ|IN1220220165
757AS36.NS,NSE_EQ|IN1220250147
757BOB24.NS,NSE_EQ|INE028A08323
757BR49.NS,NSE_EQ|IN1320250153
757GJ26.NS,NSE_EQ|IN1520220154
757GJ31.NS,NSE_EQ|IN1520220188
757GJ32.NS,NSE_EQ|IN1520220196
757GS2033.NS,NSE_EQ|IN0020190065
757HP31.NS,NSE_EQ|IN1720220046
757HP32.NS,NSE_EQ|IN1720220145
757HR30.NS,NSE_EQ|IN1620220302
757HR40.NS,NSE_EQ|IN1620250309
757IREDL29.NS,NSE_EQ|INE202E08185
757IRFC29.NS,NSE_EQ|INE053F08353
757JK34.NS,NSE_EQ|IN4920220048
757LICH29.NS,NSE_EQ|INE115A07QY1
757MH31.NS,NSE_EQ|IN2220220155
757ML34.NS,NSE_EQ|IN2420250069
757MP43.NS,NSE_EQ|IN2120250120
757MP45.NS,NSE_EQ|IN2120250138
757NHB31.NS,NSE_EQ|INE557F08FT4
757PN37.NS,NSE_EQ|IN2820250115
757RJ43.NS,NSE_EQ|IN2920250171
757TN33.NS,NSE_EQ|IN3120220261
757TN53.NS,NSE_EQ|IN3120220345
757TS31.NS,NSE_EQ|IN4520220349
757UP36.NS,NSE_EQ|IN3320250183
757WB46.NS,NSE_EQ|IN3420250240
758ABHFL35.NS,NSE_EQ|INE831R07615
758AP40.NS,NSE_EQ|IN1020220472
758AP42.NS,NSE_EQ|IN1020220480
758AS33.NS,NSE_EQ|IN1220230016
758BR32.NS,NSE_EQ|IN1320220156
758BR43.NS,NSE_EQ|IN1320250146
758CIFL30.NS,NSE_EQ|INE121A07SO6
758GA37.NS,NSE_EQ|IN1420220023
758GA37A.NS,NSE_EQ|IN1420220031
758GJ26.NS,NSE_EQ|IN1520230104
758GJ32.NS,NSE_EQ|IN1520230153
758HR30.NS,NSE_EQ|IN1620220328
758JH31.NS,NSE_EQ|IN3720220034
758JK50.NS,NSE_EQ|IN4920230138
758KL49.NS,NSE_EQ|IN2020220165
758KL50.NS,NSE_EQ|IN2020250147
758LICH35.NS,NSE_EQ|INE115A07RB7
758LICH35A.NS,NSE_EQ|INE115A07RF8
758NL33.NS,NSE_EQ|IN2620230010
758PN42.NS,NSE_EQ|IN2820220084
758RECL29.NS,NSE_EQ|INE020B08FD6
758RJ48.NS,NSE_EQ|IN2920220307
758SDIL31.NS,NSE_EQ|INE507T07153
758TN37.NS,NSE_EQ|IN3120250714
758TN54.NS,NSE_EQ|IN3120230393
758TN56.NS,NSE_EQ|IN3120250607
758TN56A.NS,NSE_EQ|IN3120250649
758TS41.NS,NSE_EQ|IN4520230371
758TS45.NS,NSE_EQ|IN4520220414
758TS48.NS,NSE_EQ|IN4520250676
758TS53.NS,NSE_EQ|IN4520250627
758UK38.NS,NSE_EQ|IN3620250099
758WB42.NS,NSE_EQ|IN3420250232
759AP33.NS,NSE_EQ|IN1020220621
759AP43.NS,NSE_EQ|IN1020250511
759AP44.NS,NSE_EQ|IN1020250396
759AP47.NS,NSE_EQ|IN1020250495
759AS36.NS,NSE_EQ|IN1220250170
759AS39.NS,NSE_EQ|IN1220250121
759CG30.NS,NSE_EQ|IN3520190080
759CG36.NS,NSE_EQ|IN3520250090
759CG46.NS,NSE_EQ|IN3520250058
759GIL30.NS,NSE_EQ|INE233A08162
759GS2029.NS,NSE_EQ|IN0020150069
759HP38.NS,NSE_EQ|IN1720220194
759HR35.NS,NSE_EQ|IN1620230244
759IRDA34.NS,NSE_EQ|INE202E08193
759IREDA34.NS,NSE_EQ|INE202E08169
759KA38.NS,NSE_EQ|IN1920220077
759LTFL28.NS,NSE_EQ|INE498L07129
759MN35.NS,NSE_EQ|IN2320230062
759MP38.NS,NSE_EQ|IN2120220081
759MP38A.NS,NSE_EQ|IN2120250328
759MP44.NS,NSE_EQ|IN2120250336
759NH27.NS,NSE_EQ|INE557F08FZ1
759NHB27.NS,NSE_EQ|INE557F08FY4
759OR46.NS,NSE_EQ|IN2720250140
759PHFL31.NS,NSE_EQ|INE572E07274
759PN33.NS,NSE_EQ|IN2820230018
759PN39.NS,NSE_EQ|IN2820220191
759PY41.NS,NSE_EQ|IN3820220041
759RJ46.NS,NSE_EQ|IN2920230314
759RJ48.NS,NSE_EQ|IN2920230033
759RL27.NS,NSE_EQ|INE020B08FA2
759TN44.NS,NSE_EQ|IN3120230385
759TS37.NS,NSE_EQ|IN4520220315
759TS40.NS,NSE_EQ|IN4520220323
759TS40A.NS,NSE_EQ|IN4520220406
759TS46.NS,NSE_EQ|IN4520230405
759TS48.NS,NSE_EQ|IN4520250619
759UK38.NS,NSE_EQ|IN3620250081
759UP41.NS,NSE_EQ|IN3320250175
759WB37.NS,NSE_EQ|IN3420250281
759WB39.NS,NSE_EQ|IN3420230101
759WB47.NS,NSE_EQ|IN3420250224
75AP28.NS,NSE_EQ|IN1020220589
75AP32.NS,NSE_EQ|IN1020240066
75AP41.NS,NSE_EQ|IN1020230497
75AP45.NS,NSE_EQ|IN1020250321
75AP46.NS,NSE_EQ|IN1020250339
75AR45.NS,NSE_EQ|IN1120250015
75AS34.NS,NSE_EQ|IN1220240015
75BR31.NS,NSE_EQ|IN1320230031
75CG35.NS,NSE_EQ|IN3520250041
75GA33.NS,NSE_EQ|IN1420230055
75GA36.NS,NSE_EQ|IN1420250145
75GFL28.NS,NSE_EQ|INE02KN07105
75GFL30.NS,NSE_EQ|INE02KN07097
75GS2034.NS,NSE_EQ|IN0020040039
75HP36.NS,NSE_EQ|IN1720220087
75HP37.NS,NSE_EQ|IN1720220095
75HP38.NS,NSE_EQ|IN1720230045
75HR29.NS,NSE_EQ|IN1620220344
75HR30.NS,NSE_EQ|IN1620230012
75IREDA34.NS,NSE_EQ|INE202E08201
75MH44.NS,NSE_EQ|IN2220230386
75MN36.NS,NSE_EQ|IN2320230096
75MN36A.NS,NSE_EQ|IN2320230104
75MP36.NS,NSE_EQ|IN2120250294
75MP44.NS,NSE_EQ|IN2120250153
75SK34.NS,NSE_EQ|IN3020230055
75TN31.NS,NSE_EQ|IN3120240020
75TN37.NS,NSE_EQ|IN3120250599
75TN54.NS,NSE_EQ|IN3120230526
75TR30.NS,NSE_EQ|IN3220190067
75TS51.NS,NSE_EQ|IN4520250502
75TS52.NS,NSE_EQ|IN4520250510
75UK29.NS,NSE_EQ|IN3620240017
75UP35.NS,NSE_EQ|IN3320230052
75WB37.NS,NSE_EQ|IN3420250166
760ABCL35.NS,NSE_EQ|INE674K07051
760BR50.NS,NSE_EQ|IN1320250260
760CIT38.NS,NSE_EQ|INE0Z8Z07024
760GFL30.NS,NSE_EQ|INE02KN07089
760PFC29.NS,NSE_EQ|INE134E08MX3
760PFCL35.NS,NSE_EQ|INE134E07588
760TOPL29.NS,NSE_EQ|INE685A07157
761ABCL35A.NS,NSE_EQ|INE674K07127
761AP42.NS,NSE_EQ|IN1020250461
761AP43.NS,NSE_EQ|IN1020230521
761GJ32.NS,NSE_EQ|IN1520220071
761GS2030.NS,NSE_EQ|IN0020160019
761HP38.NS,NSE_EQ|IN1720230094
761HR32.NS,NSE_EQ|IN1620220203
761HR43.NS,NSE_EQ|IN1620250291
761JK42.NS,NSE_EQ|IN4920220071
761LIC34.NS,NSE_EQ|INE115A07QV7
761MH29.NS,NSE_EQ|IN2220220031
761RJ32.NS,NSE_EQ|IN2920220224
761RJ43.NS,NSE_EQ|IN2920230025
761TN32.NS,NSE_EQ|IN3120220147
761TN32A.NS,NSE_EQ|IN3120220238
761TN56.NS,NSE_EQ|IN3120250680
761TS32.NS,NSE_EQ|IN4520220372
761TS42.NS,NSE_EQ|IN4520250643
761TS44.NS,NSE_EQ|IN4520230017
761TS52.NS,NSE_EQ|IN4520250650
761WB41.NS,NSE_EQ|IN3420250182
761WB45.NS,NSE_EQ|IN3420250265
762AP36.NS,NSE_EQ|IN1020250305
762AR32.NS,NSE_EQ|IN1120220018
762AS32.NS,NSE_EQ|IN1220220157
762AS33.NS,NSE_EQ|IN1220230115
762AS46.NS,NSE_EQ|IN1220250162
762BR31.NS,NSE_EQ|IN1320230080
762BR32.NS,NSE_EQ|IN1320220032
762GA32.NS,NSE_EQ|IN1420220080
762GA32A.NS,NSE_EQ|IN1420220114
762GJ28.NS,NSE_EQ|IN1520230088
762GJ29.NS,NSE_EQ|IN1520220139
762GS2039.NS,NSE_EQ|IN0020190024
762HP43.NS,NSE_EQ|IN1720230060
762HR31.NS,NSE_EQ|IN1620220351
762JK41.NS,NSE_EQ|IN4920250227
762KL38.NS,NSE_EQ|IN2020230180
762KL44.NS,NSE_EQ|IN2020230198
762KL53.NS,NSE_EQ|IN2020220132
762MH30.NS,NSE_EQ|IN2220220056
762MH30A.NS,NSE_EQ|IN2220220106
762MN35.NS,NSE_EQ|IN2320220071
762MP34.NS,NSE_EQ|IN2120220073
762MP39.NS,NSE_EQ|IN2120250419
762MZ36.NS,NSE_EQ|IN2520220103
762MZ38.NS,NSE_EQ|IN2520250076
762NABAR29.NS,NSE_EQ|INE261F08EH1
762NTPC35F.NS,NSE_EQ|INE733E07JW2
762PN32.NS,NSE_EQ|IN2820220159
762PN33.NS,NSE_EQ|IN2820250164
762PN38.NS,NSE_EQ|IN2820230026
762PY35.NS,NSE_EQ|IN3820220033
762RJ43.NS,NSE_EQ|IN2920230231
762TCL30.NS,NSE_EQ|INE976I07CZ6
762TN33.NS,NSE_EQ|IN3120220253
762TN34.NS,NSE_EQ|IN3120230419
762TN43.NS,NSE_EQ|IN3120220287
762TN53.NS,NSE_EQ|IN3120230252
762UK33.NS,NSE_EQ|IN3620220027
762UP33.NS,NSE_EQ|IN3320230219
762UP34.NS,NSE_EQ|IN3320230227
762UP35.NS,NSE_EQ|IN3320220061
762UP41.NS,NSE_EQ|IN3320250233
762WB41.NS,NSE_EQ|IN3420250208
762WB47.NS,NSE_EQ|IN3420250323
76377AIF29.NS,NSE_EQ|INE0AD507176
763AP30.NS,NSE_EQ|IN1020220118
763AP37.NS,NSE_EQ|IN1020250313
763AR33.NS,NSE_EQ|IN1120230025
763AS35.NS,NSE_EQ|IN1220250105
763BR38.NS,NSE_EQ|IN1320230148
763BR40.NS,NSE_EQ|IN1320250252
763GA33.NS,NSE_EQ|IN1420230196
763GJ32.NS,NSE_EQ|IN1520220204
763GJ33.NS,NSE_EQ|IN1520230229
763GJ34.NS,NSE_EQ|IN1520230237
763GS2059.NS,NSE_EQ|IN0020190057
763HLICL35.NS,NSE_EQ|INE795G08050
763HP37.NS,NSE_EQ|IN1720220152
763HR28.NS,NSE_EQ|IN1620220070
763HR29.NS,NSE_EQ|IN1620220047
763HR32.NS,NSE_EQ|IN1620220336
763HR33.NS,NSE_EQ|IN1620220369
763JH30.NS,NSE_EQ|IN3720220042
763JK53.NS,NSE_EQ|IN4920230120
763JK53A.NS,NSE_EQ|IN4920230187
763KA37.NS,NSE_EQ|IN1920220051
763KA39.NS,NSE_EQ|IN1920220093
763KA40.NS,NSE_EQ|IN1920220101
763KA42.NS,NSE_EQ|IN1920220069
763KL32.NS,NSE_EQ|IN2020220116
763KL43.NS,NSE_EQ|IN2020220108
763MH30.NS,NSE_EQ|IN2220220049
763MH35.NS,NSE_EQ|IN2220230196
763MH36.NS,NSE_EQ|IN2220230204
763ML32.NS,NSE_EQ|IN2420230061
763MP41.NS,NSE_EQ|IN2120250468
763MP48.NS,NSE_EQ|IN2120250369
763PN39.NS,NSE_EQ|IN2820220167
763PY32.NS,NSE_EQ|IN3820220017
763RJ41.NS,NSE_EQ|IN2920230421
763TN47.NS,NSE_EQ|IN3120220212
763TN56.NS,NSE_EQ|IN3120250789
763TS36.NS,NSE_EQ|IN4520220307
763TS43.NS,NSE_EQ|IN4520220257
763TS44.NS,NSE_EQ|IN4520220265
763WB38.NS,NSE_EQ|IN3420230168
763WB46.NS,NSE_EQ|IN3420250307
7645LICH30.NS,NSE_EQ|INE115A07RD3
764ABL34.NS,NSE_EQ|INE238A08492
764AP31.NS,NSE_EQ|IN1020230703
764AP33.NS,NSE_EQ|IN1020220605
764AP40.NS,NSE_EQ|IN1020250453
764AR30.NS,NSE_EQ|IN1120200028
764BR32.NS,NSE_EQ|IN1320220164
764CG40.NS,NSE_EQ|IN3520250108
764GA30.NS,NSE_EQ|IN1420200025
764GA33.NS,NSE_EQ|IN1420220130
764GA38.NS,NSE_EQ|IN1420220122
764GJ31.NS,NSE_EQ|IN1520230187
764GJ33.NS,NSE_EQ|IN1520230203
764GJ34.NS,NSE_EQ|IN1520230211
764HP39.NS,NSE_EQ|IN1720230110
764HR31.NS,NSE_EQ|IN1620220377
764HUDCO31.NS,NSE_EQ|INE031A07AO5
764IRFC31.NS,NSE_EQ|INE053F07900
764JK50.NS,NSE_EQ|IN4920230179
764KA32.NS,NSE_EQ|IN1920230019
764KA39.NS,NSE_EQ|IN1920230142
764KL34.NS,NSE_EQ|IN2020220124
764KL39.NS,NSE_EQ|IN2020250238
764KL47.NS,NSE_EQ|IN2020250246
764MH32.NS,NSE_EQ|IN2220220114
764MH33.NS,NSE_EQ|IN2220220163
764MP33.NS,NSE_EQ|IN2120220065
764NABAR31.NS,NSE_EQ|INE261F07032
764REC34.NS,NSE_EQ|INE020B08EV1
764RJ38.NS,NSE_EQ|IN2920220240
764RJ49.NS,NSE_EQ|IN2920230348
764RL27.NS,NSE_EQ|INE020B08EX7
764TN29.NS,NSE_EQ|IN3120220089
764TN32.NS,NSE_EQ|IN3120220105
764TS33.NS,NSE_EQ|IN4520220380
764TS44.NS,NSE_EQ|IN4520250668
764UK32.NS,NSE_EQ|IN3620250065
764UP36.NS,NSE_EQ|IN3320220095
764WB32.NS,NSE_EQ|IN3420220177
764WB41.NS,NSE_EQ|IN3420250257
764WB42.NS,NSE_EQ|IN3420220219
764WB42A.NS,NSE_EQ|IN3420250299
764WB43.NS,NSE_EQ|IN3420230119
764WB43A.NS,NSE_EQ|IN3420230176
765AS32.NS,NSE_EQ|IN1220220082
765AS38.NS,NSE_EQ|IN1220250154
765BR32.NS,NSE_EQ|IN1320220016
765BR32A.NS,NSE_EQ|IN1320220024
765BR33.NS,NSE_EQ|IN1320250211
765BR44.NS,NSE_EQ|IN1320250237
765BR51.NS,NSE_EQ|IN1320250245
765CG33.NS,NSE_EQ|IN3520230126
765GA32.NS,NSE_EQ|IN1420220106
765GA33.NS,NSE_EQ|IN1420230170
765GA34.NS,NSE_EQ|IN1420230220
765GJ29.NS,NSE_EQ|IN1520220048
765GJ29A.NS,NSE_EQ|IN1520230112
765GJ33.NS,NSE_EQ|IN1520220212
765HDFC34.NS,NSE_EQ|INE040A08AK2
765HP35.NS,NSE_EQ|IN1720230086
765HR30.NS,NSE_EQ|IN1620220393
765HR33.NS,NSE_EQ|IN1620220385
765HR33A.NS,NSE_EQ|IN1620220427
765HR33B.NS,NSE_EQ|IN1620230285
765JK37.NS,NSE_EQ|IN4920250193
765KA34.NS,NSE_EQ|IN1920220143
765KL48.NS,NSE_EQ|IN2020220157
765LICH31.NS,NSE_EQ|INE115A07QX3
765MZ41.NS,NSE_EQ|IN2520250084
765NBFID38.NS,NSE_EQ|INE0KUG08027
765NL32.NS,NSE_EQ|IN2620220052
765PGCIL34.NS,NSE_EQ|INE752E08726
765PN42.NS,NSE_EQ|IN2820220142
765RJ32.NS,NSE_EQ|IN2920220125
765RJ32A.NS,NSE_EQ|IN2920220166
765RJ33.NS,NSE_EQ|IN2920220232
765RJ40.NS,NSE_EQ|IN2920250379
765RJ48.NS,NSE_EQ|IN2920230280
765SHFL29.NS,NSE_EQ|INE667F07IW1
765TMCV27.NS,NSE_EQ|INE1TAE08015
765TMCV28.NS,NSE_EQ|INE1TAE08023
765TML28.NS,NSE_EQ|INE155A08456
765TN29.NS,NSE_EQ|IN3120220063
765TN30.NS,NSE_EQ|IN3120230310
765TN33.NS,NSE_EQ|IN3120220279
765TN33A.NS,NSE_EQ|IN3120230260
765TN53.NS,NSE_EQ|IN3120220295
765TPREL40.NS,NSE_EQ|INE607M08139
765TS30.NS,NSE_EQ|IN4520200028
765TS39.NS,NSE_EQ|IN4520230280
765TS52.NS,NSE_EQ|IN4520250734
765TS55.NS,NSE_EQ|IN4520250742
765UP30.NS,NSE_EQ|IN3320200014
765UP34.NS,NSE_EQ|IN3320230243
766AP32.NS,NSE_EQ|IN1020220647
766AP37.NS,NSE_EQ|IN1020230513
766AP42.NS,NSE_EQ|IN1020230547
766BR33.NS,NSE_EQ|IN1320220172
766GJ30.NS,NSE_EQ|IN1520220246
766GJ30A.NS,NSE_EQ|IN1520230120
766GJ32.NS,NSE_EQ|IN1520230195
766HR29.NS,NSE_EQ|IN1620220450
766HR35.NS,NSE_EQ|IN1620230251
766HR36.NS,NSE_EQ|IN1620230350
766KA42.NS,NSE_EQ|IN1920220044
766KL39.NS,NSE_EQ|IN2020250253
766KL46.NS,NSE_EQ|IN2020230164
766KL50.NS,NSE_EQ|IN2020220173
766LICH29.NS,NSE_EQ|INE115A07RC5
766MH33.NS,NSE_EQ|IN2220220221
766MH47.NS,NSE_EQ|IN2220250509
766MH52.NS,NSE_EQ|IN2220250517
766ML32.NS,NSE_EQ|IN2420230053
766MP48.NS,NSE_EQ|IN2120220123
766RJ31.NS,NSE_EQ|IN2920230389
766RJ33.NS,NSE_EQ|IN2920220257
766RJ33A.NS,NSE_EQ|IN2920230405
766RJ34.NS,NSE_EQ|IN2920230413
766RJ43.NS,NSE_EQ|IN2920220273
766SK33.NS,NSE_EQ|IN3020220056
766TN33.NS,NSE_EQ|IN3120230344
766TN43.NS,NSE_EQ|IN3120230294
766TS34.NS,NSE_EQ|IN4520220281
766TS44.NS,NSE_EQ|IN4520220364
766UP32.NS,NSE_EQ|IN3320220012
766UP33.NS,NSE_EQ|IN3320220103
766UP33A.NS,NSE_EQ|IN3320220111
766WB39.NS,NSE_EQ|IN3420220227
766WB43.NS,NSE_EQ|IN3420230184
767AP31.NS,NSE_EQ|IN1020220126
767AP38.NS,NSE_EQ|IN1020230505
767AP38A.NS,NSE_EQ|IN1020230711
767AS32.NS,NSE_EQ|IN1220220140
767AS33.NS,NSE_EQ|IN1220220173
767AS33A.NS,NSE_EQ|IN1220220199
767AS33B.NS,NSE_EQ|IN1220230123
767CG31.NS,NSE_EQ|IN3520230118
767CG33.NS,NSE_EQ|IN3520230100
767CG43.NS,NSE_EQ|IN3520250124
767GA33.NS,NSE_EQ|IN1420230139
767GA33A.NS,NSE_EQ|IN1420230204
767HP34.NS,NSE_EQ|IN1720230102
767HR32.NS,NSE_EQ|IN1620220229
767HR35.NS,NSE_EQ|IN1620230335
767HR41.NS,NSE_EQ|IN1620250366
767JH37.NS,NSE_EQ|IN3720220026
767JK38.NS,NSE_EQ|IN4920250219
767KA32.NS,NSE_EQ|IN1920220028
767KA36.NS,NSE_EQ|IN1920230076
767KA42.NS,NSE_EQ|IN1920230241
767KL34.NS,NSE_EQ|IN2020220041
767KL43.NS,NSE_EQ|IN2020230214
767MP33.NS,NSE_EQ|IN2120220040
767NL32.NS,NSE_EQ|IN2620220037
767NL33.NS,NSE_EQ|IN2620220060
767NL33A.NS,NSE_EQ|IN2620220078
767NL33B.NS,NSE_EQ|IN2620230051
767PN35.NS,NSE_EQ|IN2820230166
767RJ33.NS,NSE_EQ|IN2920230363
767RJ34.NS,NSE_EQ|IN2920230397
767TN30.NS,NSE_EQ|IN3120230336
767TN53.NS,NSE_EQ|IN3120220352
767TS35.NS,NSE_EQ|IN4520220299
767TS45.NS,NSE_EQ|IN4520230314
767TS46.NS,NSE_EQ|IN4520250726
767UK33.NS,NSE_EQ|IN3620220035
767UK33A.NS,NSE_EQ|IN3620230059
767UK41.NS,NSE_EQ|IN3620250107
767UP33.NS,NSE_EQ|IN3320230235
767UP41.NS,NSE_EQ|IN3320250217
767WB37.NS,NSE_EQ|IN3420220185
767WB39.NS,NSE_EQ|IN3420220193
767WB41.NS,NSE_EQ|IN3420220201
767WB43.NS,NSE_EQ|IN3420230192
767WB44.NS,NSE_EQ|IN3420230200
767WB44A.NS,NSE_EQ|IN3420250315
767WB46.NS,NSE_EQ|IN3420250349
76825AIFL2.NS,NSE_EQ|INE0AD507192
7685TCHF28.NS,NSE_EQ|INE033L07IL7
768AP37.NS,NSE_EQ|IN1020230737
768AP39.NS,NSE_EQ|IN1020250529
768AR33.NS,NSE_EQ|IN1120230017
768AS31.NS,NSE_EQ|IN1220230180
768AS32.NS,NSE_EQ|IN1220220066
768AS41.NS,NSE_EQ|IN1220250188
768BR32.NS,NSE_EQ|IN1320220123
768BR33.NS,NSE_EQ|IN1320220198
768CG32.NS,NSE_EQ|IN3520230092
768GJ30.NS,NSE_EQ|IN1520220238
768GJ33.NS,NSE_EQ|IN1520220287
768GSGL28.NS,NSE_EQ|INE316Z08022
768GSGL28A.NS,NSE_EQ|INE316Z08048
768GSGL28B.NS,NSE_EQ|INE316Z08030
768GSGL28C.NS,NSE_EQ|INE316Z08014
768HR31.NS,NSE_EQ|IN1620220278
768HR33.NS,NSE_EQ|IN1620220401
768IREDA33.NS,NSE_EQ|INE202E08144
768JH32.NS,NSE_EQ|IN3720230017
768JK37.NS,NSE_EQ|IN4920220063
768JK38.NS,NSE_EQ|IN4920250250
768JK44.NS,NSE_EQ|IN4920230211
768KA31.NS,NSE_EQ|IN1920220010
768KA34.NS,NSE_EQ|IN1920220127
768KA37.NS,NSE_EQ|IN1920230159
768KA39.NS,NSE_EQ|IN1920230217
768LIC34.NS,NSE_EQ|INE115A07QR5
768MP34.NS,NSE_EQ|IN2120230114
768MP43.NS,NSE_EQ|IN2120250351
768NIIF31.NS,NSE_EQ|INE246R07855
768PN39.NS,NSE_EQ|IN2820220175
768PN42.NS,NSE_EQ|IN2820220092
768SID27.NS,NSE_EQ|INE556F08KQ2
768SIDB27.NS,NSE_EQ|INE556F08KO7
768SIDBI27.NS,NSE_EQ|INE556F08KP4
768TN30.NS,NSE_EQ|IN3120230278
768TN30A.NS,NSE_EQ|IN3120230302
768TN30B.NS,NSE_EQ|IN3120230328
768TS37.NS,NSE_EQ|IN4520230348
768TS42.NS,NSE_EQ|IN4520220356
768TS44.NS,NSE_EQ|IN4520250577
768UP32.NS,NSE_EQ|IN3320220020
768UP34.NS,NSE_EQ|IN3320230102
768UP34A.NS,NSE_EQ|IN3320230177
768WB32.NS,NSE_EQ|IN3420220128
769AP35.NS,NSE_EQ|IN1020220639
769AP42.NS,NSE_EQ|IN1020230604
769AP42A.NS,NSE_EQ|IN1020250552
769AP43.NS,NSE_EQ|IN1020220712
769AS33.NS,NSE_EQ|IN1220220181
769BR32.NS,NSE_EQ|IN1320220073
769BR39.NS,NSE_EQ|IN1320230189
769BR54.NS,NSE_EQ|IN1320250302
769GA32.NS,NSE_EQ|IN1420220049
769GA32A.NS,NSE_EQ|IN1420220072
769GA34.NS,NSE_EQ|IN1420230212
769GS2043.NS,NSE_EQ|IN0020190040
769HP46.NS,NSE_EQ|IN1720250134
769HR27.NS,NSE_EQ|IN1620220096
769HR41.NS,NSE_EQ|IN1620250317
769HR42.NS,NSE_EQ|IN1620250341
769HUDCO31.NS,NSE_EQ|INE031A07AT4
769ICPR35.NS,NSE_EQ|INE726G08030
769IGT28.NS,NSE_EQ|INE219X07249
769KA33.NS,NSE_EQ|IN1920230027
769KA33A.NS,NSE_EQ|IN1920230092
769KA40.NS,NSE_EQ|IN1920230225
769KL40.NS,NSE_EQ|IN2020220066
769LIC34.NS,NSE_EQ|INE115A07QN4
769LICH26.NS,NSE_EQ|INE115A07RA9
769MH31.NS,NSE_EQ|IN2220220213
769ML35.NS,NSE_EQ|IN2420250044
769MN34.NS,NSE_EQ|IN2320220055
769MP43.NS,NSE_EQ|IN2120220099
769MZ31.NS,NSE_EQ|IN2520220012
769MZ37.NS,NSE_EQ|IN2520220095
769NHAI31.NS,NSE_EQ|INE906B07EP5
769PN36.NS,NSE_EQ|IN2820230240
769PN39.NS,NSE_EQ|IN2820220217
769PY37.NS,NSE_EQ|IN3820220025
769RJ39.NS,NSE_EQ|IN2920220299
769TFSIL28.NS,NSE_EQ|INE692Q07563
769TN37.NS,NSE_EQ|IN3120220246
769TN43.NS,NSE_EQ|IN3120220329
769TS32.NS,NSE_EQ|IN4520220448
769UP35.NS,NSE_EQ|IN3320220079
769UP35A.NS,NSE_EQ|IN3320230094
769WB39.NS,NSE_EQ|IN3420220243
769WB42.NS,NSE_EQ|IN3420220250
769WB49.NS,NSE_EQ|IN3420250406
76AP28.NS,NSE_EQ|IN1020220514
76AP29.NS,NSE_EQ|IN1020230018
76AP34.NS,NSE_EQ|IN1020230489
76AP44.NS,NSE_EQ|IN1020230729
76AP44A.NS,NSE_EQ|IN1020250479
76AP45.NS,NSE_EQ|IN1020250487
76BR37.NS,NSE_EQ|IN1320250203
76GJ32.NS,NSE_EQ|IN1520220162
76GJ33.NS,NSE_EQ|IN1520230245
76GJ35.NS,NSE_EQ|IN1520220220
76HR39.NS,NSE_EQ|IN1620250283
76IGT26.NS,NSE_EQ|INE219X07207
76JK35.NS,NSE_EQ|IN4920220105
76JK45.NS,NSE_EQ|IN4920250201
76JK53.NS,NSE_EQ|IN4920230112
76JK53A.NS,NSE_EQ|IN4920230146
76KA32.NS,NSE_EQ|IN1920220119
76KA32A.NS,NSE_EQ|IN1920220135
76KA33.NS,NSE_EQ|IN1920220168
76KA38.NS,NSE_EQ|IN1920230134
76KL42.NS,NSE_EQ|IN2020250212
76KL45.NS,NSE_EQ|IN2020220140
76MH30.NS,NSE_EQ|IN2220200025
76NHAI31.NS,NSE_EQ|INE906B07EJ8
76RCFL29.NS,NSE_EQ|INE027A08044
76TN31.NS,NSE_EQ|IN3120230401
76TN32.NS,NSE_EQ|IN3120220139
76TS42.NS,NSE_EQ|IN4520250601
76TS43.NS,NSE_EQ|IN4520230389
76TS47.NS,NSE_EQ|IN4520230397
76UP37.NS,NSE_EQ|IN3320250191
76WB45.NS,NSE_EQ|IN3420250216
76WB47.NS,NSE_EQ|IN3420250273
770AIFL26.NS,NSE_EQ|INE0AD507168
770AIFL29.NS,NSE_EQ|INE0AD507143
770MH32.NS,NSE_EQ|IN2220220064
770NABAR27.NS,NSE_EQ|INE261F08EI9
770RECL26.NS,NSE_EQ|INE020B08FC8
770SHFL27.NS,NSE_EQ|INE667F07IZ4
770SHFL29.NS,NSE_EQ|INE667F07IX9
770SUNF28.NS,NSE_EQ|INE660A07RV0
770TOPL30.NS,NSE_EQ|INE685A07165
770TPREL34.NS,NSE_EQ|INE607M08113
7712TCHF28.NS,NSE_EQ|INE033L07IK9
771AP31.NS,NSE_EQ|IN1020230653
771AP32.NS,NSE_EQ|IN1020220134
771AP33.NS,NSE_EQ|IN1020220670
771AP33A.NS,NSE_EQ|IN1020230034
771AP34.NS,NSE_EQ|IN1020220522
771AP36.NS,NSE_EQ|IN1020220654
771AP37.NS,NSE_EQ|IN1020220449
771AP37A.NS,NSE_EQ|IN1020230646
771AP39.NS,NSE_EQ|IN1020220456
771AP41.NS,NSE_EQ|IN1020250537
771AP42.NS,NSE_EQ|IN1020220464
771AS33.NS,NSE_EQ|IN1220220207
771BR33.NS,NSE_EQ|IN1320220214
771GJ33.NS,NSE_EQ|IN1520220253
771GJ34.NS,NSE_EQ|IN1520220279
771HDFCB33.NS,NSE_EQ|INE040A08AJ4
771HR33.NS,NSE_EQ|IN1620230293
771HR33A.NS,NSE_EQ|IN1620230327
771JK48.NS,NSE_EQ|IN4920230195
771KA36.NS,NSE_EQ|IN1920230126
771KA38.NS,NSE_EQ|IN1920230209
771KL42.NS,NSE_EQ|IN2020220058
771KL43.NS,NSE_EQ|IN2020230172
771MH33.NS,NSE_EQ|IN2220230139
771MN32.NS,NSE_EQ|IN2320220048
771MP40.NS,NSE_EQ|IN2120230155
771NIIF35.NS,NSE_EQ|INE246R07798
771PN38.NS,NSE_EQ|IN2820250172
771REC27.NS,NSE_EQ|INE020B08EW9
771RJ33.NS,NSE_EQ|IN2920230249
771SIHF35.NS,NSE_EQ|INE213W07350
771UK33.NS,NSE_EQ|IN3620230042
771UP33.NS,NSE_EQ|IN3320230128
771UP46.NS,NSE_EQ|IN3320250225
771WB39.NS,NSE_EQ|IN3420220235
771WB41.NS,NSE_EQ|IN3420230135
771WB43.NS,NSE_EQ|IN3420230143
772AP34.NS,NSE_EQ|IN1020220373
772AP35.NS,NSE_EQ|IN1020220423
772AP36.NS,NSE_EQ|IN1020230539
772AP38.NS,NSE_EQ|IN1020230596
772AP41.NS,NSE_EQ|IN1020230570
772AS33.NS,NSE_EQ|IN1220220223
772BR33.NS,NSE_EQ|IN1320220180
772BR33A.NS,NSE_EQ|IN1320220206
772BR41.NS,NSE_EQ|IN1320250294
772GJ34.NS,NSE_EQ|IN1520220311
772GJ35.NS,NSE_EQ|IN1520220295
772GS2049.NS,NSE_EQ|IN0020190032
772GS2055.NS,NSE_EQ|IN0020150077
772HP31.NS,NSE_EQ|IN1720220202
772HR32.NS,NSE_EQ|IN1620220468
772HR33.NS,NSE_EQ|IN1620230319
772HR35.NS,NSE_EQ|IN1620230277
772IGT31.NS,NSE_EQ|INE219X07272
772JK32.NS,NSE_EQ|IN4920220022
772JK43.NS,NSE_EQ|IN4920230203
772JK43A.NS,NSE_EQ|IN4920250235
772KA35.NS,NSE_EQ|IN1920230100
772KA35A.NS,NSE_EQ|IN1920230118
772KA37.NS,NSE_EQ|IN1920230191
772KL45.NS,NSE_EQ|IN2020250261
772MH31.NS,NSE_EQ|IN2220220171
772MH32.NS,NSE_EQ|IN2220220239
772MH34.NS,NSE_EQ|IN2220220072
772MH35.NS,NSE_EQ|IN2220230170
772ML31.NS,NSE_EQ|IN2420230046
772MN32.NS,NSE_EQ|IN2320220014
772MN37.NS,NSE_EQ|IN2320250045
772MP38.NS,NSE_EQ|IN2120220057
772MP45.NS,NSE_EQ|IN2120250427
772MP49.NS,NSE_EQ|IN2120250435
772MZ38.NS,NSE_EQ|IN2520230060
772RJ33.NS,NSE_EQ|IN2920230298
772RJ35.NS,NSE_EQ|IN2920220026
772TIL34.NS,NSE_EQ|INE812V08052
772TN33.NS,NSE_EQ|IN3120230286
772TN34.NS,NSE_EQ|IN3120230369
772TS35.NS,NSE_EQ|IN4520230298
772TS36.NS,NSE_EQ|IN4520230322
772TS46.NS,NSE_EQ|IN4520220430
772TS57.NS,NSE_EQ|IN4520250361
772TS63.NS,NSE_EQ|IN4520250379
772UP34.NS,NSE_EQ|IN3320230144
772UP36.NS,NSE_EQ|IN3320220087
772WB37.NS,NSE_EQ|IN3420230150
772WB38.NS,NSE_EQ|IN3420220136
772WB41.NS,NSE_EQ|IN3420250398
773AIFL26.NS,NSE_EQ|INE0AD507150
773AIFL28.NS,NSE_EQ|INE0AD507135
773AIFL30.NS,NSE_EQ|INE0AD507184
773AP32.NS,NSE_EQ|IN1020220746
773AP32A.NS,NSE_EQ|IN1020230638
773BR32.NS,NSE_EQ|IN1320220099
773BR33.NS,NSE_EQ|IN1320220222
773BR38.NS,NSE_EQ|IN1320230114
773BR39.NS,NSE_EQ|IN1320230155
773BR39A.NS,NSE_EQ|IN1320230163
773CG31.NS,NSE_EQ|IN3520230076
773CIFCL31.NS,NSE_EQ|INE121A07SQ1
773GA33.NS,NSE_EQ|IN1420230147
773GJ29.NS,NSE_EQ|IN1520200016
773GJ32.NS,NSE_EQ|IN1520220089
773GJ36.NS,NSE_EQ|IN1520220329
773GS2034.NS,NSE_EQ|IN0020150051
773HR32.NS,NSE_EQ|IN1620220435
773HR33.NS,NSE_EQ|IN1620220054
773HR45.NS,NSE_EQ|IN1620250358
773KA34.NS,NSE_EQ|IN1920230084
773KA35.NS,NSE_EQ|IN1920230043
773KA35A.NS,NSE_EQ|IN1920230175
773KA36.NS,NSE_EQ|IN1920230050
773KA41.NS,NSE_EQ|IN1920230233
773LIC34.NS,NSE_EQ|INE115A07QP9
773LICH27.NS,NSE_EQ|INE115A07RE1
773MH32.NS,NSE_EQ|IN2220220254
773MH34.NS,NSE_EQ|IN2220220247
773MH36.NS,NSE_EQ|IN2220230188
773MN35.NS,NSE_EQ|IN2320230070
773MZ39.NS,NSE_EQ|IN2520230086
773PN32.NS,NSE_EQ|IN2820250107
773RJ33.NS,NSE_EQ|IN2920230256
773RJ38.NS,NSE_EQ|IN2920220265
773RJ55.NS,NSE_EQ|IN2920250197
773TCHFL30.NS,NSE_EQ|INE033L07IM5
773TIL35.NS,NSE_EQ|INE812V08060
773TS34.NS,NSE_EQ|IN4520220422
773TS40.NS,NSE_EQ|IN4520230330
773UP33.NS,NSE_EQ|IN3320220145
773UP33A.NS,NSE_EQ|IN3320230136
773UP34.NS,NSE_EQ|IN3320230151
773UP35.NS,NSE_EQ|IN3320230169
773WB32.NS,NSE_EQ|IN3420220011
773WB43.NS,NSE_EQ|IN3420250331
774AP31.NS,NSE_EQ|IN1020220399
774AP32.NS,NSE_EQ|IN1020220688
774AP32A.NS,NSE_EQ|IN1020230679
774AP36.NS,NSE_EQ|IN1020230554
774AP36A.NS,NSE_EQ|IN1020230687
774AP38.NS,NSE_EQ|IN1020220431
774AP42.NS,NSE_EQ|IN1020220548
774AS33.NS,NSE_EQ|IN1220230131
774AS33A.NS,NSE_EQ|IN1220230149
774BR38.NS,NSE_EQ|IN1320230130
774BR39.NS,NSE_EQ|IN1320230171
774CG31.NS,NSE_EQ|IN3520230084
774GA32.NS,NSE_EQ|IN1420220056
774HP38.NS,NSE_EQ|IN1720230078
774HR29.NS,NSE_EQ|IN1620220245
774HR31.NS,NSE_EQ|IN1620220476
774HR35.NS,NSE_EQ|IN1620220062
774IREDA31.NS,NSE_EQ|INE202E07229
774IREDA35.NS,NSE_EQ|INE202E08292
774JK43.NS,NSE_EQ|IN4920230161
774JK46.NS,NSE_EQ|IN4920250243
774KA34.NS,NSE_EQ|IN1920230167
774KA36.NS,NSE_EQ|IN1920230183
774KA37.NS,NSE_EQ|IN1920220036
774KL60.NS,NSE_EQ|IN2020250162
774LIC28.NS,NSE_EQ|INE115A07QW5
774LICH27.NS,NSE_EQ|INE115A07QZ8
774MH33.NS,NSE_EQ|IN2220220189
774MP43.NS,NSE_EQ|IN2120220131
774MZ33.NS,NSE_EQ|IN2520220046
774MZ38.NS,NSE_EQ|IN2520220111
774PN39.NS,NSE_EQ|IN2820220225
774PSB34.NS,NSE_EQ|INE608A08058
774RJ33.NS,NSE_EQ|IN2920230322
774RJ33A.NS,NSE_EQ|IN2920230355
774RJ34.NS,NSE_EQ|IN2920230371
774RJ39.NS,NSE_EQ|IN2920230264
774RJ40.NS,NSE_EQ|IN2920220323
774RJ42.NS,NSE_EQ|IN2920220182
774RJ49.NS,NSE_EQ|IN2920220331
774TS35.NS,NSE_EQ|IN4520230355
774TS45.NS,NSE_EQ|IN4520220125
774TS46.NS,NSE_EQ|IN4520220133
774TS48.NS,NSE_EQ|IN4520220463
774TS51.NS,NSE_EQ|IN4520250346
774TS55.NS,NSE_EQ|IN4520250353
774UK33.NS,NSE_EQ|IN3620220050
774UP37.NS,NSE_EQ|IN3320220152
774WB39.NS,NSE_EQ|IN3420220144
774WB41.NS,NSE_EQ|IN3420220284
774WB43.NS,NSE_EQ|IN3420220292
774WB44.NS,NSE_EQ|IN3420250372
774WB48.NS,NSE_EQ|IN3420250380
775AP29.NS,NSE_EQ|IN1020220563
775CG31.NS,NSE_EQ|IN3520220010
775CG42.NS,NSE_EQ|IN3520250082
775CIT38.NS,NSE_EQ|INE0Z8Z07016
775GA33.NS,NSE_EQ|IN1420230188
775GJ32.NS,NSE_EQ|IN1520220105
775HP32.NS,NSE_EQ|IN1720220228
775HR35.NS,NSE_EQ|IN1620230269
775HR35A.NS,NSE_EQ|IN1620230301
775LICH29.NS,NSE_EQ|INE115A07QU9
775LTFL27.NS,NSE_EQ|INE498L07103
775NL33.NS,NSE_EQ|IN2620220086
775PFCL26A.NS,NSE_EQ|INE134E08NQ5
775PN36.NS,NSE_EQ|IN2820230174
775PN42.NS,NSE_EQ|IN2820220076
775RJ35.NS,NSE_EQ|IN2920230330
775RJ36.NS,NSE_EQ|IN2920230306
775SFL26.NS,NSE_EQ|INE660A07RU2
775SIDBI27.NS,NSE_EQ|INE556F08KN9
775SK33.NS,NSE_EQ|IN3020220064
775SK33A.NS,NSE_EQ|IN3020230030
775TN30.NS,NSE_EQ|IN3120200016
775TN32.NS,NSE_EQ|IN3120220113
775TS37.NS,NSE_EQ|IN4520230306
775TS53.NS,NSE_EQ|IN4520250718
775UP33.NS,NSE_EQ|IN3320230193
775UP34.NS,NSE_EQ|IN3320230201
775UP35.NS,NSE_EQ|IN3320220129
775UP38.NS,NSE_EQ|IN3320220137
775WB39.NS,NSE_EQ|IN3420220268
775WB47.NS,NSE_EQ|IN3420250109
776AP32.NS,NSE_EQ|IN1020220076
776AP37.NS,NSE_EQ|IN1020230562
776AS46.NS,NSE_EQ|IN1220250204
776FEDB34.NS,NSE_EQ|INE171A08057
776HP30.NS,NSE_EQ|IN1720220012
776HP33.NS,NSE_EQ|IN1720220210
776HR30.NS,NSE_EQ|IN1620220260
776KL35.NS,NSE_EQ|IN2020230206
776KL38.NS,NSE_EQ|IN2020220033
776KL51.NS,NSE_EQ|IN2020220199
776KL58.NS,NSE_EQ|IN2020220207
776MH30.NS,NSE_EQ|IN2220220122
776MN35.NS,NSE_EQ|IN2320220089
776MP37.NS,NSE_EQ|IN2120230122
776MP37A.NS,NSE_EQ|IN2120230130
776PN37.NS,NSE_EQ|IN2820220027
776TIL34.NS,NSE_EQ|INE812V08045
776TN53.NS,NSE_EQ|IN3120220386
776TS39.NS,NSE_EQ|IN4520250684
776UK33.NS,NSE_EQ|IN3620220068
777AP35.NS,NSE_EQ|IN1020230612
777AP40.NS,NSE_EQ|IN1020220704
777BR52.NS,NSE_EQ|IN1320250286
777GJ31.NS,NSE_EQ|IN1520220014
777GJ32.NS,NSE_EQ|IN1520220063
777HR32.NS,NSE_EQ|IN1620220179
777HR33.NS,NSE_EQ|IN1620220484
777HR36.NS,NSE_EQ|IN1620230343
777IREDA27.NS,NSE_EQ|INE202E08151
777JK35.NS,NSE_EQ|IN4920220113
777JK37.NS,NSE_EQ|IN4920220055
777MN38.NS,NSE_EQ|IN2320230088
777MP43.NS,NSE_EQ|IN2120220107
777MP47.NS,NSE_EQ|IN2120220149
777PN33.NS,NSE_EQ|IN2820230182
777PN36.NS,NSE_EQ|IN2820230216
777PN38.NS,NSE_EQ|IN2820250180
777RJ32.NS,NSE_EQ|IN2920220141
777RJ33.NS,NSE_EQ|IN2920220315
777WB46.NS,NSE_EQ|IN3420250091
778ABSL35.NS,NSE_EQ|INE951F08077
778AIFL30.NS,NSE_EQ|INE0AD507127
778AP41.NS,NSE_EQ|IN1020220084
778AP42.NS,NSE_EQ|IN1020220092
778AS34.NS,NSE_EQ|IN1220230172
778BR31.NS,NSE_EQ|IN1320230106
778HR40.NS,NSE_EQ|IN1620250325
778KL45.NS,NSE_EQ|IN2020250154
778MH29.NS,NSE_EQ|IN2220190143
778MH30.NS,NSE_EQ|IN2220220148
778ML31.NS,NSE_EQ|IN2420220021
778MZ32.NS,NSE_EQ|IN2520220061
778MZ37.NS,NSE_EQ|IN2520220053
778NHB27.NS,NSE_EQ|INE557F08FV0
778NL33.NS,NSE_EQ|IN2620230069
778PN37.NS,NSE_EQ|IN2820230224
778PY36.NS,NSE_EQ|IN3820230016
778RJ33.NS,NSE_EQ|IN2920220349
778SHFL28.NS,NSE_EQ|INE667F07IY7
778TR41.NS,NSE_EQ|IN3220250044
778TS34.NS,NSE_EQ|IN4520220455
778UP35.NS,NSE_EQ|IN3320220160
778UP36.NS,NSE_EQ|IN3320220178
7798LTFH29.NS,NSE_EQ|INE498L07087
779AP31.NS,NSE_EQ|IN1020220357
779HP38.NS,NSE_EQ|IN1720220236
779JK35.NS,NSE_EQ|IN4920220121
779LTFL30.NS,NSE_EQ|INE498L07111
779PN36.NS,NSE_EQ|IN2820230190
779PN37.NS,NSE_EQ|IN2820230208
779PN38.NS,NSE_EQ|IN2820230232
779RJ32.NS,NSE_EQ|IN2920220174
779SIDBI27.NS,NSE_EQ|INE556F08KM1
779TN32.NS,NSE_EQ|IN3120220170
779UP33.NS,NSE_EQ|IN3320220186
779WB40.NS,NSE_EQ|IN3420230127
779WB42.NS,NSE_EQ|IN3420220276
77AP28.NS,NSE_EQ|IN1020220696
77AP29.NS,NSE_EQ|IN1020220720
77AP29A.NS,NSE_EQ|IN1020230620
77AP30.NS,NSE_EQ|IN1020220662
77AP30A.NS,NSE_EQ|IN1020220738
77AP32.NS,NSE_EQ|IN1020230026
77AP38.NS,NSE_EQ|IN1020230661
77AP42.NS,NSE_EQ|IN1020230745
77AP43.NS,NSE_EQ|IN1020230588
77AP43A.NS,NSE_EQ|IN1020230695
77AP47.NS,NSE_EQ|IN1020250560
77BR31.NS,NSE_EQ|IN1320230098
77BR32.NS,NSE_EQ|IN1320220131
77BR38.NS,NSE_EQ|IN1320230122
77GA33.NS,NSE_EQ|IN1420230121
77GA33A.NS,NSE_EQ|IN1420230154
77GA33B.NS,NSE_EQ|IN1420230162
77HP36.NS,NSE_EQ|IN1720220160
77HP38.NS,NSE_EQ|IN1720220178
77HR31.NS,NSE_EQ|IN1620220419
77HR32.NS,NSE_EQ|IN1620220443
77HR34.NS,NSE_EQ|IN1620220286
77IGT28.NS,NSE_EQ|INE219X07215
77JK37.NS,NSE_EQ|IN4920220089
77KA33.NS,NSE_EQ|IN1920230068
77KA34.NS,NSE_EQ|IN1920230035
77KL47.NS,NSE_EQ|IN2020220074
77MH30.NS,NSE_EQ|IN2220220130
77MH31.NS,NSE_EQ|IN2220220197
77MH33.NS,NSE_EQ|IN2220220205
77MH33A.NS,NSE_EQ|IN2220230154
77MH34.NS,NSE_EQ|IN2220230147
77MH34A.NS,NSE_EQ|IN2220230162
77MN35.NS,NSE_EQ|IN2320220063
77MZ35.NS,NSE_EQ|IN2520220087
77NVCL28.NS,NSE_EQ|INE118D08078
77PN40.NS,NSE_EQ|IN2820220183
77PN42.NS,NSE_EQ|IN2820220100
77RJ32.NS,NSE_EQ|IN2920220018
77RJ43.NS,NSE_EQ|IN2920230272
77SHFL36.NS,NSE_EQ|INE667F08202
77SK34.NS,NSE_EQ|IN3020230048
77TN42.NS,NSE_EQ|IN3120220154
77TS38.NS,NSE_EQ|IN4520230363
77UP33.NS,NSE_EQ|IN3320230110
77UP34.NS,NSE_EQ|IN3320230086
77UP35.NS,NSE_EQ|IN3320230185
780AP33.NS,NSE_EQ|IN1020190584
780BFL27.NS,NSE_EQ|INE465A08038
780HFL27.NS,NSE_EQ|INE957N07856
780HR30.NS,NSE_EQ|IN1620190208
780KA30.NS,NSE_EQ|IN1920200012
780SICC29.NS,NSE_EQ|INE535H07CN8
780TOPL31.NS,NSE_EQ|INE685A07173
780TS42.NS,NSE_EQ|IN4520250692
781GA32.NS,NSE_EQ|IN1420220015
781GJ32.NS,NSE_EQ|IN1520220113
781HR32.NS,NSE_EQ|IN1620220088
781HR32A.NS,NSE_EQ|IN1620220138
781HR32B.NS,NSE_EQ|IN1620220153
781HR32C.NS,NSE_EQ|IN1620220252
781KL44.NS,NSE_EQ|IN2020220082
781MZ37.NS,NSE_EQ|IN2520230078
781RJ32.NS,NSE_EQ|IN2920220091
781RJ47.NS,NSE_EQ|IN2920220075
781TCHE27.NS,NSE_EQ|INE092A08071
781TN52.NS,NSE_EQ|IN3120220055
781UP32.NS,NSE_EQ|IN3320220038
781UP34.NS,NSE_EQ|IN3320220046
781UP34A.NS,NSE_EQ|IN3320220194
781UP41.NS,NSE_EQ|IN3320250209
78241ABH29.NS,NSE_EQ|INE831R07508
782AP35.NS,NSE_EQ|IN1020220530
782AP42.NS,NSE_EQ|IN1020220381
782AS32.NS,NSE_EQ|IN1220220041
782AS32A.NS,NSE_EQ|IN1220220132
782GJ32.NS,NSE_EQ|IN1520220030
782HP32.NS,NSE_EQ|IN1720220020
782JK42.NS,NSE_EQ|IN4920250110
782MN32.NS,NSE_EQ|IN2320220022
782MP42.NS,NSE_EQ|IN2120250385
782NL32.NS,NSE_EQ|IN2620220029
782NL32A.NS,NSE_EQ|IN2620220045
782PN42.NS,NSE_EQ|IN2820220068
782RJ32.NS,NSE_EQ|IN2920220216
782RJ44.NS,NSE_EQ|IN2920220133
782SK32.NS,NSE_EQ|IN3020220015
782SK32A.NS,NSE_EQ|IN3020220049
782TN32.NS,NSE_EQ|IN3120220188
782WB32.NS,NSE_EQ|IN3420220045
782WB45.NS,NSE_EQ|IN3420250356
7835LIC27.NS,NSE_EQ|INE115A07QO2
783AS32.NS,NSE_EQ|IN1220220058
783BR32.NS,NSE_EQ|IN1320220115
783CIFCL28.NS,NSE_EQ|INE121A07SR9
783GA32.NS,NSE_EQ|IN1420220064
783HR32.NS,NSE_EQ|IN1620220237
783HR43.NS,NSE_EQ|IN1620250333
783KL39.NS,NSE_EQ|IN2020220181
783MH30.NS,NSE_EQ|IN2220200017
783MN32.NS,NSE_EQ|IN2320220030
783NHB27.NS,NSE_EQ|INE557F08FU2
783PN42.NS,NSE_EQ|IN2820220126
783RJ32.NS,NSE_EQ|IN2920220042
783RJ50.NS,NSE_EQ|IN2920220364
783TN42.NS,NSE_EQ|IN3120220196
783TS35.NS,NSE_EQ|IN4520220208
783TS36.NS,NSE_EQ|IN4520220216
783WB32.NS,NSE_EQ|IN3420220029
784AS32.NS,NSE_EQ|IN1220220124
784HP37.NS,NSE_EQ|IN1720220137
784MP47.NS,NSE_EQ|IN2120250393
784RJ32.NS,NSE_EQ|IN2920220190
784RJ41.NS,NSE_EQ|IN2920220356
784TN52.NS,NSE_EQ|IN3120220048
784TS34.NS,NSE_EQ|IN4520220190
784TS36.NS,NSE_EQ|IN4520220109
784TS39.NS,NSE_EQ|IN4520220232
784TS40.NS,NSE_EQ|IN4520220240
784TS47.NS,NSE_EQ|IN4520250700
784WB47.NS,NSE_EQ|IN3420250364
78537ABH30.NS,NSE_EQ|INE831R07532
785ABHFL28.NS,NSE_EQ|INE831R07516
785AP37.NS,NSE_EQ|IN1020220225
785AP40.NS,NSE_EQ|IN1020220555
785AS32.NS,NSE_EQ|IN1220220033
785AS32A.NS,NSE_EQ|IN1220220116
785BR32.NS,NSE_EQ|IN1320220081
785BR32A.NS,NSE_EQ|IN1320220107
785HP36.NS,NSE_EQ|IN1720220129
785IIFL27.NS,NSE_EQ|INE413U07343
785KL34.NS,NSE_EQ|IN2020220017
785KL35.NS,NSE_EQ|IN2020220025
785MFL29.NS,NSE_EQ|INE414G07JU8
785MP32.NS,NSE_EQ|IN2120220016
785MZ42.NS,NSE_EQ|IN2520250092
785PN32.NS,NSE_EQ|IN2820220050
785PN42.NS,NSE_EQ|IN2820220118
785RJ37.NS,NSE_EQ|IN2920220059
785RJ39.NS,NSE_EQ|IN2920220067
785SK32.NS,NSE_EQ|IN3020220031
785TPL28.NS,NSE_EQ|INE725H08261
785TRPEL34.NS,NSE_EQ|INE607M08105
785UK30.NS,NSE_EQ|IN3620200011
785UK32.NS,NSE_EQ|IN3620220019
785WB42.NS,NSE_EQ|IN3420220318
78618ABH28.NS,NSE_EQ|INE831R07573
7865LICH26.NS,NSE_EQ|INE115A07QT1
786ABHFL28.NS,NSE_EQ|INE831R07540
786AP33.NS,NSE_EQ|IN1020220571
786AS32.NS,NSE_EQ|IN1220220017
786BR39.NS,NSE_EQ|IN1320250278
786HR32.NS,NSE_EQ|IN1620220112
786JH34.NS,NSE_EQ|IN3720220018
786MH30.NS,NSE_EQ|IN2220220080
786MZ32.NS,NSE_EQ|IN2520220020
786TCHFL29.NS,NSE_EQ|INE033L07IJ1
7875NIIF30.NS,NSE_EQ|INE246R07756
787AS46.NS,NSE_EQ|IN1220250196
787HP34.NS,NSE_EQ|IN1720220103
787HP35.NS,NSE_EQ|IN1720220111
787LDL29.NS,NSE_EQ|INE670K07315
787LIC29.NS,NSE_EQ|INE115A07QQ7
787MZ36.NS,NSE_EQ|IN2520220079
787RJ40.NS,NSE_EQ|IN2920220208
787SDIL30.NS,NSE_EQ|INE507T07146
787TN33.NS,NSE_EQ|IN3120220071
788GA30.NS,NSE_EQ|IN1420200017
788GS2030.NS,NSE_EQ|IN0020150028
788MFL28.NS,NSE_EQ|INE414G07JS2
788MP33.NS,NSE_EQ|IN2120220032
788NL32.NS,NSE_EQ|IN2620220011
788RJ32.NS,NSE_EQ|IN2920190484
789GIL30.NS,NSE_EQ|INE233A08188
789GIL31.NS,NSE_EQ|INE233A08196
789HP37.NS,NSE_EQ|IN1720220053
789MH32.NS,NSE_EQ|IN2220220098
789SDIL29.NS,NSE_EQ|INE507T07138
789TS34.NS,NSE_EQ|IN4520220083
789TS36.NS,NSE_EQ|IN4520220224
789WB37.NS,NSE_EQ|IN3420220094
789WB40.NS,NSE_EQ|IN3420220300
78ABCL33.NS,NSE_EQ|INE860H07IP2
78AP31.NS,NSE_EQ|IN1020220142
78AP31A.NS,NSE_EQ|IN1020220217
78GJ32.NS,NSE_EQ|IN1520220022
78GJ32A.NS,NSE_EQ|IN1520220055
78JK35.NS,NSE_EQ|IN4920220139
78KL45.NS,NSE_EQ|IN2020220090
78ML31.NS,NSE_EQ|IN2420220013
78NABARD27.NS,NSE_EQ|INE261F08EF5
78TN32.NS,NSE_EQ|IN3120220014
78TN32A.NS,NSE_EQ|IN3120220097
78TN42.NS,NSE_EQ|IN3120220204
790ABHFL27.NS,NSE_EQ|INE831R07557
790ABHFL28.NS,NSE_EQ|INE831R07565
790CANF30.NS,NSE_EQ|INE477A07407
790IHFL27.NS,NSE_EQ|INE477L07BL1
790LTFL34.NS,NSE_EQ|INE498L07095
790RJ26.NS,NSE_EQ|IN2920200028
790TIL28.NS,NSE_EQ|INE939L08013
790TPL29.NS,NSE_EQ|INE725H08279
79123SHF26.NS,NSE_EQ|INE667F07IU5
791ABCL34.NS,NSE_EQ|INE860H07JB0
791KL30.NS,NSE_EQ|IN2020200019
791TS43.NS,NSE_EQ|IN4520220059
791UP37.NS,NSE_EQ|IN3320220053
792AP41.NS,NSE_EQ|IN1020220324
792AP42.NS,NSE_EQ|IN1020220282
792AP42A.NS,NSE_EQ|IN1020220308
792LIC27.NS,NSE_EQ|INE115A07QS3
792TCHF34.NS,NSE_EQ|INE033L07II3
792TCHFL34.NS,NSE_EQ|INE033L07IG7
792TS45.NS,NSE_EQ|IN4520220075
793AP33.NS,NSE_EQ|IN1020220233
793KA31.NS,NSE_EQ|IN1920200020
793NIIF30.NS,NSE_EQ|INE246R07764
793NIIF32.NS,NSE_EQ|INE246R07780
793RJ45.NS,NSE_EQ|IN2920220158
793THDC34.NS,NSE_EQ|INE812V08037
793TN42.NS,NSE_EQ|IN3120220121
793TPRE29.NS,NSE_EQ|INE607M08097
793TPRE34.NS,NSE_EQ|INE607M08089
793TS34.NS,NSE_EQ|IN4520220026
793TS35.NS,NSE_EQ|IN4520220034
793UP30.NS,NSE_EQ|IN3320190272
793WB37.NS,NSE_EQ|IN3420220151
79413ABC28.NS,NSE_EQ|INE860H07JC8
794AP34.NS,NSE_EQ|IN1020220241
794HR34.NS,NSE_EQ|IN1620220120
794PN42.NS,NSE_EQ|IN2820220043
794TN32.NS,NSE_EQ|IN3120220030
794TS36.NS,NSE_EQ|IN4520220042
795AMLIL35.NS,NSE_EQ|INE511N08032
795AP38.NS,NSE_EQ|IN1020220258
795AP39.NS,NSE_EQ|IN1020220266
795AP40.NS,NSE_EQ|IN1020220274
795AP40A.NS,NSE_EQ|IN1020220290
795GS2032.NS,NSE_EQ|IN0020020106
795HR32.NS,NSE_EQ|IN1620220104
795HR37.NS,NSE_EQ|IN1620220187
795IGT31.NS,NSE_EQ|INE219X07256
795JK30.NS,NSE_EQ|IN1820190172
795NIIF36.NS,NSE_EQ|INE246R07723
795SHFL34.NS,NSE_EQ|INE667F07IR1
795TS35.NS,NSE_EQ|IN4520220091
795TS37.NS,NSE_EQ|IN4520220117
795WB39.NS,NSE_EQ|IN3420220169
796AP40.NS,NSE_EQ|IN1020220415
796TIL29.NS,NSE_EQ|INE939L08021
796WB37.NS,NSE_EQ|IN3420220037
79742SIC30.NS,NSE_EQ|INE535H07CO6
797ABCL28.NS,NSE_EQ|INE860H07IO5
797AP36.NS,NSE_EQ|IN1020220407
797AP39.NS,NSE_EQ|IN1020220316
797HR42.NS,NSE_EQ|IN1620220161
797IGT31.NS,NSE_EQ|INE219X07280
797PN38.NS,NSE_EQ|IN2820220233
797RJ42.NS,NSE_EQ|IN2920220117
797SFL30.NS,NSE_EQ|INE660A07RR8
797WB42.NS,NSE_EQ|IN3420220086
798AP31.NS,NSE_EQ|IN1020200011
798RJ42.NS,NSE_EQ|IN2920220083
798SHFL26.NS,NSE_EQ|INE667F07IT7
799GSGL28.NS,NSE_EQ|INE316Z08055
799GSGL29.NS,NSE_EQ|INE316Z08063
799HFL27.NS,NSE_EQ|INE957N07849
799LTFH27.NS,NSE_EQ|INE498L07053
799NIIF29.NS,NSE_EQ|INE246R07749
799NIIF37.NS,NSE_EQ|INE246R07772
799RCFL27.NS,NSE_EQ|INE027A08028
799TCL29.NS,NSE_EQ|INE976I07CS1
799TCL34.NS,NSE_EQ|INE306N07NN9
799TFSIL27.NS,NSE_EQ|INE692Q07530
799TN42.NS,NSE_EQ|IN3120220022
799TS30.NS,NSE_EQ|IN4520190179
799TS35.NS,NSE_EQ|IN4520190187
799WB35.NS,NSE_EQ|IN3420190248
79ABCL28.NS,NSE_EQ|INE860H07IM9
79AP33.NS,NSE_EQ|IN1020220159
79AP34.NS,NSE_EQ|IN1020220167
79HR34.NS,NSE_EQ|IN1620220146
79IGT28.NS,NSE_EQ|INE219X07223
79NHIT35.NS,NSE_EQ|INE0H7R07017
79NHIT40.NS,NSE_EQ|INE0H7R07025
79NHIT47.NS,NSE_EQ|INE0H7R07033
79RJ42.NS,NSE_EQ|IN2920220034
79SHFL27.NS,NSE_EQ|INE667F07IV3
79TS44.NS,NSE_EQ|IN4520220067
7EHLS346.NS,NSE_EQ|INE0TV208079
7EHPP46.NS,NSE_EQ|INE29PK08010
7EHS246.NS,NSE_EQ|INE0TO808083
7IREDAL30.NS,NSE_EQ|INE202E08300
7PFCL31.NS,NSE_EQ|INE134E07DP0
7PFCL36.NS,NSE_EQ|INE134E07DM7
8016ABCL29.NS,NSE_EQ|INE860H07JE4
801ABCL28.NS,NSE_EQ|INE860H07IK3
801TCH28.NS,NSE_EQ|INE033L07GR8
801TCL34.NS,NSE_EQ|INE976I07CX1
801WB41.NS,NSE_EQ|IN3420220060
80208ABC30.NS,NSE_EQ|INE860H07JD6
802ABHF28.NS,NSE_EQ|INE831R07367
802AP38.NS,NSE_EQ|IN1020220340
802MZ36.NS,NSE_EQ|IN2520220038
802TS35.NS,NSE_EQ|IN4520220018
802WB37.NS,NSE_EQ|IN3420220052
8034ABCL34.NS,NSE_EQ|INE860H07IZ1
803ABCL33.NS,NSE_EQ|INE860H08EI4
803ABCL35.NS,NSE_EQ|INE674K08018
803ABHF27.NS,NSE_EQ|INE831R07391
803ABHFL29.NS,NSE_EQ|INE831R07490
803ABHFL35.NS,NSE_EQ|INE831R08100
803AP35.NS,NSE_EQ|IN1020220175
803AP36.NS,NSE_EQ|IN1020220332
803ICPR34.NS,NSE_EQ|INE726G08022
803MFL31.NS,NSE_EQ|INE414G07JT0
803TIL30.NS,NSE_EQ|INE939L08039
80409TCH27.NS,NSE_EQ|INE033L07ID4
8049ABHF27.NS,NSE_EQ|INE831R07482
804AP37.NS,NSE_EQ|IN1020220365
804AP41.NS,NSE_EQ|IN1020220191
804AP42.NS,NSE_EQ|IN1020220209
804PN42.NS,NSE_EQ|IN2820220035
805ABCL28.NS,NSE_EQ|INE860H07IT4
805AIFL32.NS,NSE_EQ|INE0AD508026
805HLICL34.NS,NSE_EQ|INE795G08035
805MFL27.NS,NSE_EQ|INE414G07JQ6
805MFL30.NS,NSE_EQ|INE414G07JR4
805NIT32.NS,NSE_EQ|INE0Q7Q07026
805NMC29.NS,NSE_EQ|INE579F24099
805NMC30.NS,NSE_EQ|INE579F24065
805NMC31.NS,NSE_EQ|INE579F24032
805NMC32.NS,NSE_EQ|INE579F24057
805NMC33.NS,NSE_EQ|INE579F24040
805NMC34.NS,NSE_EQ|INE579F24081
805NMC35.NS,NSE_EQ|INE579F24073
805NMC36.NS,NSE_EQ|INE579F24107
805PHFL30.NS,NSE_EQ|INE572E07217
805RJ37.NS,NSE_EQ|IN2920220109
805SHFL29.NS,NSE_EQ|INE667F07IS9
805SICCL35.NS,NSE_EQ|INE535H08819
805TCHFL29.NS,NSE_EQ|INE033L07IH5
805TFSIL28.NS,NSE_EQ|INE692Q07555
80650SFL26.NS,NSE_EQ|INE660A07RS6
806JK37.NS,NSE_EQ|IN4920220030
806SDIL29.NS,NSE_EQ|INE507T07120
806TFSIL28.NS,NSE_EQ|INE692Q07548
807AP36.NS,NSE_EQ|IN1020220183
807NIIF29.NS,NSE_EQ|INE246R07731
807NIIF39.NS,NSE_EQ|INE246R07715
807SMFG27.NS,NSE_EQ|INE213W07293
807WB38.NS,NSE_EQ|IN3420220078
80956ABH26.NS,NSE_EQ|INE831R07474
80980TCL27.NS,NSE_EQ|INE976I07CY9
809CANF27.NS,NSE_EQ|INE477A07415
80NL30.NS,NSE_EQ|IN2620200013
8104PHFL28.NS,NSE_EQ|INE572E07209
810ABHF28.NS,NSE_EQ|INE831R07359
810GIL28.NS,NSE_EQ|INE233A08154
810HLICL35.NS,NSE_EQ|INE795G08043
810IRFC27.NS,NSE_EQ|INE053F07538
810JH32.NS,NSE_EQ|IN3720190062
810KL32.NS,NSE_EQ|IN2020200027
810NIIF34.NS,NSE_EQ|INE246R07707
810NIT40.NS,NSE_EQ|INE0Q7Q07018
810SIHF35.NS,NSE_EQ|INE213W08069
810TCHFL27.NS,NSE_EQ|INE033L07IE2
812ABCL28.NS,NSE_EQ|INE860H07II7
812ABHF29.NS,NSE_EQ|INE831R07458
812REC27.NS,NSE_EQ|INE020B07GH7
812SFL27.NS,NSE_EQ|INE660A07RT4
8137TCL24.NS,NSE_EQ|INE976I07CV5
813ABHF28.NS,NSE_EQ|INE831R07409
813AIFL32.NS,NSE_EQ|INE0AD508018
813GS2045.NS,NSE_EQ|IN0020150044
813LTF29.NS,NSE_EQ|INE498L07020
813PNBH33.NS,NSE_EQ|INE572E07142
814KSFP36.NS,NSE_EQ|INE0DZE08034
814TPL27.NS,NSE_EQ|INE725H08212
815ANN29.NS,NSE_EQ|INE1N2P24034
815ANN30.NS,NSE_EQ|INE1N2P24042
815ANN31.NS,NSE_EQ|INE1N2P24018
815ANN32.NS,NSE_EQ|INE1N2P24026
815GHFL35.NS,NSE_EQ|INE02JD08015
815GIL29.NS,NSE_EQ|INE233A08147
815GS2026.NS,NSE_EQ|IN0020140060
815JK30.NS,NSE_EQ|IN4920200024
815LTF27.NS,NSE_EQ|INE498L07012
815MOFS28.NS,NSE_EQ|INE338I07198
815PHFL27.NS,NSE_EQ|INE572E07183
815PNB27.NS,NSE_EQ|INE572E07191
815SICC26.NS,NSE_EQ|INE535H07CM0
815SICC27.NS,NSE_EQ|INE535H07CL2
816ABCL29.NS,NSE_EQ|INE860H07IW8
816KSFP29.NS,NSE_EQ|INE0DZE07044
816LTFH27.NS,NSE_EQ|INE498L07046
817ABHF27.NS,NSE_EQ|INE831R07466
817GHFL30.NS,NSE_EQ|INE02JD07066
817GS2044.NS,NSE_EQ|IN0020140078
817TFSIL27.NS,NSE_EQ|INE692Q07506
818CANF29.NS,NSE_EQ|INE477A07399
818GFL26.NS,NSE_EQ|INE02KN07063
818TFSIL27.NS,NSE_EQ|INE692Q07522
818TPL27.NS,NSE_EQ|INE725H08220
819CIFL26.NS,NSE_EQ|INE121A07SK4
819CIFL27.NS,NSE_EQ|INE121A07SM0
81ABCL29.NS,NSE_EQ|INE860H07JA2
81ABCL33.NS,NSE_EQ|INE860H07IS6
81TCHF28.NS,NSE_EQ|INE033L07GS6
820ABHF27.NS,NSE_EQ|INE831R07425
820ABHFL27.NS,NSE_EQ|INE831R07441
820ABSLI34.NS,NSE_EQ|INE951F08051
820CANF27.NS,NSE_EQ|INE477A07423
820CIFL28.NS,NSE_EQ|INE121A07SL2
820IIFL27.NS,NSE_EQ|INE477L07AN9
820KSFP36.NS,NSE_EQ|INE0DZE08026
820MFL30.NS,NSE_EQ|INE414G07JP8
820TFSIL29.NS,NSE_EQ|INE692Q07514
820TPL26.NS,NSE_EQ|INE725H08121
823SFL34.NS,NSE_EQ|INE660A08CI7
824GS2027.NS,NSE_EQ|IN0020060078
824GS2033.NS,NSE_EQ|IN0020140052
824LTF27.NS,NSE_EQ|INE498L07038
824PHFL28.NS,NSE_EQ|INE572E07175
8254KSFP29.NS,NSE_EQ|INE0DZE07028
8258TCL27.NS,NSE_EQ|INE976I07CT9
825BTL27.NS,NSE_EQ|INE403D08223
825CFHL27.NS,NSE_EQ|INE477A07381
825NOM27.NS,NSE_EQ|INE127K08017
825SMFG27.NS,NSE_EQ|INE213W07285
825TCSL27.NS,NSE_EQ|INE729N07073
825TCSL28.NS,NSE_EQ|INE729N07081
825TPL27.NS,NSE_EQ|INE725H08196
826GS2027.NS,NSE_EQ|IN0020070036
8277SMF27.NS,NSE_EQ|INE535H07CH0
828GS2027.NS,NSE_EQ|IN0020070069
828GS2032.NS,NSE_EQ|IN0020060086
828PHFL26.NS,NSE_EQ|INE572E07167
828SICC26.NS,NSE_EQ|INE535H07CK4
829PFL29.NS,NSE_EQ|INE511C07706
82HUDCO27.NS,NSE_EQ|INE031A07840
82IGT31.NS,NSE_EQ|INE219X07264
83044SMF29.NS,NSE_EQ|INE535H07CF4
830ABCL26.NS,NSE_EQ|INE860H07IJ5
830ABHFL34.NS,NSE_EQ|INE831R08092
830CIFC26.NS,NSE_EQ|INE121A07QW3
830NHAI27.NS,NSE_EQ|INE906B07CB9
830PFCL27.NS,NSE_EQ|INE134E07208
830SICC27.NS,NSE_EQ|INE535H07CJ6
830SMF29.NS,NSE_EQ|INE535H07CI8
830TFSIL27.NS,NSE_EQ|INE692Q07498
830TPL28.NS,NSE_EQ|INE725H08238
831ABCL34.NS,NSE_EQ|INE860H08EL8
831RJ27.NS,NSE_EQ|IN2920200036
832GS2032.NS,NSE_EQ|IN0020070044
832HHFL27.NS,NSE_EQ|INE800X07105
832HHFL27A.NS,NSE_EQ|INE800X07097
832TFSIL29.NS,NSE_EQ|INE692Q07472
832TPL27.NS,NSE_EQ|INE813H07382
832TPL28.NS,NSE_EQ|INE813H07374
832TPL29.NS,NSE_EQ|INE813H07366
833ABCL27.NS,NSE_EQ|INE860H07IY4
833GS2026.NS,NSE_EQ|IN0020120039
833GS2032.NS,NSE_EQ|IN0020070077
833GS2036.NS,NSE_EQ|IN0020060045
833PHFL29.NS,NSE_EQ|INE572E07159
833TPL27.NS,NSE_EQ|INE725H08188
834MLICL35.NS,NSE_EQ|INE511N08024
835GFL28.NS,NSE_EQ|INE02KN07071
835KSFL27.NS,NSE_EQ|INE0DZE07036
835SCL23A.NS,NSE_EQ|INE148I07RR7
835SCL23B.NS,NSE_EQ|INE148I07RZ0
835SMFG27.NS,NSE_EQ|INE213W07277
835TCSL27.NS,NSE_EQ|INE729N07065
835TPL27.NS,NSE_EQ|INE725H08204
83645TFS27.NS,NSE_EQ|INE692Q07480
836GIL26.NS,NSE_EQ|INE233A08121
837IIFL28.NS,NSE_EQ|INE530B07658
837REC33.NS,NSE_EQ|INE020B07HQ6
837SMFG29.NS,NSE_EQ|INE535H07CE7
83GS2040.NS,NSE_EQ|IN0020100031
83GS2042.NS,NSE_EQ|IN0020120062
83TCHF28.NS,NSE_EQ|INE033L07GT4
840CIFCL27.NS,NSE_EQ|INE121A07RP5
840CIFCL28.NS,NSE_EQ|INE121A07QY9
840CIFL27.NS,NSE_EQ|INE121A07SH0
840CIFL32.NS,NSE_EQ|INE121A08PX1
840GHFL28.NS,NSE_EQ|INE02JD07041
840GIL27.NS,NSE_EQ|INE233A08113
840IRFC29.NS,NSE_EQ|INE053F07660
840MCSL31.NS,NSE_EQ|INE296G07317
840NIRMA26.NS,NSE_EQ|INE091A07216
840TPL27.NS,NSE_EQ|INE813H07341
840TPL28.NS,NSE_EQ|INE813H07333
840TPL29.NS,NSE_EQ|INE813H07325
842GIL27.NS,NSE_EQ|INE233A08139
842HFL27.NS,NSE_EQ|INE957N07823
842IIFL26.NS,NSE_EQ|INE530B07161
842SCL27.NS,NSE_EQ|INE148I07XR5
843IHFL29.NS,NSE_EQ|INE477L07AQ2
843SCFL27.NS,NSE_EQ|INE148I07LD0
843SCL27.NS,NSE_EQ|INE148I07LU4
845GHFL29.NS,NSE_EQ|INE02JD07058
845NOM27.NS,NSE_EQ|INE357L07507
845NOM27A.NS,NSE_EQ|INE357L07499
846REC28.NS,NSE_EQ|INE020B07HP8
847TPL26.NS,NSE_EQ|INE725H08162
848AEL29.NS,NSE_EQ|INE423A07492
848NTPC28.NS,NSE_EQ|INE733E07JF7
849ABSLI34.NS,NSE_EQ|INE951F08069
84AIL28.NS,NSE_EQ|INE101I08081
84CIFCL28.NS,NSE_EQ|INE121A07RE9
84TCHF28.NS,NSE_EQ|INE033L07GU2
850CIFCL26.NS,NSE_EQ|INE121A07RO8
850CIFL27.NS,NSE_EQ|INE121A07SG2
850CIFL34.NS,NSE_EQ|INE121A07SJ6
850HHFL27.NS,NSE_EQ|INE800X07071
850IIFL27.NS,NSE_EQ|INE477L07AO7
850IIFL28.NS,NSE_EQ|INE530B08219
850KGEL30.NS,NSE_EQ|INE542W07014
850NHAI29.NS,NSE_EQ|INE906B07DE1
850NIRMA27.NS,NSE_EQ|INE091A07208
850SCL25A.NS,NSE_EQ|INE148I08348
850TIAP28A.NS,NSE_EQ|INE723X07240
850TIAP28B.NS,NSE_EQ|INE723X07257
850TIAPL28.NS,NSE_EQ|INE723X07232
850TPL26.NS,NSE_EQ|INE725H08170
851HUDCO28.NS,NSE_EQ|INE031A07915
852IIFL29.NS,NSE_EQ|INE530B07591
852LTF27.NS,NSE_EQ|INE027E07AM9
852MFL28.NS,NSE_EQ|INE414G07JN3
852MFL28A.NS,NSE_EQ|INE414G07JO1
854NHPC28.NS,NSE_EQ|INE848E07526
855IREDA29.NS,NSE_EQ|INE202E07120
855IREDA34.NS,NSE_EQ|INE202E07146
855NCPL26.NS,NSE_EQ|INE357L07465
855TCAPS27.NS,NSE_EQ|INE306N07LL7
857CIFL32.NS,NSE_EQ|INE121A08PV5
857IHFL26.NS,NSE_EQ|INE477L07BI7
858CIF27.NS,NSE_EQ|INE121A07SB3
858HUDCO29.NS,NSE_EQ|INE031A07972
859CIFCL29.NS,NSE_EQ|INE121A07SA5
85CIFC27.NS,NSE_EQ|INE121A07RT7
85GHFL27.NS,NSE_EQ|INE02JD07033
85IFL26.NS,NSE_EQ|INE530B07344
85LTF26.NS,NSE_EQ|INE027E07BB0
85PCHFL26.NS,NSE_EQ|INE516Y07360
85PFL26A.NS,NSE_EQ|INE511C07714
860AEL28.NS,NSE_EQ|INE423A07484
860CIFC29.NS,NSE_EQ|INE121A07RX9
860CIFCL28.NS,NSE_EQ|INE121A07RM2
860CIFCL29.NS,NSE_EQ|INE121A07RY7
860GFL27.NS,NSE_EQ|INE02KN07048
860HFL29.NS,NSE_EQ|INE957N07773
860MFL28.NS,NSE_EQ|INE414G07JM5
860TPL31.NS,NSE_EQ|INE725H08246
861REC34.NS,NSE_EQ|INE020B07IE0
862AEL31.NS,NSE_EQ|INE423A07518
862HHFL29.NS,NSE_EQ|INE800X07063
862REC33.NS,NSE_EQ|INE020B07HT0
863IRFC29.NS,NSE_EQ|INE053F07728
863NHB29.NS,NSE_EQ|INE557F07090
863NHB34.NS,NSE_EQ|INE557F07108
863REC29.NS,NSE_EQ|INE020B07ID2
864CIFL29.NS,NSE_EQ|INE121A07SE7
864CIFL29A.NS,NSE_EQ|INE121A07SF4
865BTL27.NS,NSE_EQ|INE403D08231
865CIF29.NS,NSE_EQ|INE121A07SC1
865CIFC865.NS,NSE_EQ|INE121A07RW1
865CIFL29.NS,NSE_EQ|INE121A07SD9
865HHFL30.NS,NSE_EQ|INE800X07089
865IFL28.NS,NSE_EQ|INE530B07385
865IHFL27.NS,NSE_EQ|INE477L07BB2
865IIFL28.NS,NSE_EQ|INE530B07310
865IIFL31.NS,NSE_EQ|INE530B07633
865IRFC29.NS,NSE_EQ|INE053F07686
865LTF26.NS,NSE_EQ|INE027E07BC8
865MFL28.NS,NSE_EQ|INE414G07JL7
865NHB34.NS,NSE_EQ|INE557F07165
865SCL24B.NS,NSE_EQ|INE148I07MK3
865SCL26.NS,NSE_EQ|INE148I07GJ7
865SCL27.NS,NSE_EQ|INE148I07XG8
865SCL28.NS,NSE_EQ|INE148I07XH6
865TCAPS27.NS,NSE_EQ|INE306N07LM5
865TVSH29.NS,NSE_EQ|INE105A08022
866CIFCL33.NS,NSE_EQ|INE121A08PY9
866IIFC34B.NS,NSE_EQ|INE787H07347
866NTPC33.NS,NSE_EQ|INE733E07JG5
866SFIL23A.NS,NSE_EQ|INE244L07564
867MUTF30.NS,NSE_EQ|INE414G07JK9
867NHPC33.NS,NSE_EQ|INE848E07534
867PFCL33.NS,NSE_EQ|INE134E07455
868NHB29.NS,NSE_EQ|INE557F07157
86CIFC29.NS,NSE_EQ|INE121A07RV3
86GS2028.NS,NSE_EQ|IN0020140011
870IIFL28.NS,NSE_EQ|INE530B07617
871REC28.NS,NSE_EQ|INE020B07HS2
872MMFSL26.NS,NSE_EQ|INE774D08LU6
873NTPC28.NS,NSE_EQ|INE733E07JI1
875AEL29.NS,NSE_EQ|INE423A07534
875AOL27.NS,NSE_EQ|INE732I07010
875BTL28.NS,NSE_EQ|INE403D08256
875BTL29.NS,NSE_EQ|INE403D08264
875CIFL32.NS,NSE_EQ|INE121A08PU7
875GFL27.NS,NSE_EQ|INE02KN07022
875IHFL29.NS,NSE_EQ|INE477L07AR0
875IIFL26.NS,NSE_EQ|INE530B07179
875MOF27.NS,NSE_EQ|INE01WN07136
875NHAI29.NS,NSE_EQ|INE906B07DF8
875PCHFL26.NS,NSE_EQ|INE516Y07410
875PCHFL31.NS,NSE_EQ|INE516Y07378
875PFL27.NS,NSE_EQ|INE202B07JW4
875SCFL27.NS,NSE_EQ|INE148I07LB4
875SCL23A.NS,NSE_EQ|INE148I07RU1
875SCL27.NS,NSE_EQ|INE148I07LS8
875SCL27A.NS,NSE_EQ|INE148I07XC7
875SFL27.NS,NSE_EQ|INE721A07PK7
875TCAPS29.NS,NSE_EQ|INE306N08334
875TVSH30.NS,NSE_EQ|INE105A08030
876HUDCO28.NS,NSE_EQ|INE031A07949
878MFL27.NS,NSE_EQ|INE414G07IR6
878MUTF29.NS,NSE_EQ|INE414G07JJ1
879NHPC28.NS,NSE_EQ|INE848E07559
879SCL26.NS,NSE_EQ|INE148I08231
879SCL30.NS,NSE_EQ|INE148I07YI2
87HFL26.NS,NSE_EQ|INE957N07807
87HFL27.NS,NSE_EQ|INE957N07815
87LTF27.NS,NSE_EQ|INE027E07AN7
87MFL36.NS,NSE_EQ|INE414G08355
87SCL27.NS,NSE_EQ|INE148I07MD8
880IIFL26.NS,NSE_EQ|INE530B07567
880IREDA29.NS,NSE_EQ|INE202E07138
880IREDA34.NS,NSE_EQ|INE202E07153
880MOF27.NS,NSE_EQ|INE01WN07128
880PFL28.NS,NSE_EQ|INE202B07JV6
883GS2041.NS,NSE_EQ|IN0020110063
884LTF29.NS,NSE_EQ|INE027E07980
885AEL28.NS,NSE_EQ|INE423A07427
885CIFCL34.NS,NSE_EQ|INE121A08PM4
885ICFL28.NS,NSE_EQ|INE896L07AN0
885IHL26.NS,NSE_EQ|INE477L07AZ3
885IIFL29.NS,NSE_EQ|INE530B07575
885LTF27.NS,NSE_EQ|INE027E07AK3
885MFL28.NS,NSE_EQ|INE414G07IS4
885MFL29.NS,NSE_EQ|INE414G07JA0
885MOFSL26.NS,NSE_EQ|INE338I07131
885NACL28.NS,NSE_EQ|INE850M07509
885NOM28.NS,NSE_EQ|INE357L07481
885SCL26.NS,NSE_EQ|INE148I07GK5
885TCAPS29.NS,NSE_EQ|INE306N08342
885TIAPL29.NS,NSE_EQ|INE723X07265
886REC34.NS,NSE_EQ|INE020B07IH3
886SCL30.NS,NSE_EQ|INE148I07YH4
8887HFL26.NS,NSE_EQ|INE957N07799
888ECL28.NS,NSE_EQ|INE528S07110
888IRFC29.NS,NSE_EQ|INE053F07744
888NHB29.NS,NSE_EQ|INE557F07124
888REC29.NS,NSE_EQ|INE020B07IG5
888SCL25D.NS,NSE_EQ|INE148I07QC1
888SCL25E.NS,NSE_EQ|INE148I07PV3
888SCL26.NS,NSE_EQ|INE148I07SB9
888SCL26A.NS,NSE_EQ|INE148I07TD3
888SCL26X.NS,NSE_EQ|INE148I07VQ1
888SCL28.NS,NSE_EQ|INE148I07XK0
889SCFL27.NS,NSE_EQ|INE148I07LE8
889SCL26.NS,NSE_EQ|INE148I07KN1
889SCL27.NS,NSE_EQ|INE148I07LV2
889SCL28.NS,NSE_EQ|INE148I08322
88TIAPL29.NS,NSE_EQ|INE723X07273
890AEL31.NS,NSE_EQ|INE423A07526
890ALSL27.NS,NSE_EQ|INE563J08023
890BTL31.NS,NSE_EQ|INE403D08249
890BTL34.NS,NSE_EQ|INE403D08215
890MFL27.NS,NSE_EQ|INE414G07JB8
890MFL27A.NS,NSE_EQ|INE414G07JI3
890NCPL28.NS,NSE_EQ|INE357L07473
890NHB34.NS,NSE_EQ|INE557F07199
890SFIL23A.NS,NSE_EQ|INE244L07523
891IIFCL34.NS,NSE_EQ|INE787H07370
891NTPC33.NS,NSE_EQ|INE733E07JJ9
892CIFL34.NS,NSE_EQ|INE121A08PR3
892NHPC33.NS,NSE_EQ|INE848E07567
892PFCL33.NS,NSE_EQ|INE134E07463
893NHB29.NS,NSE_EQ|INE557F07181
894SCL27.NS,NSE_EQ|INE148I07NG9
895AEL27.NS,NSE_EQ|INE423A07450
895MFL27.NS,NSE_EQ|INE414G07JD4
895PAPL27.NS,NSE_EQ|INE163K07139
895PAPL28.NS,NSE_EQ|INE163K07147
895PAPL28A.NS,NSE_EQ|INE163K07154
895PAPL28B.NS,NSE_EQ|INE163K07162
896KL35.NS,NSE_EQ|IN2020200035
897GS2030.NS,NSE_EQ|IN0020110055
897MFL27.NS,NSE_EQ|INE414G07JH5
897MOFSL29.NS,NSE_EQ|INE338I07164
898LTF29.NS,NSE_EQ|INE027E07998
89ICFL28.NS,NSE_EQ|INE896L07AM2
89IHFL29.NS,NSE_EQ|INE477L07BG1
89SCL24A.NS,NSE_EQ|INE148I07NA2
8ABCL26.NS,NSE_EQ|INE860H07IQ0
8ABHF34.NS,NSE_EQ|INE831R07417
8AR30.NS,NSE_EQ|IN1120200010
8AS30.NS,NSE_EQ|IN1220200019
8BACL30.NS,NSE_EQ|INE18UV08010
8BACL30A.NS,NSE_EQ|INE18UV08028
8HR30.NS,NSE_EQ|IN1620200015
8IHFL27.NS,NSE_EQ|INE477L07BK3
8MN30.NS,NSE_EQ|IN2320200016
8SMC29.NS,NSE_EQ|INE05NX24023
8SMC30.NS,NSE_EQ|INE05NX24031
900CIFL35.NS,NSE_EQ|INE121A08PS1
901HUDCO34.NS,NSE_EQ|INE031A07AB2
901NHB34.NS,NSE_EQ|INE557F07132
902MFL27.NS,NSE_EQ|INE414G07JF9
902SCL2030.NS,NSE_EQ|INE148I07XZ8
902SCL26.NS,NSE_EQ|INE148I07QE7
902SCL26A.NS,NSE_EQ|INE148I07QM0
902SCL26I.NS,NSE_EQ|INE148I07OQ6
902SCL27.NS,NSE_EQ|INE148I07SJ2
902SCL27A.NS,NSE_EQ|INE148I07TH4
902SCL27C.NS,NSE_EQ|INE148I07UD1
902SCL27Q.NS,NSE_EQ|INE148I07VJ6
902SCL28.NS,NSE_EQ|INE148I07WU1
902SCL30.NS,NSE_EQ|INE148I07XM6
903MFL29.NS,NSE_EQ|INE414G07JE2
903SFL28.NS,NSE_EQ|INE721A07NU1
905CIFL32.NS,NSE_EQ|INE121A08PT9
905LTF27.NS,NSE_EQ|INE027E07AL1
905PFL26.NS,NSE_EQ|INE140A07740
905SC24B.NS,NSE_EQ|INE148I07ML1
905SCL36.NS,NSE_EQ|INE148I07YJ0
909MFL29.NS,NSE_EQ|INE414G07JG7
910CIFL31.NS,NSE_EQ|INE121A08PP7
910HFL35.NS,NSE_EQ|INE957N08193
910HFL36.NS,NSE_EQ|INE957N08201
910HFL37.NS,NSE_EQ|INE957N08219
910TCAP28.NS,NSE_EQ|INE306N08292
910TIAPL26.NS,NSE_EQ|INE723X07216
912PFL27.NS,NSE_EQ|INE140A07831
915AEL28.NS,NSE_EQ|INE423A07435
915APSBC26.NS,NSE_EQ|INE0M2307362
915APSBC27.NS,NSE_EQ|INE0M2307321
915APSBC28.NS,NSE_EQ|INE0M2307370
915APSBC29.NS,NSE_EQ|INE0M2307354
915APSBC30.NS,NSE_EQ|INE0M2307339
915APSBC31.NS,NSE_EQ|INE0M2307388
915APSBC32.NS,NSE_EQ|INE0M2307347
915APSBC33.NS,NSE_EQ|INE0M2307404
915APSBC34.NS,NSE_EQ|INE0M2307412
915APSBC35.NS,NSE_EQ|INE0M2307396
915PFL27.NS,NSE_EQ|INE202B07JR4
915SCL26.NS,NSE_EQ|INE148I08256
915SCL27.NS,NSE_EQ|INE148I07ME6
915SCL27A.NS,NSE_EQ|INE148I07MV0
915SCL30.NS,NSE_EQ|INE148I07YF8
918IHFL28.NS,NSE_EQ|INE477L07BJ5
919PFL28.NS,NSE_EQ|INE140A07849
91D040626.NS,NSE_EQ|IN002025X489
91D070526.NS,NSE_EQ|IN002025X448
91D090426.NS,NSE_EQ|IN002025X406
91D140526.NS,NSE_EQ|IN002025X455
91D170426.NS,NSE_EQ|IN002025X414
91D190326.NS,NSE_EQ|IN002025X380
91D220526.NS,NSE_EQ|IN002025X463
91D230426.NS,NSE_EQ|IN002025X422
91D270326.NS,NSE_EQ|IN002025X398
91D280526.NS,NSE_EQ|IN002025X471
91D300426.NS,NSE_EQ|IN002025X430
91ICFL29.NS,NSE_EQ|INE896L07AO8
91MOFSL27.NS,NSE_EQ|INE338I07149
91PFL27.NS,NSE_EQ|INE202B07JS2
91PFL30.NS,NSE_EQ|INE202B07JU8
91PFL35.NS,NSE_EQ|INE140A07815
91SFL27.NS,NSE_EQ|INE721A07PN1
920DCBBL34.NS,NSE_EQ|INE503A08069
920HFL30.NS,NSE_EQ|INE957N08151
920IIFLS26.NS,NSE_EQ|INE413U07285
920ISF28B.NS,NSE_EQ|INE413U07459
920PFL28.NS,NSE_EQ|INE140A07765
920SCL28.NS,NSE_EQ|INE148I07YC5
920SCL32.NS,NSE_EQ|INE148I07XN4
920SCL36.NS,NSE_EQ|INE148I07YK8
923GS2043.NS,NSE_EQ|IN0020130079
925AEL26.NS,NSE_EQ|INE423A07351
925BCIL28.NS,NSE_EQ|INE087M08134
925BCIPL28.NS,NSE_EQ|INE087M08126
925CAGL26.NS,NSE_EQ|INE741K07595
925ECL28.NS,NSE_EQ|INE528S07128
925IHFL25E.NS,NSE_EQ|INE121A07RF6
925IHFL29.NS,NSE_EQ|INE477L07BH9
925IHFL31.NS,NSE_EQ|INE477L07BE6
925IIFL32.NS,NSE_EQ|INE530B08193
925IIFL32A.NS,NSE_EQ|INE530B08227
925ISF28.NS,NSE_EQ|INE413U07442
925ISF29.NS,NSE_EQ|INE413U07467
925PFL30.NS,NSE_EQ|INE202B07JQ6
925SCFL27.NS,NSE_EQ|INE148I07LC2
925SCL2028.NS,NSE_EQ|INE148I07XP9
925SCL25G.NS,NSE_EQ|INE148I07RA3
925SCL26.NS,NSE_EQ|INE148I07KM3
925SCL26A.NS,NSE_EQ|INE148I07SA1
925SCL26B.NS,NSE_EQ|INE148I07SC7
925SCL26C.NS,NSE_EQ|INE148I07SZ8
925SCL26D.NS,NSE_EQ|INE148I07TC5
925SCL26E.NS,NSE_EQ|INE148I07TZ6
925SCL26F.NS,NSE_EQ|INE148I07UI0
925SCL26G.NS,NSE_EQ|INE148I07UY7
925SCL26W.NS,NSE_EQ|INE148I07VL2
925SCL26Z.NS,NSE_EQ|INE148I07UZ4
925SCL27.NS,NSE_EQ|INE148I07LT6
925SCL27A.NS,NSE_EQ|INE148I07VY5
925SCL27B.NS,NSE_EQ|INE148I07WH8
925SCL28.NS,NSE_EQ|INE148I07NX4
925SCL28A.NS,NSE_EQ|INE148I07QS7
925SCL28B.NS,NSE_EQ|INE148I07RS5
925SCL28C.NS,NSE_EQ|INE148I07PL4
925SCL28I.NS,NSE_EQ|INE148I07OU8
925SCL29.NS,NSE_EQ|INE148I07SO2
925SCL29A.NS,NSE_EQ|INE148I07TQ5
925SCL29C.NS,NSE_EQ|INE148I07UJ8
925SCL29S.NS,NSE_EQ|INE148I07VB3
925SCL30.NS,NSE_EQ|INE148I07YB7
925SCL30A.NS,NSE_EQ|INE148I07XS3
92GS2030.NS,NSE_EQ|IN0020130053
92LMAEL31.NS,NSE_EQ|INE281B07013
92LTF29.NS,NSE_EQ|INE027E07964
92SFIL28.NS,NSE_EQ|INE244L07184
930AEL30.NS,NSE_EQ|INE423A07393
930APMD27.NS,NSE_EQ|INE0TLC07085
930APMD28.NS,NSE_EQ|INE0TLC07093
930APMD29.NS,NSE_EQ|INE0TLC07069
930APMD30.NS,NSE_EQ|INE0TLC07077
930APMD31.NS,NSE_EQ|INE0TLC07051
930APMD32.NS,NSE_EQ|INE0TLC07101
930APMD33.NS,NSE_EQ|INE0TLC07028
930APMD34.NS,NSE_EQ|INE0TLC07044
930APMD35.NS,NSE_EQ|INE0TLC07036
930IIFL27.NS,NSE_EQ|INE530B07534
930IIFL35.NS,NSE_EQ|INE530B08185
930IIFL35A.NS,NSE_EQ|INE530B08235
930PCHFL27.NS,NSE_EQ|INE516Y07519
930PFL27A.NS,NSE_EQ|INE202B07JP8
930PFL29.NS,NSE_EQ|INE140A07823
930SCL2035.NS,NSE_EQ|INE148I07YE1
930SCL35.NS,NSE_EQ|INE148I07XE3
930SFL28.NS,NSE_EQ|INE721A07OC7
931SFIL26A.NS,NSE_EQ|INE244L07150
931SFL26.NS,NSE_EQ|INE721A07PA8
932AEL27.NS,NSE_EQ|INE423A07310
935AKCF27.NS,NSE_EQ|INE197P07334
935IIFL28.NS,NSE_EQ|INE530B07518
935LTF29.NS,NSE_EQ|INE027E07972
935MOFSL29.NS,NSE_EQ|INE338I07107
935PFL33.NS,NSE_EQ|INE140A07773
935SCL28.NS,NSE_EQ|INE148I08330
935TSI27.NS,NSE_EQ|INE1C3207057
935TSI29.NS,NSE_EQ|INE1C3207073
935TSI30.NS,NSE_EQ|INE1C3207065
935TSI31.NS,NSE_EQ|INE1C3207040
935TSI32.NS,NSE_EQ|INE1C3207032
935TSI34.NS,NSE_EQ|INE1C3207016
935TSIIC28.NS,NSE_EQ|INE1C3207081
935TSIIC33.NS,NSE_EQ|INE1C3207024
939SCL27.NS,NSE_EQ|INE148I07NN5
93HFL34.NS,NSE_EQ|INE957N08185
93MOFSL34.NS,NSE_EQ|INE338I07115
93SCL24A.NS,NSE_EQ|INE148I07MZ1
940CAGL27.NS,NSE_EQ|INE741K07587
940SCL26.NS,NSE_EQ|INE148I07PX9
940SCL26A.NS,NSE_EQ|INE148I07QH0
940SCL26B.NS,NSE_EQ|INE148I07RG0
940SCL26C.NS,NSE_EQ|INE148I07ON3
940SCL27.NS,NSE_EQ|INE148I07SH6
940SCL27A.NS,NSE_EQ|INE148I07UF6
940SCL28.NS,NSE_EQ|INE148I07WB1
940SFIL28.NS,NSE_EQ|INE244L07408
943ECL28.NS,NSE_EQ|INE804I078Y8
945SCL28.NS,NSE_EQ|INE148I07XA1
945SCL29.NS,NSE_EQ|INE148I07XB9
945SCL32.NS,NSE_EQ|INE148I07XD5
948SCL26.NS,NSE_EQ|INE148I07PZ4
948SCL26A.NS,NSE_EQ|INE148I07QK4
948SCL26B.NS,NSE_EQ|INE148I07RJ4
948SCL26I.NS,NSE_EQ|INE148I07OP8
948SCL27.NS,NSE_EQ|INE148I07SI4
948SCL27A.NS,NSE_EQ|INE148I07TL6
948SCL27D.NS,NSE_EQ|INE148I07UC3
948SCL27R.NS,NSE_EQ|INE148I07VH0
948SCL28.NS,NSE_EQ|INE148I07WV9
94SCL27.NS,NSE_EQ|INE148I07TI2
94SCL27U.NS,NSE_EQ|INE148I07VS7
94SFL28.NS,NSE_EQ|INE721A07NX5
950BCIPL28.NS,NSE_EQ|INE087M08118
950IIFL27.NS,NSE_EQ|INE530B07401
950ISF26.NS,NSE_EQ|INE413U07350
950ISF26A.NS,NSE_EQ|INE413U07368
950ISF27.NS,NSE_EQ|INE413U07384
950ISF27A.NS,NSE_EQ|INE413U07392
950ISF27B.NS,NSE_EQ|INE413U07400
950ISF27C.NS,NSE_EQ|INE413U07426
950ISF35.NS,NSE_EQ|INE413U08184
950SCL30.NS,NSE_EQ|INE148I07WY3
955SCL35.NS,NSE_EQ|INE148I07XF0
956AEL29.NS,NSE_EQ|INE423A07336
957ICCL25.NS,NSE_EQ|INE721A07ON4
957IIFLS27.NS,NSE_EQ|INE413U07327
957ISFL26.NS,NSE_EQ|INE413U07236
957NIDO26.NS,NSE_EQ|INE530L07210
957SCL30.NS,NSE_EQ|INE148I07PS9
957SCL31.NS,NSE_EQ|INE148I07ST1
957SFIL28.NS,NSE_EQ|INE244L07549
95PFL34.NS,NSE_EQ|INE140A07807
960IIFL30.NS,NSE_EQ|INE530B07484
960IIFLS26.NS,NSE_EQ|INE413U07335
960SCL32.NS,NSE_EQ|INE148I07XO2
960SCL35.NS,NSE_EQ|INE148I07YD3
960SFL35.NS,NSE_EQ|INE244L07614
965AEL27.NS,NSE_EQ|INE423A07328
965IFSL26.NS,NSE_EQ|INE321N07277
965ISF28.NS,NSE_EQ|INE413U07434
965SCL25C.NS,NSE_EQ|INE148I07ND6
965SCL25F.NS,NSE_EQ|INE148I07RB1
965SCL26.NS,NSE_EQ|INE148I07SD5
965SCL26A.NS,NSE_EQ|INE148I07TE1
965SCL26F.NS,NSE_EQ|INE148I07US9
965SCL26Y.NS,NSE_EQ|INE148I07VW9
965SCL27.NS,NSE_EQ|INE148I07WE5
965SCL28.NS,NSE_EQ|INE148I07NW6
965SCL28A.NS,NSE_EQ|INE148I07QQ1
965SCL28B.NS,NSE_EQ|INE148I07RM8
965SCL28C.NS,NSE_EQ|INE148I07PK6
965SCL29.NS,NSE_EQ|INE148I07SP9
965SCL29S.NS,NSE_EQ|INE148I07VV1
965SCL30.NS,NSE_EQ|INE148I07XL8
965SFL27.NS,NSE_EQ|INE244L07606
96IIFL28.NS,NSE_EQ|INE477L08154
96IIFL28A.NS,NSE_EQ|INE530B08102
96SFIL24A.NS,NSE_EQ|INE244L07168
970CAGL28.NS,NSE_EQ|INE741K07579
970ISF28.NS,NSE_EQ|INE413U07376
971SCL28.NS,NSE_EQ|INE148I07NV8
971SCL28A.NS,NSE_EQ|INE148I07QT5
971SCL28B.NS,NSE_EQ|INE148I07RO4
971SCL28C.NS,NSE_EQ|INE148I07PM2
971SCL28I.NS,NSE_EQ|INE148I07OT0
971SCL29.NS,NSE_EQ|INE148I07SN4
971SCL29A.NS,NSE_EQ|INE148I07TG6
971SCL29B.NS,NSE_EQ|INE148I07UN0
971SCL29T.NS,NSE_EQ|INE148I07VT5
971SCL30.NS,NSE_EQ|INE148I07WP1
971SCL30A.NS,NSE_EQ|INE148I07WJ4
975BNAL28.NS,NSE_EQ|INE00XL07015
975CCSP28.NS,NSE_EQ|INE157D07EO4
975IIFL28.NS,NSE_EQ|INE530B07476
975ISF28.NS,NSE_EQ|INE413U07418
975ISF35.NS,NSE_EQ|INE413U08176
975PCPL27.NS,NSE_EQ|INE389Z07070
975PCPL28.NS,NSE_EQ|INE389Z07088
975SCL27.NS,NSE_EQ|INE148I07SY1
975SCL28.NS,NSE_EQ|INE148I07KP6
975SCL28A.NS,NSE_EQ|INE148I07TY9
975SCL29.NS,NSE_EQ|INE148I07TX1
975SCL29A.NS,NSE_EQ|INE148I07UX9
975SCL35.NS,NSE_EQ|INE148I07WZ0
975SIPL27B.NS,NSE_EQ|INE391V07166
975SIPL29.NS,NSE_EQ|INE391V07174
97MOFSL34.NS,NSE_EQ|INE338I07123
97SFIL26A.NS,NSE_EQ|INE244L07176
97SFL26.NS,NSE_EQ|INE721A07PE0
97SFL28.NS,NSE_EQ|INE721A07OF0
97SFL29.NS,NSE_EQ|INE721A07OQ7
980SCL33.NS,NSE_EQ|INE148I07QZ2
980SCL33A.NS,NSE_EQ|INE148I07PU5
980SCL33B.NS,NSE_EQ|INE148I07RX5
980SCL33C.NS,NSE_EQ|INE148I07QD9
980SCL33D.NS,NSE_EQ|INE148I07RP1
980SCL34.NS,NSE_EQ|INE148I07SW5
980SCL34B.NS,NSE_EQ|INE148I07UU5
980SCL35.NS,NSE_EQ|INE148I07WA3
980SFIL28.NS,NSE_EQ|INE244L07317
980SFIL29.NS,NSE_EQ|INE244L07598
985CCSP27.NS,NSE_EQ|INE157D07EN6
985CCSP28.NS,NSE_EQ|INE157D07EP1
985ECL28.NS,NSE_EQ|INE804I079Y6
985SCL32.NS,NSE_EQ|INE148I07XI4
985SFIL28.NS,NSE_EQ|INE244L07416
98SCL34.NS,NSE_EQ|INE148I07TU7
98SCL34Z.NS,NSE_EQ|INE148I07VK4
98SFIL26.NS,NSE_EQ|INE244L07499
98VFPL28.NS,NSE_EQ|INE448U07257
990CCSP27.NS,NSE_EQ|INE157D07EM8
990IIFL26.NS,NSE_EQ|INE530B07450
990IIFL26A.NS,NSE_EQ|INE530B07435
990IIFL27.NS,NSE_EQ|INE530B07427
990IIFL27A.NS,NSE_EQ|INE530B07468
990SCL26.NS,NSE_EQ|INE148I07PY7
990SCL26A.NS,NSE_EQ|INE148I07QI8
990SCL26B.NS,NSE_EQ|INE148I07RN6
990SCL26I.NS,NSE_EQ|INE148I07OR4
990SCL27.NS,NSE_EQ|INE148I07SG8
990SCL27B.NS,NSE_EQ|INE148I07UE9
990SCL28.NS,NSE_EQ|INE148I07WI6
995CCSP27.NS,NSE_EQ|INE157D07EL0
995ISF28.NS,NSE_EQ|INE413U08143
995ISF28A.NS,NSE_EQ|INE413U08150
995ISF35.NS,NSE_EQ|INE413U08168
995SCL2035.NS,NSE_EQ|INE148I07XY1
995SCL35.NS,NSE_EQ|INE148I07VX7
99AEL29.NS,NSE_EQ|INE423A07344
99SCL27.NS,NSE_EQ|INE148I07TF8
99SCL27V.NS,NSE_EQ|INE148I07VR9
9AEL30.NS,NSE_EQ|INE423A07443
9CIFL34.NS,NSE_EQ|INE121A08PN2
9HFL34.NS,NSE_EQ|INE957N08110
9IHFL27.NS,NSE_EQ|INE477L07BC0
9IIFL26.NS,NSE_EQ|INE530B07559
9IIFL28.NS,NSE_EQ|INE530B07377
9IIFL28A.NS,NSE_EQ|INE530B07260
9IIFL31.NS,NSE_EQ|INE530B07609
9MMFSML.NS,NSE_EQ|INE774D08MA6
9PCHFL31A.NS,NSE_EQ|INE516Y07428
9PCPL28.NS,NSE_EQ|INE389Z07096
9PCPL28A.NS,NSE_EQ|INE389Z07104
9PCPL28B.NS,NSE_EQ|INE389Z07112
9PFL27.NS,NSE_EQ|INE202B07JT0
9SCL26B.NS,NSE_EQ|INE148I08249
9SCL26BA.NS,NSE_EQ|INE148I07GL3
9SCL27.NS,NSE_EQ|INE148I07YA9
9SCL28.NS,NSE_EQ|INE148I07XQ7
9TCAP28.NS,NSE_EQ|INE306N08284
9TIAPL28.NS,NSE_EQ|INE723X07224
A2ZINFRA.NS,NSE_EQ|INE619I01012
AAATECH.NS,NSE_EQ|INE0D0U01013
AADHARHFC.NS,NSE_EQ|INE883F01010
AAFS27A.NS,NSE_EQ|INE0L6807120
AAFS27B.NS,NSE_EQ|INE0L6807146
AAFS27B.NS,NSE_EQ|INE0L6807153
AAFS28.NS,NSE_EQ|INE0L6807161
AAFS28A.NS,NSE_EQ|INE0L6807179
AAFS28B.NS,NSE_EQ|INE0L6807187
AAFS28C.NS,NSE_EQ|INE0L6807195
AAFS29.NS,NSE_EQ|INE0L6807203
AAFS29A.NS,NSE_EQ|INE0L6807211
AAFS29B.NS,NSE_EQ|INE0L6807229
AAFS29C.NS,NSE_EQ|INE0L6807237
AAFS30.NS,NSE_EQ|INE0L6807245
AAFS30A.NS,NSE_EQ|INE0L6807252
AAFS30B.NS,NSE_EQ|INE0L6807260
AAFS30C.NS,NSE_EQ|INE0L6807278
AAFS30D.NS,NSE_EQ|INE0L6807286
AAFS34.NS,NSE_EQ|INE0L6808037
AAFS34A.NS,NSE_EQ|INE0L6808045
AAKAAR.NS,NSE_EQ|INE1GYP01013
AAKASH.NS,NSE_EQ|INE087Z01024
AARADHYA.NS,NSE_EQ|INE124401014
AAREYDRUGS.NS,NSE_EQ|INE198H01019
AARNAV.NS,NSE_EQ|INE750R01016
AARON.NS,NSE_EQ|INE721Z01010
AARTECH.NS,NSE_EQ|INE01C001026
AARTIDRUGS.NS,NSE_EQ|INE767A01016
AARTIIND.NS,NSE_EQ|INE769A01020
AARTIPHARM.NS,NSE_EQ|INE0LRU01027
AARTISURF.NS,NSE_EQ|INE09EO04017
AARTISURF.NS,NSE_EQ|INE09EO01013
AARVI.NS,NSE_EQ|INE754X01016
AATMAJ.NS,NSE_EQ|INE0OB201016
AAVAS.NS,NSE_EQ|INE216P01012
ABAN.NS,NSE_EQ|INE421A01028
ABB.NS,NSE_EQ|INE117A01022
ABBOTINDIA.NS,NSE_EQ|INE358A01014
ABCAPITAL.NS,NSE_EQ|INE674K01013
ABCL020925.NS,NSE_EQ|INE674K07093
ABCL26.NS,NSE_EQ|INE860H07IR8
ABCL28.NS,NSE_EQ|INE860H07IU2
ABCOTS.NS,NSE_EQ|INE08PH01015
ABCRESET27.NS,NSE_EQ|INE860H07IX6
ABCRESET28.NS,NSE_EQ|INE674K07101
ABDL.NS,NSE_EQ|INE552Z01027
ABFRL.NS,NSE_EQ|INE647O01011
ABGSEC.NS,NSE_EQ|INF209KC1134
ABHAPOWER.NS,NSE_EQ|INE0UYG01015
ABHF26625.NS,NSE_EQ|INE831R07599
ABINFRA.NS,NSE_EQ|INE00YB01025
ABLBL.NS,NSE_EQ|INE14LE01019
ABMINTLLTD.NS,NSE_EQ|INE251C01025
ABNINT.NS,NSE_EQ|INE982R01015
ABREL.NS,NSE_EQ|INE055A01016
ABSL10BANK.NS,NSE_EQ|INF209KC1670
ABSLAMC.NS,NSE_EQ|INE404A01024
ABSLBANETF.NS,NSE_EQ|INF209KB17D5
ABSLLIQUID.NS,NSE_EQ|INF209KB18T9
ABSLMSCIN.NS,NSE_EQ|INF209KC1662
ABSLNN50ET.NS,NSE_EQ|INF209KB16D7
ABSLPSE.NS,NSE_EQ|INF209KB19Z4
ABSMARINE.NS,NSE_EQ|INE0QRV01016
ACC.NS,NSE_EQ|INE012A01025
ACCELYA.NS,NSE_EQ|INE793A01012
ACCENTMIC.NS,NSE_EQ|INE0Q5D01013
ACCORD.NS,NSE_EQ|INE113X01015
ACCPL.NS,NSE_EQ|INE0T8T01010
ACCURACY.NS,NSE_EQ|INE648Z01023
ACE.NS,NSE_EQ|INE731H01025
ACEINTEG.NS,NSE_EQ|INE543V01017
ACETEC.NS,NSE_EQ|INE1J6M01010
ACI.NS,NSE_EQ|INE128X01021
ACL.NS,NSE_EQ|INE666E01020
ACMESOLAR.NS,NSE_EQ|INE622W01025
ACTIVEINFR.NS,NSE_EQ|INE0KLO01025
ACUTAAS.NS,NSE_EQ|INE00FF01025
ADANIENSOL.NS,NSE_EQ|INE931S01010
ADANIENT.NS,NSE_EQ|INE423A01024
ADANIGREEN.NS,NSE_EQ|INE364U01010
ADANIPORTS.NS,NSE_EQ|INE742F01042
ADANIPOWER.NS,NSE_EQ|INE814H01029
ADDICTIVE.NS,NSE_EQ|INE0RDH01021
ADFFOODS.NS,NSE_EQ|INE982B01027
ADL.NS,NSE_EQ|INE0CHO01012
ADOR.NS,NSE_EQ|INE045A01017
ADROITINFO.NS,NSE_EQ|INE737B01033
ADSL.NS,NSE_EQ|INE102I01027
ADVAIT.NS,NSE_EQ|INE0ALI01010
ADVANCE.NS,NSE_EQ|INE1B0W01010
ADVANIHOTR.NS,NSE_EQ|INE199C01026
ADVENTHTL.NS,NSE_EQ|INE28GN01010
ADVENZYMES.NS,NSE_EQ|INE837H01020
AEGISLOG.NS,NSE_EQ|INE208C01025
AEGISVOPAK.NS,NSE_EQ|INE0INX01018
AEL120126.NS,NSE_EQ|INE423A07559
AEL120924.NS,NSE_EQ|INE423A07369
AEL120924A.NS,NSE_EQ|INE423A07377
AEL120924B.NS,NSE_EQ|INE423A07385
AEL1212026.NS,NSE_EQ|INE423A07542
AEL12126.NS,NSE_EQ|INE423A07500
AEL170725.NS,NSE_EQ|INE423A07419
AEL170725A.NS,NSE_EQ|INE423A07468
AEL17725.NS,NSE_EQ|INE423A07401
AEQUS.NS,NSE_EQ|INE947N01017
AEROENTER.NS,NSE_EQ|INE065D01027
AEROFLEX.NS,NSE_EQ|INE024001021
AERON.NS,NSE_EQ|INE0WL801011
AERONEU.NS,NSE_EQ|INE035801013
AESTHETIK.NS,NSE_EQ|INE0TSF01011
AETHER.NS,NSE_EQ|INE0BWX01014
AFCONS.NS,NSE_EQ|INE101I01011
AFFLE.NS,NSE_EQ|INE00WC01027
AFFORDABLE.NS,NSE_EQ|INE692Z01013
AFIL.NS,NSE_EQ|INE916Y01027
AFSL.NS,NSE_EQ|INE00ZE01026
AGARIND.NS,NSE_EQ|INE204E01012
AGARWALEYE.NS,NSE_EQ|INE943P01029
AGARWALFT.NS,NSE_EQ|INE0MLA01012
AGARWALTUF.NS,NSE_EQ|INE0P8X01016
AGI.NS,NSE_EQ|INE415A01038
AGIIL.NS,NSE_EQ|INE976R01033
AGNI.NS,NSE_EQ|INE0LF301013
AGRITECH.NS,NSE_EQ|INE449G01018
AGROPHOS.NS,NSE_EQ|INE740V01019
AGSTRA.NS,NSE_EQ|INE583L01014
AGUL.NS,NSE_EQ|INE0O6N01012
AHCL.NS,NSE_EQ|INE0Y8W01017
AHIMSA.NS,NSE_EQ|INE136T01014
AHLADA.NS,NSE_EQ|INE00PV01013
AHLEAST.NS,NSE_EQ|INE926K01017
AHLUCONT.NS,NSE_EQ|INE758C01029
AIAENG.NS,NSE_EQ|INE212H01026
AIIL.NS,NSE_EQ|INE206F01022
AILIMITED.NS,NSE_EQ|INE0CAJ01017
AIMTRON.NS,NSE_EQ|INE0RUV01018
AIRAN.NS,NSE_EQ|INE645W01026
AIROLAM.NS,NSE_EQ|INE801L01010
AISL.NS,NSE_EQ|INE635Y01015
AJANTPHARM.NS,NSE_EQ|INE031B01049
AJAXENGG.NS,NSE_EQ|INE274Y01021
AJMERA.NS,NSE_EQ|INE298G01035
AJOONI.NS,NSE_EQ|INE820Y01021
AKANKSHA.NS,NSE_EQ|INE0PCY01014
AKASH.NS,NSE_EQ|INE737W01013
AKG.NS,NSE_EQ|INE00Y801016
AKI.NS,NSE_EQ|INE642Z01026
AKIKO.NS,NSE_EQ|INE0PMR01017
AKSHAR.NS,NSE_EQ|INE256Z01025
AKSHARCHEM.NS,NSE_EQ|INE542B01011
AKSHOPTFBR.NS,NSE_EQ|INE523B01011
AKUMS.NS,NSE_EQ|INE09XN01023
AKZOINDIA.NS,NSE_EQ|INE133A01011
ALANKIT.NS,NSE_EQ|INE914E01040
ALBERTDAVD.NS,NSE_EQ|INE155C01010
ALCODIS.NS,NSE_EQ|INE448V01019
ALEMBICLTD.NS,NSE_EQ|INE426A01027
ALGOQUANT.NS,NSE_EQ|INE598D01035
ALICON.NS,NSE_EQ|INE062D01024
ALIVUS.NS,NSE_EQ|INE03Q201024
ALKALI.NS,NSE_EQ|INE773I01017
ALKEM.NS,NSE_EQ|INE540L01014
ALKYLAMINE.NS,NSE_EQ|INE150B01039
ALLCARGO.NS,NSE_EQ|INE418H01029
ALLDIGI.NS,NSE_EQ|INE835G01018
ALLETEC.NS,NSE_EQ|INE0M2X01012
ALLTIME.NS,NSE_EQ|INE0GV601021
ALMONDZ.NS,NSE_EQ|INE326B01035
ALOKINDS.NS,NSE_EQ|INE270A01029
ALPA.NS,NSE_EQ|INE385I01010
ALPEXSOLAR.NS,NSE_EQ|INE0R4701017
ALPHA.NS,NSE_EQ|INF174KA1IA5
ALPHA27.NS,NSE_EQ|INE0L6807138
ALPHAETF.NS,NSE_EQ|INF769K01KU7
ALPHAGEO.NS,NSE_EQ|INE137C01018
ALPL30IETF.NS,NSE_EQ|INF109KC17V7
ALUWIND.NS,NSE_EQ|INE0STM01017
AMAGI.NS,NSE_EQ|INE121R01077
AMANTA.NS,NSE_EQ|INE084K01015
AMBANIORGO.NS,NSE_EQ|INE00C501018
AMBER.NS,NSE_EQ|INE371P01015
AMBEY.NS,NSE_EQ|INE0M3I01029
AMBICAAGAR.NS,NSE_EQ|INE792B01012
AMBIKCO.NS,NSE_EQ|INE540G01014
AMBUJACEM.NS,NSE_EQ|INE079A01024
AMCL.NS,NSE_EQ|INE0VG001016
AMDIND.NS,NSE_EQ|INE005I01014
AMEYA.NS,NSE_EQ|INE0KT901015
AMIABLE.NS,NSE_EQ|INE0MTP01013
AMJLAND.NS,NSE_EQ|INE606A01024
AMNPLST.NS,NSE_EQ|INE275D01022
AMRUTANJAN.NS,NSE_EQ|INE098F01031
ANANDRATHI.NS,NSE_EQ|INE463V01026
ANANTAM.NS,NSE_EQ|INE1UA823019
ANANTRAJ.NS,NSE_EQ|INE242C01024
ANDHRAPAP.NS,NSE_EQ|INE435A01051
ANDHRSUGAR.NS,NSE_EQ|INE715B01021
ANGELONE.NS,NSE_EQ|INE732I01021
ANIKINDS.NS,NSE_EQ|INE087B01017
ANKITMETAL.NS,NSE_EQ|INE106I01010
ANLON.NS,NSE_EQ|INE0LR101013
ANMOL.NS,NSE_EQ|INE02AR01019
ANNAPURNA.NS,NSE_EQ|INE0MGM01017
ANONDITA.NS,NSE_EQ|INE0VTV01012
ANSALAPI.NS,NSE_EQ|INE436A01026
ANTELOPUS.NS,NSE_EQ|INE818A01017
ANTGRAPHIC.NS,NSE_EQ|INE414B01021
ANTHEM.NS,NSE_EQ|INE0CZ201020
ANUHPHR.NS,NSE_EQ|INE489G01022
ANUP.NS,NSE_EQ|INE294Z01018
ANURAS.NS,NSE_EQ|INE930P01018
ANURAS.NS,NSE_EQ|INE930P13013
ANYA.NS,NSE_EQ|INE0SI601032
ANZEN.NS,NSE_EQ|INE0MIZ23019
AONEGOLD.NS,NSE_EQ|INF1J2R01114
AONELIQUID.NS,NSE_EQ|INF1J2R01056
AONENIFTY.NS,NSE_EQ|INF1J2R01064
AONESILVER.NS,NSE_EQ|INF1J2R01171
AONETMMQ50.NS,NSE_EQ|INF1J2R01148
AONETOTAL.NS,NSE_EQ|INF1J2R01015
APARINDS.NS,NSE_EQ|INE372A01015
APCL.NS,NSE_EQ|INE071F01012
APCOTEXIND.NS,NSE_EQ|INE116A01032
APEX.NS,NSE_EQ|INE346W01013
APEXECO.NS,NSE_EQ|INE0T4V01015
APLAPOLLO.NS,NSE_EQ|INE702C01027
APLLTD.NS,NSE_EQ|INE901L01018
APOLLO.NS,NSE_EQ|INE713T01028
APOLLOHOSP.NS,NSE_EQ|INE437A01024
APOLLOPIPE.NS,NSE_EQ|INE126J01016
APOLLOTYRE.NS,NSE_EQ|INE438A01022
APOLSINHOT.NS,NSE_EQ|INE451F01024
APRAMEYA.NS,NSE_EQ|INE0LQG01010
APS.NS,NSE_EQ|INE0P0001010
APTECHT.NS,NSE_EQ|INE266F01018
APTUS.NS,NSE_EQ|INE852O01025
AQYLON.NS,NSE_EQ|INE416A01051
ARABIAN.NS,NSE_EQ|INE08NJ01024
ARCHIDPLY.NS,NSE_EQ|INE877I01016
ARCHIES.NS,NSE_EQ|INE731A01020
ARCIIL.NS,NSE_EQ|INE0YDV01010
ARE&M.NS,NSE_EQ|INE885A01032
ARENTERP.NS,NSE_EQ|INE610C01014
ARFIN.NS,NSE_EQ|INE784R01023
ARHAM.NS,NSE_EQ|INE0L2Y01011
ARIES.NS,NSE_EQ|INE298I01015
ARIHANTACA.NS,NSE_EQ|INE0NCC01015
ARIHANTCAP.NS,NSE_EQ|INE420B01036
ARIHANTSUP.NS,NSE_EQ|INE643K01018
ARIS.NS,NSE_EQ|INE0H9P01028
ARISTO.NS,NSE_EQ|INE082101010
ARKADE.NS,NSE_EQ|INE0QRL01017
ARMANFIN.NS,NSE_EQ|INE109C01017
ARMOUR.NS,NSE_EQ|INE0TZX01019
AROGRANITE.NS,NSE_EQ|INE210C01013
ARROWGREEN.NS,NSE_EQ|INE570D01018
ARSSBL.NS,NSE_EQ|INE549H01021
ARTEMISMED.NS,NSE_EQ|INE025R01021
ARTNIRMAN.NS,NSE_EQ|INE738V01013
ARUNAYA.NS,NSE_EQ|INE0TTG01017
ARVEE.NS,NSE_EQ|INE006Z01016
ARVIND.NS,NSE_EQ|INE034A01011
ARVINDFASN.NS,NSE_EQ|INE955V01021
ARVINDPORT.NS,NSE_EQ|INE0P4T01013
ARVSMART.NS,NSE_EQ|INE034S01021
ASAHIINDIA.NS,NSE_EQ|INE439A01020
ASAHISONG.NS,NSE_EQ|INE228I01012
ASAL.NS,NSE_EQ|INE900C01027
ASALCBR.NS,NSE_EQ|INE073G01016
ASCOM.NS,NSE_EQ|INE08KD01015
ASHALOG.NS,NSE_EQ|INE0LAA01017
ASHAPURMIN.NS,NSE_EQ|INE348A01023
ASHIANA.NS,NSE_EQ|INE365D01021
ASHIMASYN.NS,NSE_EQ|INE440A01010
ASHOKA.NS,NSE_EQ|INE442H01029
ASHOKAMET.NS,NSE_EQ|INE760Y01011
ASHOKLEY.NS,NSE_EQ|INE208A01029
ASHWINI.NS,NSE_EQ|INE1A6Q01010
ASIANENE.NS,NSE_EQ|INE276G01015
ASIANHOTNR.NS,NSE_EQ|INE363A01022
ASIANPAINT.NS,NSE_EQ|INE021A01026
ASIANTILES.NS,NSE_EQ|INE022I01019
ASKAUTOLTD.NS,NSE_EQ|INE491J01022
ASLIND.NS,NSE_EQ|INE617I01024
ASMS.NS,NSE_EQ|INE855F01042
ASPINWALL.NS,NSE_EQ|INE991I01015
ASPIRE.NS,NSE_EQ|INE0S7801010
ASTEC.NS,NSE_EQ|INE563J01010
ASTERDM.NS,NSE_EQ|INE914M01019
ASTRAL.NS,NSE_EQ|INE006I01046
ASTRAMICRO.NS,NSE_EQ|INE386C01029
ASTRAZEN.NS,NSE_EQ|INE203A01020
ASTRON.NS,NSE_EQ|INE646X01014
ATALREAL.NS,NSE_EQ|INE0ALR01029
ATAM.NS,NSE_EQ|INE09KD01013
ATCENERGY.NS,NSE_EQ|INE0V0Q01019
ATGL.NS,NSE_EQ|INE399L01023
ATHERENERG.NS,NSE_EQ|INE0LEZ01016
ATL.NS,NSE_EQ|INE0NN701020
ATLANTAA.NS,NSE_EQ|INE285H01022
ATLANTAELE.NS,NSE_EQ|INE0Z4F01028
ATLASCYCLE.NS,NSE_EQ|INE446A01025
ATLPP.NS,NSE_EQ|IN90NN701011
ATMASTCO.NS,NSE_EQ|INE05DH01017
ATUL.NS,NSE_EQ|INE100A01010
ATULAUTO.NS,NSE_EQ|INE951D01028
AUBANK.NS,NSE_EQ|INE949L01017
AURIGROW.NS,NSE_EQ|INE925Y01036
AURIONPRO.NS,NSE_EQ|INE132H01018
AUROIMPEX.NS,NSE_EQ|INE0NUL01018
AUROPHARMA.NS,NSE_EQ|INE406A01037
AURUM.NS,NSE_EQ|INE898S01029
AUSL.NS,NSE_EQ|INE01YQ01013
AUSOMENT.NS,NSE_EQ|INE218C01016
AUTOAXLES.NS,NSE_EQ|INE449A01011
AUTOBEES.NS,NSE_EQ|INF204KC1337
AUTOIETF.NS,NSE_EQ|INF109KC10V2
AUTOIND.NS,NSE_EQ|INE718H01014
AVADHSUGAR.NS,NSE_EQ|INE349W01017
AVALON.NS,NSE_EQ|INE0LCL01028
AVANA.NS,NSE_EQ|INE1KU201016
AVANTEL.NS,NSE_EQ|INE005B01027
AVANTIFEED.NS,NSE_EQ|INE871C01038
AVG.NS,NSE_EQ|INE680Z01018
AVIANSH.NS,NSE_EQ|INE0TFB01017
AVL.NS,NSE_EQ|INE679V01027
AVONMORE.NS,NSE_EQ|INE323B01024
AVPINFRA.NS,NSE_EQ|INE0R9401019
AVROIND.NS,NSE_EQ|INE652Z01017
AVSL.NS,NSE_EQ|INE522V01011
AVTL29.NS,NSE_EQ|INE0INX07023
AVTNPL.NS,NSE_EQ|INE488D01021
AWFIS.NS,NSE_EQ|INE108V01019
AWHCL.NS,NSE_EQ|INE01BK01022
AWL.NS,NSE_EQ|INE699H01024
AXISBANK.NS,NSE_EQ|INE238A01034
AXISBNKETF.NS,NSE_EQ|INF846K01X63
AXISBPSETF.NS,NSE_EQ|INF846K01Z04
AXISCADES.NS,NSE_EQ|INE555B01013
AXISCETF.NS,NSE_EQ|INF846K016C7
AXISGOLD.NS,NSE_EQ|INF846K01W80
AXISHCETF.NS,NSE_EQ|INF846K01Z12
AXISILVER.NS,NSE_EQ|INF846K011K1
AXISNIFTY.NS,NSE_EQ|INF846K01W98
AXISTECETF.NS,NSE_EQ|INF846K01Y96
AXISVALUE.NS,NSE_EQ|INF846KA1119
AXITA.NS,NSE_EQ|INE02EZ01022
AXSENSEX.NS,NSE_EQ|INF846K010Q0
AYE.NS,NSE_EQ|INE501X01029
AYMSYNTEX.NS,NSE_EQ|INE193B01039
AZAD.NS,NSE_EQ|INE02IJ01035
BABAFP.NS,NSE_EQ|INE0QW501012
BAFNAPH.NS,NSE_EQ|INE878I01022
BAGDIGITAL.NS,NSE_EQ|INE17CQ01015
BAGFILMS.NS,NSE_EQ|INE116D01028
BAHETI.NS,NSE_EQ|INE029Q01017
BAIDFIN.NS,NSE_EQ|INE020D01022
BAJAJ-AUTO.NS,NSE_EQ|INE917I01010
BAJAJCON.NS,NSE_EQ|INE933K01021
BAJAJELEC.NS,NSE_EQ|INE193E01025
BAJAJFINSV.NS,NSE_EQ|INE918I01026
BAJAJHCARE.NS,NSE_EQ|INE411U01027
BAJAJHFL.NS,NSE_EQ|INE377Y01014
BAJAJHIND.NS,NSE_EQ|INE306A01021
BAJAJHLDNG.NS,NSE_EQ|INE118A01012
BAJAJINDEF.NS,NSE_EQ|INE0O9T01021
BAJEL.NS,NSE_EQ|INE0KQN01018
BAJFINANCE.NS,NSE_EQ|INE296A01032
BALAJEE.NS,NSE_EQ|INE0S2G01011
BALAJIPHOS.NS,NSE_EQ|INE0PQ601019
BALAJITELE.NS,NSE_EQ|INE794B01026
BALAMINES.NS,NSE_EQ|INE050E01027
BALAXI.NS,NSE_EQ|INE618N01022
BALCO.NS,NSE_EQ|INE0U0201016
BALKRISHNA.NS,NSE_EQ|INE875R01011
BALKRISIND.NS,NSE_EQ|INE787D01026
BALMLAWRIE.NS,NSE_EQ|INE164A01016
BALPHARMA.NS,NSE_EQ|INE083D01012
BALRAMCHIN.NS,NSE_EQ|INE119A01028
BALUFORGE.NS,NSE_EQ|INE011E01029
BANARBEADS.NS,NSE_EQ|INE655B01011
BANARISUG.NS,NSE_EQ|INE459A01010
BANCOINDIA.NS,NSE_EQ|INE213C01025
BANDHANBNK.NS,NSE_EQ|INE545U01014
BANG.NS,NSE_EQ|INE863I01016
BANKA.NS,NSE_EQ|INE862Y01015
BANKADD.NS,NSE_EQ|INF740KA1RX3
BANKBARODA.NS,NSE_EQ|INE028A01039
BANKBEES.NS,NSE_EQ|INF204KB15I9
BANKBETA.NS,NSE_EQ|INF789F1AUV1
BANKBETF.NS,NSE_EQ|INF0QA701714
BANKETF.NS,NSE_EQ|INF769K01KR3
BANKIETF.NS,NSE_EQ|INF109KC15I8
BANKINDIA.NS,NSE_EQ|INE084A01016
BANKNIFTY1.NS,NSE_EQ|INF174KA1ZB7
BANKPSU.NS,NSE_EQ|INF769K01LZ4
BANSALWIRE.NS,NSE_EQ|INE0B9K01025
BANSWRAS.NS,NSE_EQ|INE629D01020
BARFLEX.NS,NSE_EQ|INE0QX401014
BASF.NS,NSE_EQ|INE373A01013
BASILIC.NS,NSE_EQ|INE0OCC01013
BASML.NS,NSE_EQ|INE186H01022
BATAINDIA.NS,NSE_EQ|INE176A01028
BAWEJA.NS,NSE_EQ|INE0JFJ01011
BAYERCROP.NS,NSE_EQ|INE462A01022
BBETF0432.NS,NSE_EQ|INF754K01OB1
BBL.NS,NSE_EQ|INE464A01036
BBNPNBETF.NS,NSE_EQ|INF251K01TL6
BBNPPGOLD.NS,NSE_EQ|INF251K01SU9
BBOX.NS,NSE_EQ|INE676A01027
BBTC.NS,NSE_EQ|INE050A01025
BBTCL.NS,NSE_EQ|INE01EE01011
BCG.NS,NSE_EQ|INE425B01027
BCLIND.NS,NSE_EQ|INE412G01024
BCONCEPTS.NS,NSE_EQ|INE977Y01011
BDL.NS,NSE_EQ|INE171Z01026
BDR.NS,NSE_EQ|INE766Q01014
BEACON.NS,NSE_EQ|INE639X01027
BEARDSELL.NS,NSE_EQ|INE520H01022
BECTORFOOD.NS,NSE_EQ|INE495P01020
BEDMUTHA.NS,NSE_EQ|INE844K01012
BEL.NS,NSE_EQ|INE263A01024
BELLACASA.NS,NSE_EQ|INE344T01014
BELRISE.NS,NSE_EQ|INE894V01022
BEML.NS,NSE_EQ|INE258A01024
BEPL.NS,NSE_EQ|INE922A01025
BERGEPAINT.NS,NSE_EQ|INE463A01038
BESTAGRO.NS,NSE_EQ|INE052T01021
BETA.NS,NSE_EQ|INE351Y01019
BEWLTD.NS,NSE_EQ|INE0HQI01014
BFINVEST.NS,NSE_EQ|INE878K01010
BFSI.NS,NSE_EQ|INF769K01HI8
BFUTILITIE.NS,NSE_EQ|INE243D01012
BGRENERGY.NS,NSE_EQ|INE661I01014
BHADORA.NS,NSE_EQ|INE0ZRC01017
BHAGCHEM.NS,NSE_EQ|INE414D01027
BHAGERIA.NS,NSE_EQ|INE354C01027
BHAGYANGR.NS,NSE_EQ|INE458B01036
BHANDA-RE2.NS,NSE_EQ|INE474E20037
BHANDARI.NS,NSE_EQ|INE474E01029
BHARATCOAL.NS,NSE_EQ|INE05XR01022
BHARATFORG.NS,NSE_EQ|INE465A01025
BHARATGEAR.NS,NSE_EQ|INE561C01019
BHARATRAS.NS,NSE_EQ|INE838B01021
BHARATSE.NS,NSE_EQ|INE415D01024
BHARATWIRE.NS,NSE_EQ|INE316L01019
BHARTIARTL.NS,NSE_EQ|INE397D01024
BHARTIHEXA.NS,NSE_EQ|INE343G01021
BHEL.NS,NSE_EQ|INE257A01026
BIGBLOC.NS,NSE_EQ|INE412U01025
BIKAJI.NS,NSE_EQ|INE00E101023
BIKEWO.NS,NSE_EQ|INE0SQH01013
BIL.NS,NSE_EQ|INE828A01016
BILVYAPAR.NS,NSE_EQ|INE071A01013
BIOCON.NS,NSE_EQ|INE376G01013
BIOFILCHEM.NS,NSE_EQ|INE829A01014
BIOPOL.NS,NSE_EQ|INE0XW001014
BIRDYS.NS,NSE_EQ|INE0PC901019
BIRET.NS,NSE_EQ|INE0FDU25010
BIRLACABLE.NS,NSE_EQ|INE800A01015
BIRLACORPN.NS,NSE_EQ|INE340A01012
BIRLAMONEY.NS,NSE_EQ|INE865C01022
BIRLANU.NS,NSE_EQ|INE557A01011
BLACKBUCK.NS,NSE_EQ|INE0UIZ01018
BLAL.NS,NSE_EQ|INE0N7W01012
BLBLIMITED.NS,NSE_EQ|INE791A01024
BLISSGVS.NS,NSE_EQ|INE416D01022
BLKASHYAP.NS,NSE_EQ|INE350H01032
BLS.NS,NSE_EQ|INE153T01027
BLSE.NS,NSE_EQ|INE0NLT01010
BLUECOAST.NS,NSE_EQ|INE472B01011
BLUEDART.NS,NSE_EQ|INE233B01017
BLUEJET.NS,NSE_EQ|INE0KBH01020
BLUEPEBBLE.NS,NSE_EQ|INE0SAK01011
BLUESTARCO.NS,NSE_EQ|INE472A01039
BLUESTONE.NS,NSE_EQ|INE304W01038
BLUEWATER.NS,NSE_EQ|INE0X3M01010
BLUSPRING.NS,NSE_EQ|INE0U4101014
BMETRICS.NS,NSE_EQ|INE0I3Y01014
BMWVENTLTD.NS,NSE_EQ|INE965W01036
BODALCHEM.NS,NSE_EQ|INE338D01028
BOHRAIND.NS,NSE_EQ|INE802W01023
BOMDYEING.NS,NSE_EQ|INE032A01023
BONLON.NS,NSE_EQ|INE0B9A01018
BORANA.NS,NSE_EQ|INE16SF01016
BOROLTD.NS,NSE_EQ|INE02PY01013
BORORENEW.NS,NSE_EQ|INE666D01022
BOROSCI.NS,NSE_EQ|INE02L001032
BOSCH-HCIL.NS,NSE_EQ|INE782A01015
BOSCHLTD.NS,NSE_EQ|INE323A01026
BOSS.NS,NSE_EQ|INE0QNI01012
BPCL.NS,NSE_EQ|INE029A01011
BPL.NS,NSE_EQ|INE110A01019
BRACEPORT.NS,NSE_EQ|INE0R4Z01018
BRANDMAN.NS,NSE_EQ|INE0XUD01014
BRIGADE.NS,NSE_EQ|INE791I01019
BRIGHOTEL.NS,NSE_EQ|INE03NU01014
BRITANNIA.NS,NSE_EQ|INE216A01030
BRNL.NS,NSE_EQ|INE727S01012
BROOKS.NS,NSE_EQ|INE650L01011
BSE.NS,NSE_EQ|INE118H01025
BSE500IETF.NS,NSE_EQ|INF109KC1V59
BSHSL.NS,NSE_EQ|INE032Z01020
BSL.NS,NSE_EQ|INE594B01012
BSLGOLDETF.NS,NSE_EQ|INF209KB18D3
BSLNIFTY.NS,NSE_EQ|INF209KB19D1
BSLSENETFG.NS,NSE_EQ|INF209KB10E8
BSOFT.NS,NSE_EQ|INE836A01035
BTML.NS,NSE_EQ|INE0EEJ01023
BUILDPRO.NS,NSE_EQ|INE24OJ01011
BULKCORP.NS,NSE_EQ|INE0SZ301012
BUTTERFLY.NS,NSE_EQ|INE295F01017
BVCL.NS,NSE_EQ|INE139I01011
BYKE.NS,NSE_EQ|INE319B01014
C2C.NS,NSE_EQ|INE0U7V01015
CADSYS.NS,NSE_EQ|INE090Y01013
CAGL26.NS,NSE_EQ|INE741K07538
CAGL27.NS,NSE_EQ|INE741K07553
CAGL27A.NS,NSE_EQ|INE741K07504
CAGL28.NS,NSE_EQ|INE741K07546
CALSOFT.NS,NSE_EQ|INE526B01014
CAMLINFINE.NS,NSE_EQ|INE052I01032
CAMPUS.NS,NSE_EQ|INE278Y01022
CAMS.NS,NSE_EQ|INE596I01020
CANARYS.NS,NSE_EQ|INE0QG301017
CANBK.NS,NSE_EQ|INE476A01022
CANFINHOME.NS,NSE_EQ|INE477A01020
CANHLIFE.NS,NSE_EQ|INE01TY01017
CANTABIL.NS,NSE_EQ|INE068L01024
CAPACITE.NS,NSE_EQ|INE264T01014
CAPILLARY.NS,NSE_EQ|INE0ILV01024
CAPINVIT.NS,NSE_EQ|INE0Z8Z23013
CAPITALSFB.NS,NSE_EQ|INE646H01017
CAPLIPOINT.NS,NSE_EQ|INE475E01026
CAPTRUST.NS,NSE_EQ|INE707C01018
CARBORUNIV.NS,NSE_EQ|INE120A01034
CARERATING.NS,NSE_EQ|INE752H01013
CARRARO.NS,NSE_EQ|INE0V7W01012
CARTRADE.NS,NSE_EQ|INE290S01011
CARYSIL.NS,NSE_EQ|INE482D01024
CASHIETF.NS,NSE_EQ|INF109K1A021
CASTROLIND.NS,NSE_EQ|INE172A01027
CBAZAAR.NS,NSE_EQ|INE518X01015
CCAVENUE.NS,NSE_EQ|INE483S01020
CCCL.NS,NSE_EQ|INE429I01024
CCHHL.NS,NSE_EQ|INE652F01027
CCL.NS,NSE_EQ|INE421D01022
CDSL.NS,NSE_EQ|INE736A01011
CEATLTD.NS,NSE_EQ|INE482A01020
CEDAAR.NS,NSE_EQ|INE11J101017
CEIGALL.NS,NSE_EQ|INE0AG901020
CEINSYS.NS,NSE_EQ|INE016Q01014
CELEBRITY.NS,NSE_EQ|INE185H01016
CELLECOR.NS,NSE_EQ|INE0OMO01025
CELLO.NS,NSE_EQ|INE0LMW01024
CELLPOINT.NS,NSE_EQ|INE0O0001013
CEMPRO.NS,NSE_EQ|INE686A01026
CENTENKA.NS,NSE_EQ|INE485A01015
CENTEXT.NS,NSE_EQ|INE281A01026
CENTRALBK.NS,NSE_EQ|INE483A01010
CENTRUM.NS,NSE_EQ|INE660C01027
CENTUM.NS,NSE_EQ|INE320B01020
CENTURYPLY.NS,NSE_EQ|INE348B01021
CERA.NS,NSE_EQ|INE739E01017
CEREBRAINT.NS,NSE_EQ|INE345B01019
CESC.NS,NSE_EQ|INE486A01021
CEWATER.NS,NSE_EQ|INE037Z01029
CGCL.NS,NSE_EQ|INE180C01042
CGPOWER.NS,NSE_EQ|INE067A01029
CGRAPHICS.NS,NSE_EQ|INE0R7401011
CHALET.NS,NSE_EQ|INE427F01016
CHAMBLFERT.NS,NSE_EQ|INE085A01013
CHAMUNDA.NS,NSE_EQ|INE11HG01018
CHANDAN.NS,NSE_EQ|INE0B2N01016
CHAVDA.NS,NSE_EQ|INE0PT101017
CHEMBOND.NS,NSE_EQ|INE995D01025
CHEMBONDCH.NS,NSE_EQ|INE0TGX01019
CHEMCON.NS,NSE_EQ|INE03YM01018
CHEMFAB.NS,NSE_EQ|INE783X01023
CHEMICAL.NS,NSE_EQ|INF174KA1XV0
CHEMPLASTS.NS,NSE_EQ|INE488A01050
CHENNPETRO.NS,NSE_EQ|INE178A01016
CHETANA.NS,NSE_EQ|INE0U1T01012
CHEVIOT.NS,NSE_EQ|INE974B01016
CHOICEGOLD.NS,NSE_EQ|INF2KCX01012
CHOICEIN.NS,NSE_EQ|INE102B01014
CHOLAFIN.NS,NSE_EQ|INE121A01024
CHOLAFIN.NS,NSE_EQ|INE121A08PJ0
CHOLAHLDNG.NS,NSE_EQ|INE149A01033
CIEINDIA.NS,NSE_EQ|INE536H01010
CIF27.NS,NSE_EQ|INE121A07RS9
CIF29.NS,NSE_EQ|INE121A07RU5
CIFC26A.NS,NSE_EQ|INE121A07RD1
CIFC28.NS,NSE_EQ|INE121A07RI0
CIFCZC26.NS,NSE_EQ|INE121A07RK6
CIFCZC26A.NS,NSE_EQ|INE121A07QZ6
CIFCZC28.NS,NSE_EQ|INE121A07RN0
CIFCZC28A.NS,NSE_EQ|INE121A07QX1
CIFL.NS,NSE_EQ|INE345H01024
CIGNITITEC.NS,NSE_EQ|INE675C01017
CINELINE.NS,NSE_EQ|INE704H01022
CINEVISTA.NS,NSE_EQ|INE039B01026
CIPLA.NS,NSE_EQ|INE059A01026
CITI2626.NS,NSE_EQ|INE915D08CX8
CKKRETAIL.NS,NSE_EQ|INE0SMX01019
CLASSICEIL.NS,NSE_EQ|INE0UQ601012
CLEAN.NS,NSE_EQ|INE227W01023
CLEANMAX.NS,NSE_EQ|INE647U01026
CLEDUCATE.NS,NSE_EQ|INE201M01029
CLSEL.NS,NSE_EQ|INE419D01026
CLSL.NS,NSE_EQ|INE00NH01017
CMNL.NS,NSE_EQ|INE06PV01010
CMRSL.NS,NSE_EQ|INE075Z01011
CMSINFO.NS,NSE_EQ|INE925R01014
CNL.NS,NSE_EQ|INE985W01018
COALINDIA.NS,NSE_EQ|INE522F01014
COASTCORP.NS,NSE_EQ|INE377E01024
COCHINSHIP.NS,NSE_EQ|INE704P01025
COFFEEDAY.NS,NSE_EQ|INE335K01011
COFORGE.NS,NSE_EQ|INE591G01025
COHANCE.NS,NSE_EQ|INE03QK01018
COLPAL.NS,NSE_EQ|INE259A01022
COMMITTED.NS,NSE_EQ|INE597Z01014
COMMOIETF.NS,NSE_EQ|INF109KC19O8
COMPINFO.NS,NSE_EQ|INE070C01037
COMPUSOFT.NS,NSE_EQ|INE453B01029
COMSYN.NS,NSE_EQ|INE073V01015
CONCOR.NS,NSE_EQ|INE111A01025
CONCORDBIO.NS,NSE_EQ|INE338H01029
CONFIPET.NS,NSE_EQ|INE552D01024
CONNPLEX.NS,NSE_EQ|INE0EAS01014
CONS.NS,NSE_EQ|INF174KA1ZF8
CONSOFINVT.NS,NSE_EQ|INE025A01027
CONSUMBEES.NS,NSE_EQ|INF204KA1LD7
CONSUMER.NS,NSE_EQ|INF769K01NS5
CONSUMIETF.NS,NSE_EQ|INF109KC1V42
CONTI.NS,NSE_EQ|INE340Z01019
CONTROLPR.NS,NSE_EQ|INE663B01015
COOLCAPS.NS,NSE_EQ|INE0HS001028
CORALFINAC.NS,NSE_EQ|INE558D01021
CORDSCABLE.NS,NSE_EQ|INE792I01017
COROMANDEL.NS,NSE_EQ|INE169A01031
CORONA.NS,NSE_EQ|INE02ZQ01018
COSMOFIRST.NS,NSE_EQ|INE757A01017
COUNCODOS.NS,NSE_EQ|INE695B01025
CPCAP.NS,NSE_EQ|INE521J01018
CPEDU.NS,NSE_EQ|INE0P6P01016
CPPLUS.NS,NSE_EQ|INE819V01029
CPS.NS,NSE_EQ|INE0QBU01012
CPSEETF.NS,NSE_EQ|INF457M01133
CRAFTSMAN.NS,NSE_EQ|INE00LO01017
CRAMC.NS,NSE_EQ|INE218I01013
CRAYONS.NS,NSE_EQ|INE0OFK01019
CREATIVEYE.NS,NSE_EQ|INE230B01021
CREDITACC.NS,NSE_EQ|INE741K01010
CREST.NS,NSE_EQ|INE559D01011
CRISIL.NS,NSE_EQ|INE007A01025
CRIZAC.NS,NSE_EQ|INE0S4R01014
CROMPTON.NS,NSE_EQ|INE299U01018
CROWN.NS,NSE_EQ|INE491V01019
CSBBANK.NS,NSE_EQ|INE679A01013
CSLFINANCE.NS,NSE_EQ|INE718F01018
CSSL.NS,NSE_EQ|INE1EF801010
CTE.NS,NSE_EQ|INE627H01017
CUB.NS,NSE_EQ|INE491A01021
CUBEINVIT.NS,NSE_EQ|INE0NR623014
CUBEXTUB.NS,NSE_EQ|INE144D01012
CUDML.NS,NSE_EQ|INE0WL201014
CUMMINSIND.NS,NSE_EQ|INE298A01020
CUPID.NS,NSE_EQ|INE509F01029
CURAA.NS,NSE_EQ|INE117B01020
CURIS.NS,NSE_EQ|INE1BZN01016
CURRENT.NS,NSE_EQ|INE1CRQ01014
CYBERMEDIA.NS,NSE_EQ|INE278G01037
CYBERTECH.NS,NSE_EQ|INE214A01019
CYIENT.NS,NSE_EQ|INE136B01020
CYIENTDLM.NS,NSE_EQ|INE055S01018
DABUR.NS,NSE_EQ|INE016A01026
DALBHARAT.NS,NSE_EQ|INE00R701025
DALMIASUG.NS,NSE_EQ|INE495A01022
DAMCAPITAL.NS,NSE_EQ|INE284H01025
DAMODARIND.NS,NSE_EQ|INE497D01022
DANGEE.NS,NSE_EQ|INE688Y01022
DANISH.NS,NSE_EQ|INE0YU901016
DATAMATICS.NS,NSE_EQ|INE365B01017
DATAPATTNS.NS,NSE_EQ|INE0IX101010
DAVANGERE.NS,NSE_EQ|INE179G01029
DBCORP.NS,NSE_EQ|INE950I01011
DBEIL.NS,NSE_EQ|INE0OPA01019
DBL.NS,NSE_EQ|INE917M01012
DBOL.NS,NSE_EQ|INE0I3401014
DBREALTY.NS,NSE_EQ|INE879I01012
DBSTOCKBRO.NS,NSE_EQ|INE921B01025
DCAL.NS,NSE_EQ|INE385W01011
DCBBANK.NS,NSE_EQ|INE503A01015
DCCL.NS,NSE_EQ|INE04Q901010
DCG.NS,NSE_EQ|INE0S8401018
DCI.NS,NSE_EQ|INE0A1101019
DCM.NS,NSE_EQ|INE498A01018
DCMFINSERV.NS,NSE_EQ|INE891B01012
DCMNVL.NS,NSE_EQ|INE08KP01019
DCMSHRIRAM.NS,NSE_EQ|INE499A01024
DCMSIL.NS,NSE_EQ|INE0OU201013
DCMSRIND.NS,NSE_EQ|INE843D01027
DCW.NS,NSE_EQ|INE500A01029
DCXINDIA.NS,NSE_EQ|INE0KL801015
DDEVPLSTIK.NS,NSE_EQ|INE0HR601026
DECCANCE.NS,NSE_EQ|INE583C01021
DECCANTRAN.NS,NSE_EQ|INE0S7C01019
DEEDEV.NS,NSE_EQ|INE841L01016
DEEM.NS,NSE_EQ|INE586O01011
DEEPAKFERT.NS,NSE_EQ|INE501A01019
DEEPAKNTR.NS,NSE_EQ|INE288B01029
DEEPINDS.NS,NSE_EQ|INE0FHS01024
DEFENCE.NS,NSE_EQ|INF769K01QC2
DELAPLEX.NS,NSE_EQ|INE0SK801018
DELHIVERY.NS,NSE_EQ|INE148O01028
DELPHIFX.NS,NSE_EQ|INE726L01027
DELTACORP.NS,NSE_EQ|INE124G01033
DELTAMAGNT.NS,NSE_EQ|INE393A01011
DELTIC.NS,NSE_EQ|INE0XRN01019
DEN.NS,NSE_EQ|INE947J01015
DENEERS.NS,NSE_EQ|INE0JWV01011
DENORA.NS,NSE_EQ|INE244A01016
DENTA.NS,NSE_EQ|INE0R4L01018
DENTALKART.NS,NSE_EQ|INE0N5801013
DESTINY.NS,NSE_EQ|INE0IGO01011
DEVIT.NS,NSE_EQ|INE060X01034
DEVX.NS,NSE_EQ|INE0VOV01021
DEVYANI.NS,NSE_EQ|INE872J01023
DGCONTENT.NS,NSE_EQ|INE03JI01017
DHAMPURSUG.NS,NSE_EQ|INE041A01016
DHANBANK.NS,NSE_EQ|INE680A01011
DHANLAXMI.NS,NSE_EQ|INE0V9V01010
DHANUKA.NS,NSE_EQ|INE435G01025
DHARAN.NS,NSE_EQ|INE278R01034
DHARARAIL.NS,NSE_EQ|INE2HJL01019
DHARI-RE.NS,NSE_EQ|INE0YRN20017
DHARIWAL.NS,NSE_EQ|INE0YRN01025
DHARMAJ.NS,NSE_EQ|INE00OQ01016
DHRUV.NS,NSE_EQ|INE506Z01015
DHTL.NS,NSE_EQ|INE0OGG01015
DHUNINV.NS,NSE_EQ|INE320L01011
DIACABS.NS,NSE_EQ|INE989C01038
DIAMINESQ.NS,NSE_EQ|INE591D01014
DIAMONDYD.NS,NSE_EQ|INE393P01035
DICIND.NS,NSE_EQ|INE303A01010
DIFFNKG.NS,NSE_EQ|INE184O01015
DIGIDRIVE.NS,NSE_EQ|INE0PSC01024
DIGIKORE.NS,NSE_EQ|INE0QJ901011
DIGISPICE.NS,NSE_EQ|INE927C01020
DIGITIDE.NS,NSE_EQ|INE0U4701011
DIGJAMLMTD.NS,NSE_EQ|INE731U01028
DIRL.NS,NSE_EQ|INE704V01015
DISHTV.NS,NSE_EQ|INE836F01026
DIVGIITTS.NS,NSE_EQ|INE753U01022
DIVIDEND.NS,NSE_EQ|INF769K01PY8
DIVINEHIRA.NS,NSE_EQ|INE0NA501011
DIVISLAB.NS,NSE_EQ|INE361B01024
DIVOPPBEES.NS,NSE_EQ|INF204KA1MS3
DIVYADHAN.NS,NSE_EQ|INE0QYI01019
DIXON.NS,NSE_EQ|INE935N01020
DJML.NS,NSE_EQ|INE0B1K01014
DKEGL.NS,NSE_EQ|INE0GN101014
DLF.NS,NSE_EQ|INE271C01023
DLINKINDIA.NS,NSE_EQ|INE250K01012
DMART.NS,NSE_EQ|INE192R01011
DMCC.NS,NSE_EQ|INE505A01010
DNAMEDIA.NS,NSE_EQ|INE016M01021
DODLA.NS,NSE_EQ|INE021O01019
DOLATALGO.NS,NSE_EQ|INE966A01022
DOLLAR.NS,NSE_EQ|INE325C01035
DOLLEX.NS,NSE_EQ|INE0JHH01011
DOLPHIN.NS,NSE_EQ|INE920A01037
DOMS.NS,NSE_EQ|INE321T01012
DONEAR.NS,NSE_EQ|INE668D01028
DPABHUSHAN.NS,NSE_EQ|INE266Y01019
DPEL.NS,NSE_EQ|INE0SCO01019
DPSCLTD.NS,NSE_EQ|INE360C01024
DPWIRES.NS,NSE_EQ|INE864X01013
DRCSYSTEMS.NS,NSE_EQ|INE03RS01027
DREAMFOLKS.NS,NSE_EQ|INE0JS101016
DREDGECORP.NS,NSE_EQ|INE506A01018
DRONE.NS,NSE_EQ|INE0P7201019
DRREDDY.NS,NSE_EQ|INE089A01031
DRSCARGO.NS,NSE_EQ|INE0QZM01018
DRSDILIP.NS,NSE_EQ|INE02CV01017
DSFCL.NS,NSE_EQ|INE0OFM01015
DSSL.NS,NSE_EQ|INE417B01040
DTIL.NS,NSE_EQ|INE341R01014
DTL.NS,NSE_EQ|INE0JRD01019
DUCOL.NS,NSE_EQ|INE0LZO01015
DUCON.NS,NSE_EQ|INE741L01018
DUGLOBAL.NS,NSE_EQ|INE0HPK01020
DURLAX.NS,NSE_EQ|INE0OUW01013
DVL.NS,NSE_EQ|INE477B01010
DWARKESH.NS,NSE_EQ|INE366A01041
DYCL.NS,NSE_EQ|INE600Y01019
DYNAMATECH.NS,NSE_EQ|INE221B01012
DYNAMIC.NS,NSE_EQ|INE0DZ701010
DYNPRO.NS,NSE_EQ|INE256H01015
E2E.NS,NSE_EQ|INE255Z01019
E2ERAIL.NS,NSE_EQ|INE1CEJ01017
EASEMYTRIP.NS,NSE_EQ|INE07O001026
EBANKNIFTY.NS,NSE_EQ|INF754K01TE4
EBBETF0430.NS,NSE_EQ|INF754K01KO2
EBBETF0431.NS,NSE_EQ|INF754K01LE1
EBBETF0433.NS,NSE_EQ|INF754K01QX0
EBGNG.NS,NSE_EQ|INE18JU01028
ECAPINSURE.NS,NSE_EQ|INF754K01TX4
ECLERX.NS,NSE_EQ|INE738I01010
ECOLINE.NS,NSE_EQ|INE0VBS01016
ECOSMOBLTY.NS,NSE_EQ|INE06HJ01020
EDELWEISS.NS,NSE_EQ|INE532F01054
EEPL.NS,NSE_EQ|INE11HF01010
EFACTOR.NS,NSE_EQ|INE0KFF01017
EFCIL.NS,NSE_EQ|INE886D01026
EFFWA.NS,NSE_EQ|INE0U9101019
EFORCE.NS,NSE_EQ|INE0Q1W01012
EGOLD.NS,NSE_EQ|INF754K01SE6
EICHERMOT.NS,NSE_EQ|INE066A01021
EIDPARRY.NS,NSE_EQ|INE126A01031
EIEL.NS,NSE_EQ|INE0LLY01014
EIFFL.NS,NSE_EQ|INE546V01010
EIHAHOTELS.NS,NSE_EQ|INE276C01014
EIHOTEL.NS,NSE_EQ|INE230A01023
EIMCOELECO.NS,NSE_EQ|INE158B01016
EKC.NS,NSE_EQ|INE184H01027
ELDEHSG.NS,NSE_EQ|INE668G01021
ELECON.NS,NSE_EQ|INE205B01031
ELECTCAST.NS,NSE_EQ|INE086A13016
ELECTCAST.NS,NSE_EQ|INE086A01029
ELECTHERM.NS,NSE_EQ|INE822G01016
ELGIEQUIP.NS,NSE_EQ|INE285A01027
ELGIRUBCO.NS,NSE_EQ|INE819L01012
ELGNZ.NS,NSE_EQ|INE0R9101015
ELIN.NS,NSE_EQ|INE050401020
ELIQUID.NS,NSE_EQ|INF754K01VW2
ELLEN.NS,NSE_EQ|INE236E01022
ELM250.NS,NSE_EQ|INF754K01VV4
EMAMILTD.NS,NSE_EQ|INE548C01032
EMAMIPAP.NS,NSE_EQ|INE830C01026
EMAMIREAL.NS,NSE_EQ|INE778K01012
EMAPARTNER.NS,NSE_EQ|INE0ZOL01023
EMBASSY.NS,NSE_EQ|INE041025011
EMBDL.NS,NSE_EQ|INE069I01010
EMCURE.NS,NSE_EQ|INE168P01015
EMIL.NS,NSE_EQ|INE02YR01019
EMKAY.NS,NSE_EQ|INE296H01011
EMKAYTOOLS.NS,NSE_EQ|INE332S01011
EMMBI.NS,NSE_EQ|INE753K01015
EMMIL.NS,NSE_EQ|INE0S1L01013
EMMVEE.NS,NSE_EQ|INE1C6T01020
EMSLIMITED.NS,NSE_EQ|INE0OV601013
EMUDHRA.NS,NSE_EQ|INE01QM01018
EMULTIMQ.NS,NSE_EQ|INF754K01TF1
ENCOMPAS.NS,NSE_EQ|INE433T01015
ENDURANCE.NS,NSE_EQ|INE913H01037
ENERGY.NS,NSE_EQ|INF769K01PR2
ENERGYDEV.NS,NSE_EQ|INE306C01019
ENFUSE.NS,NSE_EQ|INE0S3X01014
ENGINERSIN.NS,NSE_EQ|INE510A01028
ENIFTY.NS,NSE_EQ|INF754K01VX0
ENIL.NS,NSE_EQ|INE265F01028
ENRIN.NS,NSE_EQ|INE1NPP01017
ENSER.NS,NSE_EQ|INE0R9I01021
ENTERO.NS,NSE_EQ|INE010601016
ENVIRO.NS,NSE_EQ|INE0SUH01015
EPACK.NS,NSE_EQ|INE0G5901015
EPACKPEB.NS,NSE_EQ|INE0MLS01022
EPIGRAL.NS,NSE_EQ|INE071N01016
EPL.NS,NSE_EQ|INE255A01020
EPWINDIA.NS,NSE_EQ|INE1KEC01023
EQUAL200.NS,NSE_EQ|INF769K01OA1
EQUAL50.NS,NSE_EQ|INF769K01OO2
EQUAL50ADD.NS,NSE_EQ|INF740KA1QK2
EQUIPPP.NS,NSE_EQ|INE217G01035
EQUITASBNK.NS,NSE_EQ|INE063P01018
ERIS.NS,NSE_EQ|INE406M01024
ESABINDIA.NS,NSE_EQ|INE284A01012
ESAFSFB.NS,NSE_EQ|INE818W01011
ESCONET.NS,NSE_EQ|INE0RQZ01017
ESCORTS.NS,NSE_EQ|INE042A01014
ESENSEX.NS,NSE_EQ|INF754K01VY8
ESFL.NS,NSE_EQ|INE0ITO01014
ESG.NS,NSE_EQ|INF769K01GS9
ESILVER.NS,NSE_EQ|INF754K01SF3
ESPRIT.NS,NSE_EQ|INE0SBP01018
ESSARSHPNG.NS,NSE_EQ|INE122M01019
ESSENTIA.NS,NSE_EQ|INE418N01035
ESTER.NS,NSE_EQ|INE778B01029
ETERNAL.NS,NSE_EQ|INE758T01015
ETHOSLTD.NS,NSE_EQ|INE04TZ01018
ETL.NS,NSE_EQ|INE0PXC01024
ETML.NS,NSE_EQ|INE0RHD01013
EUREKAFORB.NS,NSE_EQ|INE0KCE01017
EUROBOND.NS,NSE_EQ|INE505V01016
EUROPRATIK.NS,NSE_EQ|INE198501012
EUROTEXIND.NS,NSE_EQ|INE022C01012
EVEREADY.NS,NSE_EQ|INE128A01029
EVERESTIND.NS,NSE_EQ|INE295A01018
EVIETF.NS,NSE_EQ|INF109K1A153
EVINDIA.NS,NSE_EQ|INF769K01LQ3
EXCEL.NS,NSE_EQ|INE688J01023
EXCELINDUS.NS,NSE_EQ|INE369A01029
EXCELLENT.NS,NSE_EQ|INE0Y4801011
EXCELSOFT.NS,NSE_EQ|INE606N01019
EXICOM.NS,NSE_EQ|INE777F01014
EXIDEIND.NS,NSE_EQ|INE302A01020
EXIMROUTES.NS,NSE_EQ|INE19I001020
EXPLEOSOL.NS,NSE_EQ|INE201K01015
EXXARO.NS,NSE_EQ|INE0GFE01026
FABTECH.NS,NSE_EQ|INE0HF201011
FACT.NS,NSE_EQ|INE188A01015
FAIRCHEMOR.NS,NSE_EQ|INE0DNW01011
FALCONTECH.NS,NSE_EQ|INE0PQK01013
FAZE3Q.NS,NSE_EQ|INE963C01033
FCL.NS,NSE_EQ|INE045J01034
FCSSOFT.NS,NSE_EQ|INE512B01022
FDC.NS,NSE_EQ|INE258B01022
FEDERALBNK.NS,NSE_EQ|INE171A01029
FEDFINA.NS,NSE_EQ|INE007N01010
FEL.NS,NSE_EQ|INE623B01027
FELDVR.NS,NSE_EQ|IN9623B01058
FELIX.NS,NSE_EQ|INE901X01013
FIBERWEB.NS,NSE_EQ|INE296C01020
FIDEL.NS,NSE_EQ|INE0LQQ01019
FIEMIND.NS,NSE_EQ|INE737H01014
FILATEX.NS,NSE_EQ|INE816B01035
FILATFASH.NS,NSE_EQ|INE185E01021
FINBUD.NS,NSE_EQ|INE0EDU01014
FINCABLES.NS,NSE_EQ|INE235A01022
FINEORG.NS,NSE_EQ|INE686Y01026
FINIETF.NS,NSE_EQ|INF109KC17L8
FINKURVE.NS,NSE_EQ|INE734I01027
FINOPB.NS,NSE_EQ|INE02NC01014
FINPIPE.NS,NSE_EQ|INE183A01024
FIRSTCRY.NS,NSE_EQ|INE02RE01045
FISCHER.NS,NSE_EQ|INE771F01041
FIVESTAR.NS,NSE_EQ|INE128S01021
FLAIR.NS,NSE_EQ|INE00Y201027
FLEXIADD.NS,NSE_EQ|INF740KA1WU9
FLEXITUFF.NS,NSE_EQ|INE060J01017
FLFL.NS,NSE_EQ|INE452O01016
FLUOROCHEM.NS,NSE_EQ|INE09N301011
FLYSBS.NS,NSE_EQ|INE0VCK01011
FMCGIETF.NS,NSE_EQ|INF109KC19V3
FMGOETZE.NS,NSE_EQ|INE529A01010
FMNL.NS,NSE_EQ|INE360L01017
FOCE.NS,NSE_EQ|INE0I7D01019
FOCUS.NS,NSE_EQ|INE593W01028
FONEBOX.NS,NSE_EQ|INE0Q4701019
FOODSIN.NS,NSE_EQ|INE976E01023
FORCAS.NS,NSE_EQ|INE0U2501017
FORCEMOT.NS,NSE_EQ|INE451A01017
FORGEAUTO.NS,NSE_EQ|INE0YKW01013
FORTIS.NS,NSE_EQ|INE061F01013
FOSECOIND.NS,NSE_EQ|INE519A01011
FRACTAL.NS,NSE_EQ|INE212S01015
FRESHARA.NS,NSE_EQ|INE0SFW01015
FROG.NS,NSE_EQ|INE385O01018
FSL.NS,NSE_EQ|INE684F01012
FUSION.NS,NSE_EQ|INE139R01012
FWSTC.NS,NSE_EQ|INE0SQZ01015
GABRIEL.NS,NSE_EQ|INE524A01029
GAEL.NS,NSE_EQ|INE036B01030
GAIL.NS,NSE_EQ|INE129A01019
GAJANAND.NS,NSE_EQ|INE0QTE01018
GALAPREC.NS,NSE_EQ|INE0RE001014
GALAXYSURF.NS,NSE_EQ|INE600K01018
GALLANTT.NS,NSE_EQ|INE297H01019
GANDHAR.NS,NSE_EQ|INE717W01049
GANDHITUBE.NS,NSE_EQ|INE524B01027
GANECOS.NS,NSE_EQ|INE845D01014
GANESHBE.NS,NSE_EQ|INE388A01029
GANESHCP.NS,NSE_EQ|INE652V01016
GANESHHOU.NS,NSE_EQ|INE460C01014
GANESHIN.NS,NSE_EQ|INE0TVT01024
GANGABATH.NS,NSE_EQ|INE0ZI101018
GANGAFORGE.NS,NSE_EQ|INE691Z01023
GANGESSECU.NS,NSE_EQ|INE335W01016
GARFIBRES.NS,NSE_EQ|INE276A01018
GARUDA.NS,NSE_EQ|INE0JVO01026
GATECH.NS,NSE_EQ|INE224E01028
GATECHDVR.NS,NSE_EQ|INE224E01036
GATEWAY.NS,NSE_EQ|INE079J01017
GAUDIUMIVF.NS,NSE_EQ|INE0P8B01020
GAYAHWS.NS,NSE_EQ|INE287Z01012
GCHOTELS.NS,NSE_EQ|INE12E301017
GCSL.NS,NSE_EQ|INE199P01028
GEECEE.NS,NSE_EQ|INE916G01016
GEEKAYWIRE.NS,NSE_EQ|INE669X01032
GEMAROMA.NS,NSE_EQ|INE06XZ01023
GENCON.NS,NSE_EQ|INE854S01022
GENESYS.NS,NSE_EQ|INE727B01026
GENUSPAPER.NS,NSE_EQ|INE949P01018
GENUSPOWER.NS,NSE_EQ|INE955D01029
GEOJITFSL.NS,NSE_EQ|INE007B01023
GESHIP.NS,NSE_EQ|INE017A01032
GFL26.NS,NSE_EQ|INE02KN07055
GFL27.NS,NSE_EQ|INE02KN07030
GFLLIMITED.NS,NSE_EQ|INE538A01037
GGBL.NS,NSE_EQ|INE0R8C01018
GHCL.NS,NSE_EQ|INE539A01019
GHCLTEXTIL.NS,NSE_EQ|INE0PA801013
GICHSGFIN.NS,NSE_EQ|INE289B01019
GICL.NS,NSE_EQ|INE947T01022
GICRE.NS,NSE_EQ|INE481Y01014
GILLANDERS.NS,NSE_EQ|INE047B01011
GILLETTE.NS,NSE_EQ|INE322A01010
GILT10BETA.NS,NSE_EQ|INF789F1AZF3
GILT5BETA.NS,NSE_EQ|INF789F1AZE6
GILT5YBEES.NS,NSE_EQ|INF204KC1030
GINNIFILA.NS,NSE_EQ|INE424C01010
GIPCL.NS,NSE_EQ|INE162A01010
GIRIRAJ.NS,NSE_EQ|INE614Z01017
GJL.NS,NSE_EQ|INE1TY801010
GKENERGY.NS,NSE_EQ|INE1AG301022
GKSL.NS,NSE_EQ|INE0V0W01025
GKWLIMITED.NS,NSE_EQ|INE528A01020
GLAND.NS,NSE_EQ|INE068V01023
GLAXO.NS,NSE_EQ|INE159A01016
GLENMARK.NS,NSE_EQ|INE935A01035
GLFL.NS,NSE_EQ|INE540A01017
GLOBAL.NS,NSE_EQ|INE291W01037
GLOBALE.NS,NSE_EQ|INE0URU01010
GLOBALPET.NS,NSE_EQ|INE0PS501019
GLOBALVECT.NS,NSE_EQ|INE792H01019
GLOBE.NS,NSE_EQ|INE581X01021
GLOBECIVIL.NS,NSE_EQ|INE0V3U01015
GLOBUSSPR.NS,NSE_EQ|INE615I01010
GLOSTERLTD.NS,NSE_EQ|INE350Z01018
GLOTTIS.NS,NSE_EQ|INE0TQE01026
GMBREW.NS,NSE_EQ|INE075D01018
GMDCLTD.NS,NSE_EQ|INE131A01031
GML.NS,NSE_EQ|INE09A801015
GMMPFAUDLR.NS,NSE_EQ|INE541A01023
GMRAIRPORT.NS,NSE_EQ|INE776C01039
GMRP&UI.NS,NSE_EQ|INE0CU601026
GNA.NS,NSE_EQ|INE934S01014
GNFC.NS,NSE_EQ|INE113A01013
GOACARBON.NS,NSE_EQ|INE426D01013
GOCLCORP.NS,NSE_EQ|INE077F01035
GOCOLORS.NS,NSE_EQ|INE0BJS01011
GODAVARIB.NS,NSE_EQ|INE497S01012
GODFRYPHLP.NS,NSE_EQ|INE260B01028
GODIGIT.NS,NSE_EQ|INE03JT01014
GODREJAGRO.NS,NSE_EQ|INE850D01014
GODREJCP.NS,NSE_EQ|INE102D01028
GODREJIND.NS,NSE_EQ|INE233A01035
GODREJPROP.NS,NSE_EQ|INE484J01027
GOKEX.NS,NSE_EQ|INE887G01027
GOKUL.NS,NSE_EQ|INE020J01029
GOKULAGRO.NS,NSE_EQ|INE314T01033
GOLD1.NS,NSE_EQ|INF174KA1HJ8
GOLD360.NS,NSE_EQ|INF579M01BB5
GOLDADD.NS,NSE_EQ|INF740KA1SW3
GOLDBEES.NS,NSE_EQ|INF204KB17I5
GOLDBETA.NS,NSE_EQ|INF789F1AUX7
GOLDBND.NS,NSE_EQ|INF194KB1KJ7
GOLDCASE.NS,NSE_EQ|INF0R8F01042
GOLDENTOBC.NS,NSE_EQ|INE973A01010
GOLDETF.NS,NSE_EQ|INF769K01JP9
GOLDIAM.NS,NSE_EQ|INE025B01025
GOLDIETF.NS,NSE_EQ|INF109KC1NT3
GOLDKART.NS,NSE_EQ|INE06MH01016
GOLDSTAR.NS,NSE_EQ|INE405Y01021
GOLDTECH.NS,NSE_EQ|INE805A01014
GOODLUCK.NS,NSE_EQ|INE127I01024
GOPAL.NS,NSE_EQ|INE0L9R01028
GOYALALUM.NS,NSE_EQ|INE705X01026
GOYALSALT.NS,NSE_EQ|INE0QFE01017
GPECO.NS,NSE_EQ|INE0S7E01015
GPIL.NS,NSE_EQ|INE177H01039
GPPL.NS,NSE_EQ|INE517F01014
GPTHEALTH.NS,NSE_EQ|INE486R01017
GPTINFRA.NS,NSE_EQ|INE390G01014
GRANULES.NS,NSE_EQ|INE101D01020
GRAPHISAD.NS,NSE_EQ|INE0POU01017
GRAPHITE.NS,NSE_EQ|INE371A01025
GRASIM.NS,NSE_EQ|INE047A01021
GRAVITA.NS,NSE_EQ|INE024L01027
GRCL.NS,NSE_EQ|INE0LVM01018
GREAVESCOT.NS,NSE_EQ|INE224A01026
GREENCHEF.NS,NSE_EQ|INE0O7P01015
GREENLAM.NS,NSE_EQ|INE544R01021
GREENLEAF.NS,NSE_EQ|INE0PLX01017
GREENPANEL.NS,NSE_EQ|INE08ZM01014
GREENPLY.NS,NSE_EQ|INE461C01038
GREENPOWER.NS,NSE_EQ|INE999K01014
GRETEX.NS,NSE_EQ|INE985P01012
GRINDWELL.NS,NSE_EQ|INE536A01023
GRINFRA.NS,NSE_EQ|INE201P01022
GRMOVER.NS,NSE_EQ|INE192H01020
GROBTEA.NS,NSE_EQ|INE646C01018
GROWW.NS,NSE_EQ|INE0HOQ01053
GROWWCAPM.NS,NSE_EQ|INF666M01MM4
GROWWCHEM.NS,NSE_EQ|INF666M01NP5
GROWWDEFNC.NS,NSE_EQ|INF666M01IO8
GROWWEV.NS,NSE_EQ|INF666M01IH2
GROWWGOLD.NS,NSE_EQ|INF666M01OE7
GROWWHOSPI.NS,NSE_EQ|INF666M01OD9
GROWWLIQID.NS,NSE_EQ|INF666M01IP5
GROWWLOVOL.NS,NSE_EQ|INF666M01LB9
GROWWMC150.NS,NSE_EQ|INF666M01MV5
GROWWMETAL.NS,NSE_EQ|INF666M01NI0
GROWWMOM50.NS,NSE_EQ|INF666M01KJ4
GROWWN200.NS,NSE_EQ|INF666M01JV1
GROWWNET.NS,NSE_EQ|INF666M01LI4
GROWWNIFTY.NS,NSE_EQ|INF666M01LL8
GROWWNXT50.NS,NSE_EQ|INF666M01LZ8
GROWWPOWER.NS,NSE_EQ|INF666M01LM6
GROWWPSE.NS,NSE_EQ|INF666M01NQ3
GROWWRAIL.NS,NSE_EQ|INF666M01JJ6
GROWWRLTY.NS,NSE_EQ|INF666M01MN2
GROWWSC250.NS,NSE_EQ|INF666M01MO0
GROWWSLVR.NS,NSE_EQ|INF666M01OF4
GRPLTD.NS,NSE_EQ|INE137I01015
GRSE.NS,NSE_EQ|INE382Z01011
GRWRHITECH.NS,NSE_EQ|INE291A01017
GS070626C.NS,NSE_EQ|IN000626C019
GS100426C.NS,NSE_EQ|IN000426C022
GS100526C.NS,NSE_EQ|IN000526C011
GS120626C.NS,NSE_EQ|IN000626C043
GS150326C.NS,NSE_EQ|IN000326C024
GS150626C.NS,NSE_EQ|IN000626C050
GS151226C.NS,NSE_EQ|IN001226C058
GS200326C.NS,NSE_EQ|IN000326C032
GS220230C.NS,NSE_EQ|IN000230C028
GS220231C.NS,NSE_EQ|IN000231C026
GS220236C.NS,NSE_EQ|IN000236C017
GS220240C.NS,NSE_EQ|IN000240C019
GS220250C.NS,NSE_EQ|IN000250C018
GS220261C.NS,NSE_EQ|IN000261C015
GS220261P.NS,NSE_EQ|IN000261P017
GS220830C.NS,NSE_EQ|IN000830C025
GS220831C.NS,NSE_EQ|IN000831C023
GS220836C.NS,NSE_EQ|IN000836C014
GS220840C.NS,NSE_EQ|IN000840C016
GS220850C.NS,NSE_EQ|IN000850C015
GS260426C.NS,NSE_EQ|IN000426C014
GSEC10ABSL.NS,NSE_EQ|INF209KC1142
GSEC10IETF.NS,NSE_EQ|INF109KC18O0
GSEC10YEAR.NS,NSE_EQ|INF769K01KF8
GSEC5IETF.NS,NSE_EQ|INF109KC14A8
GSFC.NS,NSE_EQ|INE026A01025
GSLSU.NS,NSE_EQ|INE0JSX01015
GSMFOILS.NS,NSE_EQ|INE0SQY01018
GSPL.NS,NSE_EQ|INE246F01010
GSS.NS,NSE_EQ|INE871H01011
GSTL.NS,NSE_EQ|INE00WS01056
GTECJAINX.NS,NSE_EQ|INE586X01012
GTL.NS,NSE_EQ|INE043A01012
GTLINFRA.NS,NSE_EQ|INE221H01019
GTPL.NS,NSE_EQ|INE869I01013
GUFICBIO.NS,NSE_EQ|INE742B01025
GUJALKALI.NS,NSE_EQ|INE186A01019
GUJAPOLLO.NS,NSE_EQ|INE826C01016
GUJGASLTD.NS,NSE_EQ|INE844O01030
GUJRAFFIA.NS,NSE_EQ|INE610B01024
GUJTHEM.NS,NSE_EQ|INE942C01045
GULFOILLUB.NS,NSE_EQ|INE635Q01029
GULFPETRO.NS,NSE_EQ|INE586G01017
GULPOLY.NS,NSE_EQ|INE255D01024
GURUNANAK.NS,NSE_EQ|INE1CCX01012
GVKPIL.NS,NSE_EQ|INE251H01024
GVPIL.NS,NSE_EQ|INE878A01011
GVPTECH.NS,NSE_EQ|INE382T01030
GVPTECHPP.NS,NSE_EQ|IN9382T01012
GVT&D.NS,NSE_EQ|INE200A01026
HAL.NS,NSE_EQ|INE066F01020
HALDER.NS,NSE_EQ|INE115S01010
HALEOSLABS.NS,NSE_EQ|INE320X01016
HAPPSTMNDS.NS,NSE_EQ|INE419U01012
HAPPYFORGE.NS,NSE_EQ|INE330T01021
HARDWYN.NS,NSE_EQ|INE626Z01029
HARIOMPIPE.NS,NSE_EQ|INE00EV01017
HARRMALAYA.NS,NSE_EQ|INE544A01019
HARSHA.NS,NSE_EQ|INE0JUS01029
HATHWAY.NS,NSE_EQ|INE982F01036
HATSUN.NS,NSE_EQ|INE473B01035
HAVELLS.NS,NSE_EQ|INE176B01034
HAVISHA.NS,NSE_EQ|INE293B01029
HBLENGINE.NS,NSE_EQ|INE292B01021
HBSL.NS,NSE_EQ|INE550B01022
HCC.NS,NSE_EQ|INE549A01026
HCG.NS,NSE_EQ|INE075I01017
HCL-INSYS.NS,NSE_EQ|INE236A01020
HCLTECH.NS,NSE_EQ|INE860A01027
HDBFS.NS,NSE_EQ|INE756I01012
HDFCAMC.NS,NSE_EQ|INE127D01025
HDFCBANK.NS,NSE_EQ|INE040A01034
HDFCBSE500.NS,NSE_EQ|INF179KC1EZ4
HDFCGOLD.NS,NSE_EQ|INF179KC1981
HDFCGROWTH.NS,NSE_EQ|INF179KC1DJ0
HDFCLIFE.NS,NSE_EQ|INE795G01014
HDFCLIQUID.NS,NSE_EQ|INF179KC1JG3
HDFCLOWVOL.NS,NSE_EQ|INF179KC1HU8
HDFCMID150.NS,NSE_EQ|INF179KC1HT0
HDFCMOMENT.NS,NSE_EQ|INF179KC1HV6
HDFCNEXT50.NS,NSE_EQ|INF179KC1HS2
HDFCNIF100.NS,NSE_EQ|INF179KC1HR4
HDFCNIFBAN.NS,NSE_EQ|INF179KC1HY0
HDFCNIFIT.NS,NSE_EQ|INF179KC1IA8
HDFCNIFTY.NS,NSE_EQ|INF179KC1965
HDFCPSUBK.NS,NSE_EQ|INF179KC1HW4
HDFCPVTBAN.NS,NSE_EQ|INF179KC1HZ7
HDFCQUAL.NS,NSE_EQ|INF179KC1DL6
HDFCSENSEX.NS,NSE_EQ|INF179KC1HX2
HDFCSILVER.NS,NSE_EQ|INF179KC1DI2
HDFCSML250.NS,NSE_EQ|INF179KC1FB2
HDFCVALUE.NS,NSE_EQ|INF179KC1DK8
HEADSUP.NS,NSE_EQ|INE759V01019
HEALTHADD.NS,NSE_EQ|INF740KA1UF4
HEALTHCARE.NS,NSE_EQ|INF769K01QA6
HEALTHIETF.NS,NSE_EQ|INF109KC1Q72
HEALTHY.NS,NSE_EQ|INF209KB10C2
HECPROJECT.NS,NSE_EQ|INE558R01013
HEG.NS,NSE_EQ|INE545A01024
HEIDELBERG.NS,NSE_EQ|INE578A01017
HEMIPROP.NS,NSE_EQ|INE0AJG01018
HERANBA.NS,NSE_EQ|INE694N01015
HERITGFOOD.NS,NSE_EQ|INE978A01027
HEROMOTOCO.NS,NSE_EQ|INE158A01026
HESTERBIO.NS,NSE_EQ|INE782E01017
HEXATRADEX.NS,NSE_EQ|INE750M01017
HEXT.NS,NSE_EQ|INE093A01041
HFCL.NS,NSE_EQ|INE548A01028
HGINFRA.NS,NSE_EQ|INE926X01010
HGM.NS,NSE_EQ|INE596H01014
HGS.NS,NSE_EQ|INE170I01016
HIGREEN.NS,NSE_EQ|INE0PIC01017
HIKAL.NS,NSE_EQ|INE475B01022
HILINFRA.NS,NSE_EQ|INE00RL01028
HILTON-RE2.NS,NSE_EQ|INE788H20033
HILTON.NS,NSE_EQ|INE788H01017
HIMATSEIDE.NS,NSE_EQ|INE049A01027
HINDALCO.NS,NSE_EQ|INE038A01020
HINDCOMPOS.NS,NSE_EQ|INE310C01029
HINDCON.NS,NSE_EQ|INE642Y01029
HINDCOPPER.NS,NSE_EQ|INE531E01026
HINDOILEXP.NS,NSE_EQ|INE345A01011
HINDPETRO.NS,NSE_EQ|INE094A01015
HINDUNILVR.NS,NSE_EQ|INE030A01027
HINDWAREAP.NS,NSE_EQ|INE05AN01011
HINDZINC.NS,NSE_EQ|INE267A01025
HIRECT.NS,NSE_EQ|INE835D01023
HISARMETAL.NS,NSE_EQ|INE598C01011
HITECH.NS,NSE_EQ|INE106T01025
HITECHCORP.NS,NSE_EQ|INE120D01012
HITECHGEAR.NS,NSE_EQ|INE127B01011
HLEGLAS.NS,NSE_EQ|INE461D01028
HLVLTD.NS,NSE_EQ|INE102A01024
HMAAGRO.NS,NSE_EQ|INE0ECP01024
HMT.NS,NSE_EQ|INE262A01018
HMVL.NS,NSE_EQ|INE871K01015
HNDFDS.NS,NSE_EQ|INE254N01026
HNGSNGBEES.NS,NSE_EQ|INF204KB19I1
HOACFOODS.NS,NSE_EQ|INE0S6S01017
HOLMARC.NS,NSE_EQ|INE0LXA01019
HOMEFIRST.NS,NSE_EQ|INE481N01025
HOMESFY.NS,NSE_EQ|INE0N7F01017
HONASA.NS,NSE_EQ|INE0J5401028
HONAUT.NS,NSE_EQ|INE671A01010
HONDAPOWER.NS,NSE_EQ|INE634A01018
HPAL.NS,NSE_EQ|INE0GSL01024
HPIL.NS,NSE_EQ|INE05X901010
HPL.NS,NSE_EQ|INE495S01016
HPTL.NS,NSE_EQ|INE0VA601019
HRHNEXT.NS,NSE_EQ|INE0R3501012
HSCL.NS,NSE_EQ|INE019C01026
HTMEDIA.NS,NSE_EQ|INE501G01024
HUBTOWN.NS,NSE_EQ|INE703H01016
HUDCO.NS,NSE_EQ|INE031A01017
HUHTAMAKI.NS,NSE_EQ|INE275B01026
HVAX.NS,NSE_EQ|INE0TO501019
HYBRIDFIN.NS,NSE_EQ|INE965B01022
HYUNDAI.NS,NSE_EQ|INE0V6F01027
IBLFL.NS,NSE_EQ|INE0O7401018
IBULLSLTD.NS,NSE_EQ|INE126M01010
ICDSLTD.NS,NSE_EQ|INE613B01010
ICEMAKE.NS,NSE_EQ|INE520Y01019
ICICIAMC.NS,NSE_EQ|INE346A01027
ICICIB22.NS,NSE_EQ|INF109KB15Y7
ICICIBANK.NS,NSE_EQ|INE090A01021
ICICIGI.NS,NSE_EQ|INE765G01017
ICICIPRULI.NS,NSE_EQ|INE726G01019
ICICM58.NS,NSE_EQ|INE090A08SP8
ICIL.NS,NSE_EQ|INE483B01026
ICRA.NS,NSE_EQ|INE725G01011
IDBI.NS,NSE_EQ|INE008A01015
IDEA.NS,NSE_EQ|INE669E01016
IDEAFORGE.NS,NSE_EQ|INE349Y01013
IDEALTECHO.NS,NSE_EQ|INE0T9I01011
IDENTICAL.NS,NSE_EQ|INE0TD101011
IDFCFIRSTB.NS,NSE_EQ|INE092T01019
IDFNIFTYET.NS,NSE_EQ|INF194KA1U07
IEML.NS,NSE_EQ|INE0RRU01016
IEX.NS,NSE_EQ|INE022Q01020
IFBAGRO.NS,NSE_EQ|INE076C01018
IFBIND.NS,NSE_EQ|INE559A01017
IFCI.NS,NSE_EQ|INE039A01010
IFGLEXPOR.NS,NSE_EQ|INE133Y01011
IGARASHI.NS,NSE_EQ|INE188B01013
IGCL.NS,NSE_EQ|INE05J901018
IGIL.NS,NSE_EQ|INE0Q9301021
IGL.NS,NSE_EQ|INE203G01027
IGPL.NS,NSE_EQ|INE204A01010
IHF261224.NS,NSE_EQ|INE477L07BD8
IHF261224A.NS,NSE_EQ|INE477L07BF3
IHFL261224.NS,NSE_EQ|INE477L07BA4
IIFL.NS,NSE_EQ|INE530B01024
IIFL060326.NS,NSE_EQ|INE530B07583
IIFL06326.NS,NSE_EQ|INE530B07641
IIFL210425.NS,NSE_EQ|INE530B07542
IIFL21425.NS,NSE_EQ|INE530B07526
IIFL21425A.NS,NSE_EQ|INE530B07500
IIFL60326.NS,NSE_EQ|INE530B07625
IIFLCAPS.NS,NSE_EQ|INE489L01022
IIFLHF29.NS,NSE_EQ|INE477L07AS8
IIFLHFZC27.NS,NSE_EQ|INE477L07AP4
IIFLZC26.NS,NSE_EQ|INE530B07187
IIFLZC26B.NS,NSE_EQ|INE530B07351
IIFLZC28.NS,NSE_EQ|INE530B08110
IIFLZC28A.NS,NSE_EQ|INE530B07278
IIFLZC28B.NS,NSE_EQ|INE530B07369
IIFLZC28C.NS,NSE_EQ|INE477L08162
IITL.NS,NSE_EQ|INE886A01014
IKIO.NS,NSE_EQ|INE0LOJ01019
IKS.NS,NSE_EQ|INE115Q01022
IL&FSENGG.NS,NSE_EQ|INE369I01014
IL&FSTRANS.NS,NSE_EQ|INE975G01012
IMAGICAA.NS,NSE_EQ|INE172N01012
IMC1.NS,NSE_EQ|INE00QS24027
IMC1.NS,NSE_EQ|INE00QS24043
IMC1.NS,NSE_EQ|INE00QS24035
IMFA.NS,NSE_EQ|INE919H01018
IMPAL.NS,NSE_EQ|INE547E01014
IMPEXFERRO.NS,NSE_EQ|INE691G01015
INA.NS,NSE_EQ|INE0LGX01024
INCREDIBLE.NS,NSE_EQ|INE452L01012
INDBANK.NS,NSE_EQ|INE841B01017
INDGN.NS,NSE_EQ|INE065X01017
INDHOTEL.NS,NSE_EQ|INE053A01029
INDIACEM.NS,NSE_EQ|INE383A01012
INDIAGLYCO.NS,NSE_EQ|INE560A01023
INDIAMART.NS,NSE_EQ|INE933S01016
INDIANB.NS,NSE_EQ|INE562A01011
INDIANCARD.NS,NSE_EQ|INE061A01014
INDIANHUME.NS,NSE_EQ|INE323C01030
INDIASHLTR.NS,NSE_EQ|INE922K01024
INDIFRA.NS,NSE_EQ|INE0PS301014
INDIGO.NS,NSE_EQ|INE646L01027
INDIGOPNTS.NS,NSE_EQ|INE09VQ01012
INDIGRID.NS,NSE_EQ|INE219X23014
INDIQUBE.NS,NSE_EQ|INE06ST01018
INDNIPPON.NS,NSE_EQ|INE092B01025
INDOAMIN.NS,NSE_EQ|INE760F01028
INDOBORAX.NS,NSE_EQ|INE803D01021
INDOCO.NS,NSE_EQ|INE873D01024
INDOFARM.NS,NSE_EQ|INE622H01018
INDORAMA.NS,NSE_EQ|INE156A01020
INDOSTAR.NS,NSE_EQ|INE896L01010
INDOTECH.NS,NSE_EQ|INE332H01014
INDOTHAI.NS,NSE_EQ|INE337M01021
INDOUS.NS,NSE_EQ|INE250Z01010
INDOWIND.NS,NSE_EQ|INE227G01018
INDRAMEDCO.NS,NSE_EQ|INE681B01017
INDSWFTLAB.NS,NSE_EQ|INE915B01019
INDTERRAIN.NS,NSE_EQ|INE611L01021
INDUSINDBK.NS,NSE_EQ|INE095A01012
INDUSINVIT.NS,NSE_EQ|INE0NHL23019
INDUSTOWER.NS,NSE_EQ|INE121J01017
INFINIUM.NS,NSE_EQ|INE0MRE01011
INFLUX.NS,NSE_EQ|INE0MYZ01012
INFOBEAN.NS,NSE_EQ|INE344S01016
INFOLLION.NS,NSE_EQ|INE0NNZ01013
INFOMEDIA.NS,NSE_EQ|INE669A01022
INFRA.NS,NSE_EQ|INF769K01QB4
INFRABEES.NS,NSE_EQ|INF732E01268
INFRAIETF.NS,NSE_EQ|INF109KC16E5
INFY.NS,NSE_EQ|INE009A01021
INGERRAND.NS,NSE_EQ|INE177A01018
INM.NS,NSE_EQ|INE0OPC01015
INNOMET.NS,NSE_EQ|INE0S1D01010
INNOVACAP.NS,NSE_EQ|INE0DUT01020
INNOVANA.NS,NSE_EQ|INE403Y01018
INOXGREEN.NS,NSE_EQ|INE510W01014
INOXINDIA.NS,NSE_EQ|INE616N01034
INOXWIND.NS,NSE_EQ|INE066P01011
INSECTICID.NS,NSE_EQ|INE070I01018
INSPIRE.NS,NSE_EQ|INE0NDX01019
INSPIRISYS.NS,NSE_EQ|INE020G01017
INTEGRITY.NS,NSE_EQ|INE0YSH01017
INTELLECT.NS,NSE_EQ|INE306R01017
INTENTECH.NS,NSE_EQ|INE781A01025
INTERARCH.NS,NSE_EQ|INE00M901018
INTERISE.NS,NSE_EQ|INE790Z23019
INTERNET.NS,NSE_EQ|INF769K01PB6
INTLCONV.NS,NSE_EQ|INE575C01027
INVENTURE.NS,NSE_EQ|INE878H01024
INVICTA.NS,NSE_EQ|INE0XJ501010
IOB.NS,NSE_EQ|INE565A01014
IOC.NS,NSE_EQ|INE242A01010
IOLCP.NS,NSE_EQ|INE485C01029
IONEXCHANG.NS,NSE_EQ|INE570A01022
IPCALAB.NS,NSE_EQ|INE571A01038
IPHL.NS,NSE_EQ|INE0DHF01018
IPL.NS,NSE_EQ|INE0D6701023
IPSL.NS,NSE_EQ|INE02EE01019
IRB.NS,NSE_EQ|INE821I01022
IRBINVIT.NS,NSE_EQ|INE183W23014
IRBIT.NS,NSE_EQ|INE0C8K23012
IRCON.NS,NSE_EQ|INE962Y01021
IRCTC.NS,NSE_EQ|INE335Y01020
IREDA.NS,NSE_EQ|INE202E01016
IRFC.NS,NSE_EQ|INE053F01010
IRIS.NS,NSE_EQ|INE864K01010
IRISDOREME.NS,NSE_EQ|INE01GN01025
IRMENERGY.NS,NSE_EQ|INE07U701015
ISFT.NS,NSE_EQ|INE566K01011
ISGEC.NS,NSE_EQ|INE858B01029
ISHAN.NS,NSE_EQ|INE0LCW01025
ISHANCH.NS,NSE_EQ|INE561M01018
IT.NS,NSE_EQ|INF174KA1GC5
ITADD.NS,NSE_EQ|INF740KA1SX1
ITALIANE.NS,NSE_EQ|INE0R7R01018
ITBEES.NS,NSE_EQ|INF204KB15V2
ITBETA.NS,NSE_EQ|INF789F1AZD8
ITC.NS,NSE_EQ|INE154A01025
ITCHOTELS.NS,NSE_EQ|INE379A01028
ITDC.NS,NSE_EQ|INE353K01014
ITETF.NS,NSE_EQ|INF769K01KV5
ITI.NS,NSE_EQ|INE248A01017
ITIETF.NS,NSE_EQ|INF109KC16I6
ITTL.NS,NSE_EQ|INE070Y01023
IVALUE.NS,NSE_EQ|INE056801025
IVC.NS,NSE_EQ|INE050B01023
IVP.NS,NSE_EQ|INE043C01018
IVZINGOLD.NS,NSE_EQ|INF205K01361
IVZINNIFTY.NS,NSE_EQ|INF205K01DA9
IWARE.NS,NSE_EQ|INE1AII01014
IXIGO.NS,NSE_EQ|INE0HV901016
IZMO.NS,NSE_EQ|INE848A01014
J&KBANK.NS,NSE_EQ|INE168A01041
JAGRAN.NS,NSE_EQ|INE199G01027
JAGSNPHARM.NS,NSE_EQ|INE048B01035
JAIBALAJI.NS,NSE_EQ|INE091G01026
JAICORPLTD.NS,NSE_EQ|INE070D01027
JAINAM.NS,NSE_EQ|INE02KC01010
JAINIK.NS,NSE_EQ|INE0XIL01012
JAINREC.NS,NSE_EQ|INE0YD401026
JAIPURKURT.NS,NSE_EQ|INE696V01013
JAKHARIA.NS,NSE_EQ|INE00N401018
JALAN.NS,NSE_EQ|INE349X01015
JAMNAAUTO.NS,NSE_EQ|INE039C01032
JARO.NS,NSE_EQ|INE00YJ01010
JASH.NS,NSE_EQ|INE039O01029
JAYAGROGN.NS,NSE_EQ|INE785A01026
JAYBARMARU.NS,NSE_EQ|INE571B01036
JAYBEE.NS,NSE_EQ|INE0SMY01017
JAYESH.NS,NSE_EQ|INE1AE401014
JAYKAY.NS,NSE_EQ|INE903A01025
JAYNECOIND.NS,NSE_EQ|INE854B01010
JAYSREETEA.NS,NSE_EQ|INE364A01020
JBCHEPHARM.NS,NSE_EQ|INE572A01036
JBMA.NS,NSE_EQ|INE927D01051
JETFREIGHT.NS,NSE_EQ|INE982V01025
JETKNIT.NS,NSE_EQ|INE564T01017
JEYYAM.NS,NSE_EQ|INE0RXB01022
JFLLIFE.NS,NSE_EQ|INE0LA901015
JGCHEM.NS,NSE_EQ|INE0MB501011
JHS.NS,NSE_EQ|INE544H01014
JINDALPHOT.NS,NSE_EQ|INE796G01012
JINDALPOLY.NS,NSE_EQ|INE197D01010
JINDALSAW.NS,NSE_EQ|INE324A01032
JINDALSTEL.NS,NSE_EQ|INE749A01030
JINDRILL.NS,NSE_EQ|INE742C01031
JINDWORLD.NS,NSE_EQ|INE247D01039
JIOFIN.NS,NSE_EQ|INE758E01017
JISLDVREQS.NS,NSE_EQ|IN9175A01010
JISLJALEQS.NS,NSE_EQ|INE175A01038
JITFINFRA.NS,NSE_EQ|INE863T01013
JIWANRAM.NS,NSE_EQ|INE0N5H01017
JKCEMENT.NS,NSE_EQ|INE823G01014
JKIL.NS,NSE_EQ|INE576I01022
JKIPL.NS,NSE_EQ|INE1FF001016
JKLAKSHMI.NS,NSE_EQ|INE786A01032
JKPAPER.NS,NSE_EQ|INE789E01012
JKTYRE.NS,NSE_EQ|INE573A01042
JLHL.NS,NSE_EQ|INE682M01012
JMA.NS,NSE_EQ|INE412C01023
JMFINANCIL.NS,NSE_EQ|INE780C01023
JNKINDIA.NS,NSE_EQ|INE0OAF01028
JOCIL.NS,NSE_EQ|INE839G01010
JPASSOCIAT.NS,NSE_EQ|INE455F01025
JPOLYINVST.NS,NSE_EQ|INE147P01019
JPPOWER.NS,NSE_EQ|INE351F01018
JSFB.NS,NSE_EQ|INE953L01027
JSL.NS,NSE_EQ|INE220G01021
JSLL.NS,NSE_EQ|INE0J5801029
JSWCEMENT.NS,NSE_EQ|INE718I01012
JSWENERGY.NS,NSE_EQ|INE121E01018
JSWHL.NS,NSE_EQ|INE824G01012
JSWINFRA.NS,NSE_EQ|INE880J01026
JSWSTEEL.NS,NSE_EQ|INE019A01038
JTEKTINDIA.NS,NSE_EQ|INE643A01035
JTLIND.NS,NSE_EQ|INE391J01032
JUBLCPL.NS,NSE_EQ|INE03CC01015
JUBLFOOD.NS,NSE_EQ|INE797F01020
JUBLINGREA.NS,NSE_EQ|INE0BY001018
JUBLPHARMA.NS,NSE_EQ|INE700A01033
JUNIORBEES.NS,NSE_EQ|INF732E01045
JUNIPER.NS,NSE_EQ|INE696F01016
JUSTDIAL.NS,NSE_EQ|INE599M01018
JWL.NS,NSE_EQ|INE209L01016
JYOTHYLAB.NS,NSE_EQ|INE668F01031
JYOTICNC.NS,NSE_EQ|INE980O01024
JYOTIGLOBL.NS,NSE_EQ|INE1M3T01017
JYOTISTRUC.NS,NSE_EQ|INE197A01024
K2INFRA.NS,NSE_EQ|INE0DEZ01013
KABRAEXTRU.NS,NSE_EQ|INE900B01029
KAJARIACER.NS,NSE_EQ|INE217B01036
KAKATCEM.NS,NSE_EQ|INE437B01014
KALAMANDIR.NS,NSE_EQ|INE438K01021
KALANA.NS,NSE_EQ|INE0T0L01014
KALPATARU.NS,NSE_EQ|INE227J01012
KALYANI.NS,NSE_EQ|INE610E01010
KALYANIFRG.NS,NSE_EQ|INE314G01014
KALYANKJIL.NS,NSE_EQ|INE303R01014
KAMATHOTEL.NS,NSE_EQ|INE967C01018
KAMDHENU.NS,NSE_EQ|INE390H01020
KAMOPAINTS.NS,NSE_EQ|INE0BTI01037
KANANIIND.NS,NSE_EQ|INE879E01037
KANDARP.NS,NSE_EQ|INE0MOT01016
KANORICHEM.NS,NSE_EQ|INE138C01024
KANPRPLA.NS,NSE_EQ|INE694E01014
KANSAINER.NS,NSE_EQ|INE531A01024
KAPSTON.NS,NSE_EQ|INE542Z01028
KARMAENG.NS,NSE_EQ|INE725L01011
KARNIKA.NS,NSE_EQ|INE0MGA01012
KARURVYSYA.NS,NSE_EQ|INE036D01028
KATARIA.NS,NSE_EQ|INE0SVY01018
KAUSHALYA.NS,NSE_EQ|INE234I01028
KAVDEFENCE.NS,NSE_EQ|INE641C01019
KAYA.NS,NSE_EQ|INE587G01015
KAYNES.NS,NSE_EQ|INE918Z01012
KAYTEX.NS,NSE_EQ|INE13ZD01013
KCEIL.NS,NSE_EQ|INE0RCG01017
KCK.NS,NSE_EQ|INE0J1E01027
KCP.NS,NSE_EQ|INE805C01028
KCPSUGIND.NS,NSE_EQ|INE790B01024
KDDL.NS,NSE_EQ|INE291D01011
KDL.NS,NSE_EQ|INE0O4R01018
KEC.NS,NSE_EQ|INE389H01022
KECL.NS,NSE_EQ|INE134B01017
KEEPLEARN.NS,NSE_EQ|INE055C01020
KEI.NS,NSE_EQ|INE878B01027
KEL.NS,NSE_EQ|INE0OWX01025
KELLTONTEC.NS,NSE_EQ|INE164B01030
KEN.NS,NSE_EQ|INE15DO01012
KERNEX.NS,NSE_EQ|INE202H01019
KESORAMIND.NS,NSE_EQ|INE087A01019
KEYFINSERV.NS,NSE_EQ|INE681C01015
KFINTECH.NS,NSE_EQ|INE138Y01010
KHADIM.NS,NSE_EQ|INE834I01025
KHAICHEM.NS,NSE_EQ|INE745B01028
KHAITANLTD.NS,NSE_EQ|INE731C01018
KHANDSE.NS,NSE_EQ|INE060B01014
KHFM.NS,NSE_EQ|INE00UG01014
KICL.NS,NSE_EQ|INE029L01018
KILITCH.NS,NSE_EQ|INE729D01010
KIMS.NS,NSE_EQ|INE967H01025
KINGFA.NS,NSE_EQ|INE473D01015
KIOCL.NS,NSE_EQ|INE880L01014
KIRIINDUS.NS,NSE_EQ|INE415I01015
KIRLOSBROS.NS,NSE_EQ|INE732A01036
KIRLOSENG.NS,NSE_EQ|INE146L01010
KIRLOSIND.NS,NSE_EQ|INE250A01039
KIRLPNU.NS,NSE_EQ|INE811A01020
KITEX.NS,NSE_EQ|INE602G01020
KKCL.NS,NSE_EQ|INE401H01017
KKJEWELS.NS,NSE_EQ|INE0XOW01017
KKVAPOW.NS,NSE_EQ|INE239T01016
KLL.NS,NSE_EQ|INE0Q2V01012
KMEW.NS,NSE_EQ|INE0CJD01029
KMSUGAR.NS,NSE_EQ|INE157H01023
KNAGRI.NS,NSE_EQ|INE0KNW01016
KNRCON.NS,NSE_EQ|INE634I01029
KODYTECH.NS,NSE_EQ|INE0Q7P01013
KOHINOOR.NS,NSE_EQ|INE080B01012
KOKUYOCMLN.NS,NSE_EQ|INE760A01029
KOLTEPATIL.NS,NSE_EQ|INE094I01018
KONSTELEC.NS,NSE_EQ|INE0QEI01011
KONTOR.NS,NSE_EQ|INE0KZ301010
KOPRAN.NS,NSE_EQ|INE082A01010
KORE.NS,NSE_EQ|INE0J6801010
KOTAKBANK.NS,NSE_EQ|INE237A01036
KOTARISUG.NS,NSE_EQ|INE419A01022
KOTHARIPET.NS,NSE_EQ|INE720A01015
KOTHARIPRO.NS,NSE_EQ|INE823A01017
KOTYARK.NS,NSE_EQ|INE0J0B01017
KPEL.NS,NSE_EQ|INE127T01021
KPIGREEN.NS,NSE_EQ|INE542W01025
KPIL.NS,NSE_EQ|INE220B01022
KPITTECH.NS,NSE_EQ|INE04I401011
KPRMILL.NS,NSE_EQ|INE930H01031
KRBL.NS,NSE_EQ|INE001B01026
KREBSBIO.NS,NSE_EQ|INE268B01013
KRIDHANINF.NS,NSE_EQ|INE524L01026
KRISHANA.NS,NSE_EQ|INE506W01012
KRISHCA.NS,NSE_EQ|INE0NR701018
KRISHIVAL.NS,NSE_EQ|INE0GGO01015
KRISHNADEF.NS,NSE_EQ|INE0J5601015
KRISHPP.NS,NSE_EQ|IN90GGO01013
KRITI.NS,NSE_EQ|INE479D01038
KRITIKA.NS,NSE_EQ|INE00Z501029
KRITINUT.NS,NSE_EQ|INE798K01010
KRMAYURVED.NS,NSE_EQ|INE1MTV01019
KRN.NS,NSE_EQ|INE0Q3J01015
KRONOX.NS,NSE_EQ|INE0ATZ01017
KROSS.NS,NSE_EQ|INE0O6601022
KRSNAA.NS,NSE_EQ|INE08LI01020
KRT.NS,NSE_EQ|INE1JAR25012
KRYSTAL.NS,NSE_EQ|INE0QN801017
KSB.NS,NSE_EQ|INE999A01023
KSCL.NS,NSE_EQ|INE455I01029
KSHINTL.NS,NSE_EQ|INE987S01020
KSHITIJPOL.NS,NSE_EQ|INE013801027
KSL.NS,NSE_EQ|INE907A01026
KSOLVES.NS,NSE_EQ|INE0D6I01023
KSR.NS,NSE_EQ|INE1SPP01016
KTKBANK.NS,NSE_EQ|INE614B01018
KUANTUM.NS,NSE_EQ|INE529I01021
KWIL.NS,NSE_EQ|INE2KCE01013
LAGNAM.NS,NSE_EQ|INE548Z01017
LAKPRE.NS,NSE_EQ|INE651C01018
LAKSHYA.NS,NSE_EQ|INE0VZS01015
LAL.NS,NSE_EQ|INE740X01023
LALPATHLAB.NS,NSE_EQ|INE600L01024
LAMBODHARA.NS,NSE_EQ|INE112F01022
LAMOSAIC.NS,NSE_EQ|INE0R0201012
LANCORHOL.NS,NSE_EQ|INE572G01025
LANDMARK.NS,NSE_EQ|INE559R01029
LAOPALA.NS,NSE_EQ|INE059D01020
LASA.NS,NSE_EQ|INE670X01014
LATENTVIEW.NS,NSE_EQ|INE0I7C01011
LATTEYS.NS,NSE_EQ|INE262Z01023
LAURUSLABS.NS,NSE_EQ|INE947Q01028
LAXMICOT.NS,NSE_EQ|INE801V01019
LAXMIDENTL.NS,NSE_EQ|INE0WO601020
LAXMIINDIA.NS,NSE_EQ|INE06WU01026
LCCINFOTEC.NS,NSE_EQ|INE938A01021
LEMERITE.NS,NSE_EQ|INE0G1L01017
LEMONTREE.NS,NSE_EQ|INE970X01018
LENSKART.NS,NSE_EQ|INE956O01016
LEXUS.NS,NSE_EQ|INE500X01013
LFIC.NS,NSE_EQ|INE850E01012
LGBBROSLTD.NS,NSE_EQ|INE337A01034
LGEINDIA.NS,NSE_EQ|INE324D01010
LGHL.NS,NSE_EQ|INE258Y01016
LIBAS.NS,NSE_EQ|INE908V01012
LIBERTSHOE.NS,NSE_EQ|INE557B01019
LICHSGFIN.NS,NSE_EQ|INE115A01026
LICI.NS,NSE_EQ|INE0J1Y01017
LICMFGOLD.NS,NSE_EQ|INF767K01SM1
LICNETFGSC.NS,NSE_EQ|INF767K01MV5
LICNETFN50.NS,NSE_EQ|INF767K01OS7
LICNETFSEN.NS,NSE_EQ|INF767K01OT5
LICNFNHGP.NS,NSE_EQ|INF767K01PC8
LICNMID100.NS,NSE_EQ|INF767K01RN1
LIKHITHA.NS,NSE_EQ|INE060901027
LINC.NS,NSE_EQ|INE802B01027
LINCOLN.NS,NSE_EQ|INE405C01035
LINDEINDIA.NS,NSE_EQ|INE473A01011
LIQGRWBEES.NS,NSE_EQ|INF204KC1FU1
LIQUID.NS,NSE_EQ|INF769K01KS1
LIQUID1.NS,NSE_EQ|INF174KA1LV5
LIQUIDADD.NS,NSE_EQ|INF740KA1UM0
LIQUIDBEES.NS,NSE_EQ|INF732E01037
LIQUIDBETF.NS,NSE_EQ|INF0QA701854
LIQUIDCASE.NS,NSE_EQ|INF0R8F01034
LIQUIDETF.NS,NSE_EQ|INF740KA1EU7
LIQUIDIETF.NS,NSE_EQ|INF109KC1KT9
LIQUIDPLUS.NS,NSE_EQ|INF769K01MY5
LIQUIDSBI.NS,NSE_EQ|INF200KA13Z8
LIQUIDSHRI.NS,NSE_EQ|INF680P01422
LLOYDS.NS,NSE_EQ|INE0DTQ01028
LLOYDSENGG.NS,NSE_EQ|INE093R01011
LLOYDSENT.NS,NSE_EQ|INE080I01025
LLOYDSME.NS,NSE_EQ|INE281B01032
LMW.NS,NSE_EQ|INE269B01029
LODHA.NS,NSE_EQ|INE670K01029
LOKESHMACH.NS,NSE_EQ|INE397H01017
LORDSCHLO.NS,NSE_EQ|INE846D01012
LOTUSDEV.NS,NSE_EQ|INE0V9Q01010
LOTUSEYE.NS,NSE_EQ|INE947I01017
LOVABLE.NS,NSE_EQ|INE597L01014
LOWVOL.NS,NSE_EQ|INF769K01JU9
LOWVOL1.NS,NSE_EQ|INF174KA1IY5
LOWVOLIETF.NS,NSE_EQ|INF109KC19U5
LOYALTEX.NS,NSE_EQ|INE970D01010
LPDC.NS,NSE_EQ|INE197J01017
LRRPL.NS,NSE_EQ|INE0H4B01011
LT.NS,NSE_EQ|INE018A01030
LTF.NS,NSE_EQ|INE498L01015
LTFL28.NS,NSE_EQ|INE498L07152
LTFOODS.NS,NSE_EQ|INE818H01020
LTGILTBEES.NS,NSE_EQ|INF204KB1882
LTGILTCASE.NS,NSE_EQ|INF0R8F01133
LTM.NS,NSE_EQ|INE214T01019
LTTS.NS,NSE_EQ|INE010V01017
LUMAXIND.NS,NSE_EQ|INE162B01018
LUMAXTECH.NS,NSE_EQ|INE872H01027
LUPIN.NS,NSE_EQ|INE326A01037
LUXIND.NS,NSE_EQ|INE150G01020
LXCHEM.NS,NSE_EQ|INE576O01020
LYKALABS.NS,NSE_EQ|INE933A01014
LYPSAGEMS.NS,NSE_EQ|INE142K01011
M&M.NS,NSE_EQ|INE101A01026
M&MFIN.NS,NSE_EQ|INE774D08MG3
M&MFIN.NS,NSE_EQ|INE774D01024
MAANALU.NS,NSE_EQ|INE215I01027
MACOBSTECH.NS,NSE_EQ|INE0R0J01010
MACPOWER.NS,NSE_EQ|INE155Z01011
MADHAV.NS,NSE_EQ|INE925C01016
MADHAVBAUG.NS,NSE_EQ|INE0JR301013
MADHUCON.NS,NSE_EQ|INE378D01032
MADHUSUDAN.NS,NSE_EQ|INE0P6701019
MADRASFERT.NS,NSE_EQ|INE414A01015
MAFANG.NS,NSE_EQ|INF769K01HF4
MAGADSUGAR.NS,NSE_EQ|INE347W01011
MAGNUM.NS,NSE_EQ|INE387I01016
MAGSON.NS,NSE_EQ|INE0O1S01012
MAHABANK.NS,NSE_EQ|INE457A01014
MAHAPEXLTD.NS,NSE_EQ|INE843B01013
MAHASTEEL.NS,NSE_EQ|INE451L01014
MAHEPC.NS,NSE_EQ|INE215D01010
MAHESHWARI.NS,NSE_EQ|INE263W01010
MAHICKRA.NS,NSE_EQ|INE961Y01015
MAHKTECH.NS,NSE_EQ|INF769K01HS7
MAHLIFE.NS,NSE_EQ|INE813A01018
MAHLOG.NS,NSE_EQ|INE766P01016
MAHSCOOTER.NS,NSE_EQ|INE288A01013
MAHSEAMLES.NS,NSE_EQ|INE271B01025
MAITHANALL.NS,NSE_EQ|INE683C01011
MAITREYA.NS,NSE_EQ|INE0PLQ01011
MAKEINDIA.NS,NSE_EQ|INF769K01IB1
MAKS.NS,NSE_EQ|INE0CDK01019
MAL.NS,NSE_EQ|INE00C401011
MALLCOM.NS,NSE_EQ|INE389C01015
MALUPAPER.NS,NSE_EQ|INE383H01017
MAMATA.NS,NSE_EQ|INE0TO701015
MANAKALUCO.NS,NSE_EQ|INE859Q01017
MANAKCOAT.NS,NSE_EQ|INE830Q01018
MANAKSIA.NS,NSE_EQ|INE015D01022
MANAKSTEEL.NS,NSE_EQ|INE824Q01011
MANALIPETC.NS,NSE_EQ|INE201A01024
MANAPPURAM.NS,NSE_EQ|INE522D01027
MANAV.NS,NSE_EQ|INE104Y01012
MANBA.NS,NSE_EQ|INE939X01013
MANCREDIT.NS,NSE_EQ|INE545L01039
MANDEEP.NS,NSE_EQ|INE0R3T01013
MANGALAM.NS,NSE_EQ|INE584F01014
MANGLMCEM.NS,NSE_EQ|INE347A01017
MANILAM.NS,NSE_EQ|INE1ERK01013
MANINDS.NS,NSE_EQ|INE993A01026
MANINFRA.NS,NSE_EQ|INE949H01023
MANKIND.NS,NSE_EQ|INE634S01028
MANOMAY.NS,NSE_EQ|INE784W01015
MANORAMA.NS,NSE_EQ|INE00VM01036
MANORG.NS,NSE_EQ|INE370D01013
MANUFGBEES.NS,NSE_EQ|INF204KC1GH6
MANUGRAPH.NS,NSE_EQ|INE867A01022
MANYAVAR.NS,NSE_EQ|INE825V01034
MAPMYINDIA.NS,NSE_EQ|INE0BV301023
MARALOVER.NS,NSE_EQ|INE882A01013
MARATHON.NS,NSE_EQ|INE182D01020
MARC.NS,NSE_EQ|INE0TD401015
MARCO.NS,NSE_EQ|INE0QP001012
MARICO.NS,NSE_EQ|INE196A01026
MARINE.NS,NSE_EQ|INE01JE01028
MARINETRAN.NS,NSE_EQ|INE0P1P01017
MARKOLINES.NS,NSE_EQ|INE0FW001016
MARKSANS.NS,NSE_EQ|INE750C01026
MARUSHIKA.NS,NSE_EQ|INE0X7G01013
MARUTI.NS,NSE_EQ|INE585B01010
MASFIN.NS,NSE_EQ|INE348L01012
MASKINVEST.NS,NSE_EQ|INE885F01015
MASON.NS,NSE_EQ|INE0SH001010
MASPTOP50.NS,NSE_EQ|INF769K01HP3
MASTEK.NS,NSE_EQ|INE759A01021
MASTER.NS,NSE_EQ|INE0OJM01017
MASTERTR.NS,NSE_EQ|INE677D01037
MATRIMONY.NS,NSE_EQ|INE866R01028
MAWANASUG.NS,NSE_EQ|INE636A01039
MAXESTATES.NS,NSE_EQ|INE03EI01018
MAXHEALTH.NS,NSE_EQ|INE027H01010
MAXIND.NS,NSE_EQ|INE0CG601016
MAXPOSURE.NS,NSE_EQ|INE0ECC01022
MAXVOLT.NS,NSE_EQ|INE10A501018
MAYASHEEL.NS,NSE_EQ|INE0ZTO01018
MAYURUNIQ.NS,NSE_EQ|INE040D01038
MAZDA.NS,NSE_EQ|INE885E01042
MAZDOCK.NS,NSE_EQ|INE249Z01020
MBAPL.NS,NSE_EQ|INE900L01010
MBEL.NS,NSE_EQ|INE08N601015
MBLINFRA.NS,NSE_EQ|INE912H01013
MCL.NS,NSE_EQ|INE813V01022
MCLEODRUSS.NS,NSE_EQ|INE942G01012
MCLOUD.NS,NSE_EQ|INE613C01026
MCON.NS,NSE_EQ|INE0O4M01019
MCX.NS,NSE_EQ|INE745G01043
MDL.NS,NSE_EQ|INE575Z01010
MEDANTA.NS,NSE_EQ|INE474Q01031
MEDIASSIST.NS,NSE_EQ|INE456Z01021
MEDICAMEQ.NS,NSE_EQ|INE646B01010
MEDICO.NS,NSE_EQ|INE630Y01024
MEDIORG.NS,NSE_EQ|INE0PE401018
MEDISTEP.NS,NSE_EQ|INE0UOY01019
MEDPLUS.NS,NSE_EQ|INE804L01022
MEESHO.NS,NSE_EQ|INE0VDM01015
MEGAFLEX.NS,NSE_EQ|INE0G1D01014
MEGASTAR.NS,NSE_EQ|INE00EM01016
MEGATHERM.NS,NSE_EQ|INE531R01010
MEIL.NS,NSE_EQ|INE0PKD01011
MENONBE.NS,NSE_EQ|INE071D01033
MEP.NS,NSE_EQ|INE776I01010
METAL.NS,NSE_EQ|INF769K01LY7
METALIETF.NS,NSE_EQ|INF109KC19W1
METROBRAND.NS,NSE_EQ|INE317I01021
METROPOLIS.NS,NSE_EQ|INE112L01020
MFML.NS,NSE_EQ|INE0US801024
MFSL.NS,NSE_EQ|INE180A01020
MGEL.NS,NSE_EQ|INE0APB01032
MGL.NS,NSE_EQ|INE002S01010
MGSL.NS,NSE_EQ|INE132901013
MHHL.NS,NSE_EQ|INE450S01011
MHLXMIRU.NS,NSE_EQ|INE112D01035
MHRIL.NS,NSE_EQ|INE998I01010
MICEL.NS,NSE_EQ|INE287C01037
MICROPRO.NS,NSE_EQ|INE0PZK01014
MID150.NS,NSE_EQ|INF174KA1VW2
MID150BEES.NS,NSE_EQ|INF204KB1V68
MID150CASE.NS,NSE_EQ|INF0R8F01059
MIDCAP.NS,NSE_EQ|INF174KA1ZC5
MIDCAPADD.NS,NSE_EQ|INF740KA1WW5
MIDCAPBETA.NS,NSE_EQ|INF789F1AYX9
MIDCAPETF.NS,NSE_EQ|INF769K01IC9
MIDCAPIETF.NS,NSE_EQ|INF109KC11W8
MIDHANI.NS,NSE_EQ|INE099Z01011
MIDQ50ADD.NS,NSE_EQ|INF740KA1QL0
MIDSELIETF.NS,NSE_EQ|INF109KC10W0
MIDSMALL.NS,NSE_EQ|INF769K01LJ8
MIDWESTLTD.NS,NSE_EQ|INE0XAD01024
MIEL.NS,NSE_EQ|INE0R3101011
MILTON.NS,NSE_EQ|INE376Y01016
MINDACORP.NS,NSE_EQ|INE842C01021
MINDPOOL.NS,NSE_EQ|INE00RQ01019
MINDSPACE.NS,NSE_EQ|INE0CCU25019
MINDTECK.NS,NSE_EQ|INE110B01017
MIRCELECTR.NS,NSE_EQ|INE831A01028
MIRZAINT.NS,NSE_EQ|INE771A01026
MITCON.NS,NSE_EQ|INE828O01033
MITTAL.NS,NSE_EQ|INE997Y01027
MKPL.NS,NSE_EQ|INE964W01021
MMEL.NS,NSE_EQ|INE0XM301010
MMFL.NS,NSE_EQ|INE227C01017
MMP.NS,NSE_EQ|INE511Y01018
MMTC.NS,NSE_EQ|INE123F01029
MNC.NS,NSE_EQ|INF174KA1JF2
MOALPHA50.NS,NSE_EQ|INF247L01FR8
MOBIKWIK.NS,NSE_EQ|INE0HLU01028
MOBILISE.NS,NSE_EQ|INE1YNB01019
MOCAPITAL.NS,NSE_EQ|INF247L01EV3
MODEFENCE.NS,NSE_EQ|INF247L01DJ0
MODINATUR.NS,NSE_EQ|INE537F01012
MODIRUBBER.NS,NSE_EQ|INE832A01018
MODIS.NS,NSE_EQ|INE0L0L01012
MODISONLTD.NS,NSE_EQ|INE737D01021
MODTHREAD.NS,NSE_EQ|INE794W01014
MOENERGY.NS,NSE_EQ|INF247L01GH7
MOGOLD.NS,NSE_EQ|INF247L01FY4
MOGSEC.NS,NSE_EQ|INF247L01AK4
MOHEALTH.NS,NSE_EQ|INF247L01BB1
MOHITIND.NS,NSE_EQ|INE954E01012
MOIL.NS,NSE_EQ|INE490G01020
MOINFRA.NS,NSE_EQ|INF247L01FL1
MOIPO.NS,NSE_EQ|INF247L01GI5
MOKSH.NS,NSE_EQ|INE514Y01020
MOL.NS,NSE_EQ|INE0CT101020
MOLDTECH.NS,NSE_EQ|INE835B01035
MOLDTKPAC.NS,NSE_EQ|INE893J01029
MOLOWVOL.NS,NSE_EQ|INF247L01BL0
MOM100.NS,NSE_EQ|INF247L01023
MOM30IETF.NS,NSE_EQ|INF109KC17C7
MOM50.NS,NSE_EQ|INF247L01536
MOMENTUM.NS,NSE_EQ|INF209KB14K7
MOMENTUM30.NS,NSE_EQ|INF174KA1XS6
MOMENTUM50.NS,NSE_EQ|INF247L01DK8
MOMGF.NS,NSE_EQ|INF247L01FK3
MOMIDMTM.NS,NSE_EQ|INF247L01FQ0
MOMNC.NS,NSE_EQ|INF247L01GK1
MOMOMENTUM.NS,NSE_EQ|INF247L01BK2
MON100.NS,NSE_EQ|INF247L01AP3
MON50EQUAL.NS,NSE_EQ|INF247L01FC0
MONARCH.NS,NSE_EQ|INE903D01011
MONEXT50.NS,NSE_EQ|INF247L01FD8
MONEYBOXX.NS,NSE_EQ|INE296Q01012
MONIFTY100.NS,NSE_EQ|INF247L01GG9
MONIFTY500.NS,NSE_EQ|INF247L01BU1
MONOLITH.NS,NSE_EQ|INE1DV401010
MONOPHARMA.NS,NSE_EQ|INE0OIP01012
MONQ50.NS,NSE_EQ|INF247L01AU3
MONTECARLO.NS,NSE_EQ|INE950M01013
MOPSE.NS,NSE_EQ|INF247L01FO5
MOQUALITY.NS,NSE_EQ|INF247L01BH8
MORARJEE.NS,NSE_EQ|INE161G01027
MOREALTY.NS,NSE_EQ|INF247L01CI4
MOREPENLAB.NS,NSE_EQ|INE083A01026
MOS.NS,NSE_EQ|INE0N7S01028
MOSCHIP.NS,NSE_EQ|INE935B01025
MOSERVICE.NS,NSE_EQ|INF247L01GJ3
MOSILVER.NS,NSE_EQ|INF247L01FZ1
MOSMALL250.NS,NSE_EQ|INF247L01CH6
MOTHERSON.NS,NSE_EQ|INE775A01035
MOTHERSON.NS,NSE_EQ|INE775A08105
MOTILALOFS.NS,NSE_EQ|INE338I01027
MOTISONS.NS,NSE_EQ|INE0FRK01020
MOTOGENFIN.NS,NSE_EQ|INE861B01023
MOTOUR.NS,NSE_EQ|INF247L01FP2
MOVALUE.NS,NSE_EQ|INF247L01BE5
MOXSH.NS,NSE_EQ|INE0N6D01014
MPEL.NS,NSE_EQ|INE0U4H01011
MPHASIS.NS,NSE_EQ|INE356A01018
MPSLTD.NS,NSE_EQ|INE943D01017
MPTODAY.NS,NSE_EQ|INE105Y01019
MRF.NS,NSE_EQ|INE883A01011
MRIL.NS,NSE_EQ|INE632Q01018
MRPL.NS,NSE_EQ|INE103A01014
MSCIADD.NS,NSE_EQ|INF740KA1WV7
MSCIINDIA.NS,NSE_EQ|INF174KA1VD2
MSPL.NS,NSE_EQ|INE752G01015
MSTCLTD.NS,NSE_EQ|INE255X01014
MSUMI.NS,NSE_EQ|INE0FS801015
MTARTECH.NS,NSE_EQ|INE864I01014
MTEDUCARE.NS,NSE_EQ|INE472M01018
MTNL.NS,NSE_EQ|INE153A01019
MUFIN.NS,NSE_EQ|INE08KJ01020
MUFTI.NS,NSE_EQ|INE220Q01020
MUKANDLTD.NS,NSE_EQ|INE304A01026
MUKKA.NS,NSE_EQ|INE0CG401037
MUKTAARTS.NS,NSE_EQ|INE374B01019
MULTICAP.NS,NSE_EQ|INF769K01LX9
MUNISH.NS,NSE_EQ|INE1K8Y01018
MUNJALAU.NS,NSE_EQ|INE672B01032
MUNJALSHOW.NS,NSE_EQ|INE577A01027
MURUDCERA.NS,NSE_EQ|INE692B01014
MUTF27.NS,NSE_EQ|INE414G07JC6
MUTHOOTCAP.NS,NSE_EQ|INE296G01013
MUTHOOTFIN.NS,NSE_EQ|INE414G01012
MUTHOOTMF.NS,NSE_EQ|INE046W01019
MVGJL.NS,NSE_EQ|INE0KNT01012
MVKAGRO.NS,NSE_EQ|INE0SGC01015
MWL.NS,NSE_EQ|INE0JYY01011
MYMUDRA.NS,NSE_EQ|INE0RVQ01016
NACLIND.NS,NSE_EQ|INE295D01020
NAGAFERT.NS,NSE_EQ|INE454M01024
NAGREEKCAP.NS,NSE_EQ|INE245I01016
NAGREEKEXP.NS,NSE_EQ|INE123B01028
NAHARCAP.NS,NSE_EQ|INE049I01012
NAHARINDUS.NS,NSE_EQ|INE289A01011
NAHARPOLY.NS,NSE_EQ|INE308A01027
NAHARSPING.NS,NSE_EQ|INE290A01027
NAM-INDIA.NS,NSE_EQ|INE298J01013
NAMAN.NS,NSE_EQ|INE0RJM01010
NAMOEWASTE.NS,NSE_EQ|INE08NZ01012
NARMADA.NS,NSE_EQ|INE117Z01011
NATCAPSUQ.NS,NSE_EQ|INE936B01015
NATCOPHARM.NS,NSE_EQ|INE987B01026
NATHBIOGEN.NS,NSE_EQ|INE448G01010
NATIONALUM.NS,NSE_EQ|INE139A01034
NAUKRI.NS,NSE_EQ|INE663F01032
NAVA.NS,NSE_EQ|INE725A01030
NAVINFLUOR.NS,NSE_EQ|INE048G01026
NAVKARCORP.NS,NSE_EQ|INE278M01019
NAVKARURB.NS,NSE_EQ|INE268H01044
NAVNETEDUL.NS,NSE_EQ|INE060A01024
NAZARA.NS,NSE_EQ|INE418L01047
NBCC.NS,NSE_EQ|INE095N01031
NBIFIN.NS,NSE_EQ|INE365I01020
NCC.NS,NSE_EQ|INE868B01028
NCLIND.NS,NSE_EQ|INE732C01016
NDGL.NS,NSE_EQ|INE756C01015
NDL.NS,NSE_EQ|INE875G01048
NDLVENTURE.NS,NSE_EQ|INE353A01023
NDRAUTO.NS,NSE_EQ|INE07OG01012
NDRINVIT.NS,NSE_EQ|INE0Q7Q23015
NDTV.NS,NSE_EQ|INE155G01029
NECCLTD.NS,NSE_EQ|INE553C01016
NECLIFE.NS,NSE_EQ|INE023H01027
NEELAM.NS,NSE_EQ|INE0N1401016
NELCAST.NS,NSE_EQ|INE189I01024
NELCO.NS,NSE_EQ|INE045B01015
NEOCHEM.NS,NSE_EQ|INE21UM01018
NEOGEN.NS,NSE_EQ|INE136S01016
NEPHROCARE.NS,NSE_EQ|INE0SUN01013
NEPHROPLUS.NS,NSE_EQ|INE428V01029
NEPTUNE.NS,NSE_EQ|INE156901014
NESCO.NS,NSE_EQ|INE317F01035
NESTLEIND.NS,NSE_EQ|INE239A01024
NETF.NS,NSE_EQ|INF277K015R5
NETWEB.NS,NSE_EQ|INE0NT901020
NETWORK18.NS,NSE_EQ|INE870H01013
NEUEON.NS,NSE_EQ|INE333I01044
NEULANDLAB.NS,NSE_EQ|INE794A01010
NEWGEN.NS,NSE_EQ|INE619B01017
NEWJAISA.NS,NSE_EQ|INE0PW501021
NEXT30ADD.NS,NSE_EQ|INF740KA1VE5
NEXT50.NS,NSE_EQ|INF769K01FN2
NEXT50ADD.NS,NSE_EQ|INF740KA1XU7
NEXT50BETA.NS,NSE_EQ|INF789F1AUW9
NEXT50ETF.NS,NSE_EQ|INF174KA1YO3
NEXT50IETF.NS,NSE_EQ|INF109KC1NS5
NEXTMEDIA.NS,NSE_EQ|INE747B01016
NFL.NS,NSE_EQ|INE870D01012
NGIL.NS,NSE_EQ|INE236Y01012
NGLFINE.NS,NSE_EQ|INE887E01022
NH.NS,NSE_EQ|INE410P01011
NHIT.NS,NSE_EQ|INE0H7R23014
NHPC.NS,NSE_EQ|INE848E01016
NIACL.NS,NSE_EQ|INE470Y01017
NIBE.NS,NSE_EQ|INE149O01018
NIBL.NS,NSE_EQ|INE047O01014
NIDAN.NS,NSE_EQ|INE0J6L01013
NIDOZC26.NS,NSE_EQ|INE530L07236
NIF100BEES.NS,NSE_EQ|INF204K014N5
NIF100IETF.NS,NSE_EQ|INF109KC16V9
NIFTY1.NS,NSE_EQ|INF174K014P6
NIFTY100EW.NS,NSE_EQ|INF174KA1UW4
NIFTYADD.NS,NSE_EQ|INF740KA1CL0
NIFTYBEES.NS,NSE_EQ|INF204KB14I2
NIFTYBETA.NS,NSE_EQ|INF789F1AZC0
NIFTYBETF.NS,NSE_EQ|INF0QA701722
NIFTYCASE.NS,NSE_EQ|INF0R8F01166
NIFTYETF.NS,NSE_EQ|INF769K01EG9
NIFTYIETF.NS,NSE_EQ|INF109K012R6
NIFTYQLITY.NS,NSE_EQ|INF209KB15K4
NIITLTD.NS,NSE_EQ|INE161A01038
NIITMTS.NS,NSE_EQ|INE342G01023
NIKITA.NS,NSE_EQ|INE0FLF01015
NILAINFRA.NS,NSE_EQ|INE937C01029
NILASPACES.NS,NSE_EQ|INE00S901012
NILKAMAL.NS,NSE_EQ|INE310A01015
NINSYS.NS,NSE_EQ|INE395U01014
NIPPOBATRY.NS,NSE_EQ|INE567A01028
NIRAJ.NS,NSE_EQ|INE368I01016
NIRAJISPAT.NS,NSE_EQ|INE326T01011
NIRMAN.NS,NSE_EQ|INE0OK701014
NITCO.NS,NSE_EQ|INE858F01012
NITINSPIN.NS,NSE_EQ|INE229H01012
NITIRAJ.NS,NSE_EQ|INE439T01012
NIVABUPA.NS,NSE_EQ|INE995S01015
NKIND.NS,NSE_EQ|INE542C01019
NLCINDIA.NS,NSE_EQ|INE589A01014
NMDC.NS,NSE_EQ|INE584A01023
NMSTEEL.NS,NSE_EQ|INE0TP801012
NOCIL.NS,NSE_EQ|INE163A01018
NOIDATOLL.NS,NSE_EQ|INE781B01015
NORBTEAEXP.NS,NSE_EQ|INE369C01017
NORTHARC.NS,NSE_EQ|INE850M01015
NOVAAGRI.NS,NSE_EQ|INE02H701025
NPBET.NS,NSE_EQ|INF277K010X4
NPST.NS,NSE_EQ|INE0FFK01017
NRAIL.NS,NSE_EQ|INE740D01017
NRBBEARING.NS,NSE_EQ|INE349A01021
NRL.NS,NSE_EQ|INE0JM501013
NRVANDANA.NS,NSE_EQ|INE104101014
NSIL.NS,NSE_EQ|INE023A01030
NSLNISP.NS,NSE_EQ|INE0NNS01018
NTPC.NS,NSE_EQ|INE733E01010
NTPCGREEN.NS,NSE_EQ|INE0ONG01011
NUCLEUS.NS,NSE_EQ|INE096B01018
NURECA.NS,NSE_EQ|INE0DSF01015
NUVAMA.NS,NSE_EQ|INE531F01023
NUVOCO.NS,NSE_EQ|INE118D01016
NV20.NS,NSE_EQ|INF174KA1ZE1
NV20BEES.NS,NSE_EQ|INF204KB18I3
NV20IETF.NS,NSE_EQ|INF109KC11V0
NXST.NS,NSE_EQ|INE0NDH25011
NXT-INFRA.NS,NSE_EQ|INE0SF023016
NYKAA.NS,NSE_EQ|INE388Y01029
OAL.NS,NSE_EQ|INE959C01023
OBCL.NS,NSE_EQ|INE426Z01016
OBEROIRLTY.NS,NSE_EQ|INE093I01010
OBSCP.NS,NSE_EQ|INE0YHV01011
OCCLLTD.NS,NSE_EQ|INE0PK601023
ODIGMA.NS,NSE_EQ|INE054301028
OFSS.NS,NSE_EQ|INE881D01027
OIL.NS,NSE_EQ|INE274J01014
OILCOUNTUB.NS,NSE_EQ|INE591A01010
OILIETF.NS,NSE_EQ|INF109KC18W3
OLAELEC.NS,NSE_EQ|INE0LXG01040
OLECTRA.NS,NSE_EQ|INE260D01016
OLIL-RE.NS,NSE_EQ|INE0OPS20011
OLIL.NS,NSE_EQ|INE0OPS01011
OMAXAUTO.NS,NSE_EQ|INE090B01011
OMAXE.NS,NSE_EQ|INE800H01010
OMFREIGHT.NS,NSE_EQ|INE1BZC01019
OMFURN.NS,NSE_EQ|INE338Y01016
OMINFRAL.NS,NSE_EQ|INE239D01028
OMKARCHEM.NS,NSE_EQ|INE474L01016
OMNI.NS,NSE_EQ|INE0UH301010
ONDOOR.NS,NSE_EQ|INE00ER01015
ONECAP-RE.NS,NSE_EQ|INE912L20015
ONELIFECAP.NS,NSE_EQ|INE912L01015
ONEPOINT.NS,NSE_EQ|INE840Y01029
ONESOURCE.NS,NSE_EQ|INE013P01021
ONGC.NS,NSE_EQ|INE213A01029
ONMOBILE.NS,NSE_EQ|INE809I01019
ONWARDTEC.NS,NSE_EQ|INE229A01017
ONYX.NS,NSE_EQ|INE0WVU01018
OPTIEMUS.NS,NSE_EQ|INE350C01017
OPTIVALUE.NS,NSE_EQ|INE15B101011
ORBTEXP.NS,NSE_EQ|INE231G01010
ORCHASP.NS,NSE_EQ|INE215B01022
ORCHPHARMA.NS,NSE_EQ|INE191A01027
ORIANA.NS,NSE_EQ|INE0OUT01019
ORICONENT.NS,NSE_EQ|INE730A01022
ORIENTALTL.NS,NSE_EQ|INE998H01012
ORIENTBELL.NS,NSE_EQ|INE607D01018
ORIENTCEM.NS,NSE_EQ|INE876N01018
ORIENTCER.NS,NSE_EQ|INE569C01020
ORIENTELEC.NS,NSE_EQ|INE142Z01019
ORIENTHOT.NS,NSE_EQ|INE750A01020
ORIENTLTD.NS,NSE_EQ|INE609C01024
ORIENTPPR.NS,NSE_EQ|INE592A01026
ORIENTTECH.NS,NSE_EQ|INE0PPK01015
ORISSAMINE.NS,NSE_EQ|INE725E01024
ORKLAINDIA.NS,NSE_EQ|INE16NZ01023
ORTEL.NS,NSE_EQ|INE849L01019
ORTINGLOBE.NS,NSE_EQ|INE749B01020
OSEINTRUST.NS,NSE_EQ|INE07Z523018
OSELDEVICE.NS,NSE_EQ|INE0RMF01018
OSIAHYPER.NS,NSE_EQ|INE06IR01021
OSWALAGRO.NS,NSE_EQ|INE142A01012
OSWALGREEN.NS,NSE_EQ|INE143A01010
OSWALPUMPS.NS,NSE_EQ|INE0BYP01024
OSWALSEEDS.NS,NSE_EQ|INE00IK01029
OWAIS.NS,NSE_EQ|INE0R8M01017
PACEDIGITK.NS,NSE_EQ|INE0S3G01027
PAGEIND.NS,NSE_EQ|INE761H01022
PAISALO.NS,NSE_EQ|INE420C01059
PAKKA.NS,NSE_EQ|INE551D01018
PALASHSECU.NS,NSE_EQ|INE471W01019
PALREDTEC.NS,NSE_EQ|INE218G01033
PANACEABIO.NS,NSE_EQ|INE922B01023
PANACHE.NS,NSE_EQ|INE895W01019
PANAMAPET.NS,NSE_EQ|INE305C01029
PANSARI.NS,NSE_EQ|INE697V01011
PAR.NS,NSE_EQ|INE04LG01015
PARACABLES.NS,NSE_EQ|INE074B01023
PARADEEP.NS,NSE_EQ|INE088F01024
PARAGMILK.NS,NSE_EQ|INE883N01014
PARAGON.NS,NSE_EQ|INE0N4G01012
PARAMATRIX.NS,NSE_EQ|INE0S2W01018
PARAMOUNT.NS,NSE_EQ|INE0TG801013
PARAMPARA.NS,NSE_EQ|INE749Y01014
PARAS.NS,NSE_EQ|INE045601023
PARASPETRO.NS,NSE_EQ|INE162C01024
PARIN.NS,NSE_EQ|INE00U801010
PARKHOSPS.NS,NSE_EQ|INE119201023
PARKHOTELS.NS,NSE_EQ|INE988S01028
PARSVNATH.NS,NSE_EQ|INE561H01026
PARTH.NS,NSE_EQ|INE1H7V01011
PARTYCRUS.NS,NSE_EQ|INE06ZX01015
PASHUPATI.NS,NSE_EQ|INE124Y01010
PASUPTAC.NS,NSE_EQ|INE818B01023
PATANJALI.NS,NSE_EQ|INE619A01035
PATELENG.NS,NSE_EQ|INE244B01030
PATELRMART.NS,NSE_EQ|INE0R8B01010
PATILAUTOM.NS,NSE_EQ|INE17GV01016
PATINTLOG.NS,NSE_EQ|INE529D01014
PATTECH.NS,NSE_EQ|INE0NZW01014
PAUSHAKLTD.NS,NSE_EQ|INE111F01024
PAVNAIND.NS,NSE_EQ|INE07S101038
PAYTM.NS,NSE_EQ|INE982J01020
PCBL.NS,NSE_EQ|INE602A01031
PCCL.NS,NSE_EQ|INE998U01015
PCHF230125.NS,NSE_EQ|INE516Y07527
PCJEWELLER.NS,NSE_EQ|INE785M01021
PCPL27.NS,NSE_EQ|INE389Z07062
PDMJEPAPER.NS,NSE_EQ|INE865T01018
PDSL.NS,NSE_EQ|INE111Q01021
PEARLPOLY.NS,NSE_EQ|INE844A01013
PELATRO.NS,NSE_EQ|INE0VG601013
PENIND.NS,NSE_EQ|INE932A01024
PENINLAND.NS,NSE_EQ|INE138A01028
PENTAGON.NS,NSE_EQ|INE0ORS01017
PERFECT.NS,NSE_EQ|INE925S01012
PERSISTENT.NS,NSE_EQ|INE262H01021
PETRONET.NS,NSE_EQ|INE347G01014
PFC.NS,NSE_EQ|INE134E01011
PFCL36.NS,NSE_EQ|INE134E07DV8
PFCL36A.NS,NSE_EQ|INE134E07DX4
PFCL36B.NS,NSE_EQ|INE134E07DW6
PFCL41.NS,NSE_EQ|INE134E07DL9
PFCL41A.NS,NSE_EQ|INE134E07DJ3
PFIZER.NS,NSE_EQ|INE182A01018
PFOCUS.NS,NSE_EQ|INE367G01038
PFS.NS,NSE_EQ|INE560K01014
PGEL.NS,NSE_EQ|INE457L01029
PGHH.NS,NSE_EQ|INE179A01014
PGHL.NS,NSE_EQ|INE199A01012
PGIL.NS,NSE_EQ|INE940H01022
PGINVIT.NS,NSE_EQ|INE0GGX23010
PHANTOMFX.NS,NSE_EQ|INE0MLZ01019
PHARMABEES.NS,NSE_EQ|INF204KC1089
PHOENIXLTD.NS,NSE_EQ|INE211B01039
PHOGLOBAL.NS,NSE_EQ|INE0FPO01018
PICCADIL.NS,NSE_EQ|INE546C01010
PIDILITIND.NS,NSE_EQ|INE318A01026
PIGL.NS,NSE_EQ|INE557Z01018
PIIND.NS,NSE_EQ|INE603J01030
PILANIINVS.NS,NSE_EQ|INE417C01014
PILITA.NS,NSE_EQ|INE600A01035
PINELABS.NS,NSE_EQ|INE15B701018
PIONEEREMB.NS,NSE_EQ|INE156C01018
PIRAMALFIN.NS,NSE_EQ|INE202B01038
PITTIENG.NS,NSE_EQ|INE450D01021
PIXTRANS.NS,NSE_EQ|INE751B01018
PKTEA.NS,NSE_EQ|INE431F01018
PLADAINFO.NS,NSE_EQ|INE0PXD01014
PLASTIBLEN.NS,NSE_EQ|INE083C01022
PLATIND.NS,NSE_EQ|INE0PT501018
PLAZACABLE.NS,NSE_EQ|INE0INJ01017
PNB.NS,NSE_EQ|INE160A01022
PNBGILTS.NS,NSE_EQ|INE859A01011
PNBHOUSING.NS,NSE_EQ|INE572E01012
PNC.NS,NSE_EQ|INE392B01011
PNCINFRA.NS,NSE_EQ|INE195J01029
PNGJL.NS,NSE_EQ|INE953R01016
PNGSREVA.NS,NSE_EQ|INE1RDG01013
POCL.NS,NSE_EQ|INE063E01053
PODDARMENT.NS,NSE_EQ|INE371C01013
POKARNA.NS,NSE_EQ|INE637C01025
POLICYBZR.NS,NSE_EQ|INE417T01026
POLYCAB.NS,NSE_EQ|INE455K01017
POLYMED.NS,NSE_EQ|INE205C01021
POLYPLEX.NS,NSE_EQ|INE633B01018
POLYSIL.NS,NSE_EQ|INE517M01028
PONNIERODE.NS,NSE_EQ|INE838E01017
POONAWALLA.NS,NSE_EQ|INE511C01022
POSITRON.NS,NSE_EQ|INE0S3H01017
POWERGRID.NS,NSE_EQ|INE752E01010
POWERINDIA.NS,NSE_EQ|INE07Y701011
POWERMECH.NS,NSE_EQ|INE211R01019
PPAP.NS,NSE_EQ|INE095I01015
PPL.NS,NSE_EQ|INE050001010
PPLPHARMA.NS,NSE_EQ|INE0DK501011
PPSL.NS,NSE_EQ|INE0YAL01017
PRABHA.NS,NSE_EQ|INE0I0M01023
PRAENG.NS,NSE_EQ|INE505C01016
PRAJIND.NS,NSE_EQ|INE074A01025
PRAKASH.NS,NSE_EQ|INE603A01013
PRAKASHSTL.NS,NSE_EQ|INE696K01024
PRAMARA.NS,NSE_EQ|INE0O7A01017
PRANIK.NS,NSE_EQ|INE0VJG01014
PRATHAM.NS,NSE_EQ|INE0QA601016
PRAXIS.NS,NSE_EQ|INE546Y01022
PRECAM.NS,NSE_EQ|INE484I01029
PRECISION.NS,NSE_EQ|INE0HKW01018
PRECOT.NS,NSE_EQ|INE283A01014
PRECWIRE.NS,NSE_EQ|INE372C01037
PREMEXPLN.NS,NSE_EQ|INE863B01029
PREMIER.NS,NSE_EQ|INE342A01018
PREMIERENE.NS,NSE_EQ|INE0BS701011
PREMIERPOL.NS,NSE_EQ|INE309M01020
PREMIUM.NS,NSE_EQ|INE0M1F01011
PRESSTONIC.NS,NSE_EQ|INE0R1601012
PRESTIGE.NS,NSE_EQ|INE811K01011
PRICOLLTD.NS,NSE_EQ|INE726V01018
PRIMECAB.NS,NSE_EQ|INE0CQA01020
PRIMESECU.NS,NSE_EQ|INE032B01021
PRIMO.NS,NSE_EQ|INE607A01022
PRINCEPIPE.NS,NSE_EQ|INE689W01016
PRITI.NS,NSE_EQ|INE974Z01015
PRITIKA.NS,NSE_EQ|INE0MJQ01020
PRITIKAUTO.NS,NSE_EQ|INE583R01029
PRIVISCL.NS,NSE_EQ|INE959A01019
PRIZOR.NS,NSE_EQ|INE0V9N01017
PRLIND.NS,NSE_EQ|INE0CFG01012
PROFX.NS,NSE_EQ|INE0VJT01017
PROLIFE.NS,NSE_EQ|INE994V01012
PROPEQUITY.NS,NSE_EQ|INE0KN801013
PROSTARM.NS,NSE_EQ|INE0BX301013
PROTEAN.NS,NSE_EQ|INE004A01022
PROV.NS,NSE_EQ|INE0ONE01016
PROZONER.NS,NSE_EQ|INE195N01013
PRSMJOHNSN.NS,NSE_EQ|INE010A01011
PRUDENT.NS,NSE_EQ|INE00F201020
PRUDMOULI.NS,NSE_EQ|INE024D01016
PSB.NS,NSE_EQ|INE608A01012
PSFL.NS,NSE_EQ|INE0Q6001012
PSPPROJECT.NS,NSE_EQ|INE488V01015
PSRAJ.NS,NSE_EQ|INE0XUS01012
PSUBANK.NS,NSE_EQ|INF373I01023
PSUBANKADD.NS,NSE_EQ|INF740KA1SY9
PSUBNKBEES.NS,NSE_EQ|INF204KB16I7
PSUBNKIETF.NS,NSE_EQ|INF109KC10S8
PTC.NS,NSE_EQ|INE877F01012
PTCIL.NS,NSE_EQ|INE596F01018
PTL.NS,NSE_EQ|INE034D01049
PULZ.NS,NSE_EQ|INE335X01014
PUNJABCHEM.NS,NSE_EQ|INE277B01014
PURPLEUTED.NS,NSE_EQ|INE0P5R01014
PURVA.NS,NSE_EQ|INE323I01011
PURVFLEXI.NS,NSE_EQ|INE0R6C01012
PUSHPA.NS,NSE_EQ|INE154801018
PVP.NS,NSE_EQ|INE362A01016
PVRINOX.NS,NSE_EQ|INE191H01014
PVSL.NS,NSE_EQ|INE772T01024
PVTBANIETF.NS,NSE_EQ|INF109KC18U7
PVTBANKADD.NS,NSE_EQ|INF740KA1TA7
PWL.NS,NSE_EQ|INE0LP301011
PYRAMID.NS,NSE_EQ|INE0MIS01010
QFIL.NS,NSE_EQ|INE0O1M01015
QGOLDHALF.NS,NSE_EQ|INF082J01408
QMSMEDI.NS,NSE_EQ|INE0FMW01018
QNIFTY.NS,NSE_EQ|INF082J01499
QPOWER.NS,NSE_EQ|INE0SII01026
QUADFUTURE.NS,NSE_EQ|INE0LRY01011
QUADPRO.NS,NSE_EQ|INE0GOJ01027
QUAL30IETF.NS,NSE_EQ|INF109KC18V5
QUALITY30.NS,NSE_EQ|INF174KA1WT6
QUESS.NS,NSE_EQ|INE615P01015
QUESTLAB.NS,NSE_EQ|INE0TNW01017
QUICKHEAL.NS,NSE_EQ|INE306L01010
QUICKTOUCH.NS,NSE_EQ|INE0K4D01020
QVCEL.NS,NSE_EQ|INE0KZF01015
RACE.NS,NSE_EQ|INE084Q01012
RACLGEAR.NS,NSE_EQ|INE704B01017
RADAAN.NS,NSE_EQ|INE874F01027
RADHIKAJWE.NS,NSE_EQ|INE583V01021
RADIANTCMS.NS,NSE_EQ|INE855R01021
RADICO.NS,NSE_EQ|INE944F01028
RADIOCITY.NS,NSE_EQ|INE919I01024
RADIOWALLA.NS,NSE_EQ|INE430U01019
RAILTEL.NS,NSE_EQ|INE0DD101019
RAIN.NS,NSE_EQ|INE855B01025
RAINBOW.NS,NSE_EQ|INE961O01016
RAJESHEXPO.NS,NSE_EQ|INE343B01030
RAJINDLTD.NS,NSE_EQ|INE0PCU01012
RAJMET.NS,NSE_EQ|INE00KV01022
RAJOOENG.NS,NSE_EQ|INE535F01024
RAJPUTANA.NS,NSE_EQ|INE0VHU01019
RAJRATAN.NS,NSE_EQ|INE451D01029
RAJRILTD.NS,NSE_EQ|INE533D01032
RAJSREESUG.NS,NSE_EQ|INE562B01019
RAJTV.NS,NSE_EQ|INE952H01027
RALLIS.NS,NSE_EQ|INE613A01020
RAMANEWS.NS,NSE_EQ|INE278B01020
RAMAPHO.NS,NSE_EQ|INE809A01032
RAMASTEEL.NS,NSE_EQ|INE230R01035
RAMCOCEM.NS,NSE_EQ|INE331A01037
RAMCOIND.NS,NSE_EQ|INE614A01028
RAMCOSYS.NS,NSE_EQ|INE246B01019
RAMKY.NS,NSE_EQ|INE874I01013
RAMRAT.NS,NSE_EQ|INE207E01023
RANASUG.NS,NSE_EQ|INE625B01014
RANEHOLDIN.NS,NSE_EQ|INE384A01010
RAPIDFLEET.NS,NSE_EQ|INE0QX901013
RAPPID.NS,NSE_EQ|INE0MVO01012
RATEGAIN.NS,NSE_EQ|INE0CLI01024
RATNAMANI.NS,NSE_EQ|INE703B01027
RATNAVEER.NS,NSE_EQ|INE05CZ01011
RAYMOND.NS,NSE_EQ|INE301A01014
RAYMONDLSL.NS,NSE_EQ|INE02ID01020
RAYMONDREL.NS,NSE_EQ|INE1SY401010
RBA.NS,NSE_EQ|INE07T201019
RBLBANK.NS,NSE_EQ|INE976G01028
RBMINFRA.NS,NSE_EQ|INE0NA301016
RBS.NS,NSE_EQ|INE0RJH01010
RBZJEWEL.NS,NSE_EQ|INE0PEQ01016
RCDL.NS,NSE_EQ|INE0BZQ01011
RCF.NS,NSE_EQ|INE027A01015
RCOM.NS,NSE_EQ|INE330H01018
READYMIX.NS,NSE_EQ|INE10QL01011
RECLTD.NS,NSE_EQ|INE020B01018
REDINGTON.NS,NSE_EQ|INE891D01026
REDTAPE.NS,NSE_EQ|INE0LXT01019
REFEX.NS,NSE_EQ|INE056I01025
REFRACTORY.NS,NSE_EQ|INE0TNX01015
REGAAL.NS,NSE_EQ|INE0MHO01029
REGENCERAM.NS,NSE_EQ|INE277C01012
RELAXO.NS,NSE_EQ|INE131B01039
RELCHEMQ.NS,NSE_EQ|INE750D01016
RELIABLE.NS,NSE_EQ|INE375Y01018
RELIANCE.NS,NSE_EQ|INE002A01018
RELIGARE.NS,NSE_EQ|INE621H01010
RELINFRA.NS,NSE_EQ|INE036A01016
RELTD.NS,NSE_EQ|INE206N01018
REMSONSIND.NS,NSE_EQ|INE474C01023
REMUS.NS,NSE_EQ|INE0O5T01011
RENUKA.NS,NSE_EQ|INE087H01022
REPCOHOME.NS,NSE_EQ|INE612J01015
REPL.NS,NSE_EQ|INE364Z01019
REPRO.NS,NSE_EQ|INE461B01014
RESPONIND.NS,NSE_EQ|INE688D01026
RETAIL.NS,NSE_EQ|INE03DD01011
REXPIPES.NS,NSE_EQ|INE00D001018
REXPRO.NS,NSE_EQ|INE113601012
RGL.NS,NSE_EQ|INE722H01024
RHETAN.NS,NSE_EQ|INE0KKN01029
RHFL.NS,NSE_EQ|INE217K01011
RHIM.NS,NSE_EQ|INE743M01012
RHL.NS,NSE_EQ|INE508K01013
RICHA.NS,NSE_EQ|INE0J1P01015
RICOAUTO.NS,NSE_EQ|INE209B01025
RIIL.NS,NSE_EQ|INE046A01015
RILINFRA.NS,NSE_EQ|INE02OY01016
RISHABH.NS,NSE_EQ|INE0N2P01017
RITCO.NS,NSE_EQ|INE01EG01016
RITES.NS,NSE_EQ|INE320J01015
RITEZONE.NS,NSE_EQ|INE0MRA01019
RKDL.NS,NSE_EQ|INE722J01012
RKEC.NS,NSE_EQ|INE786W01010
RKFORGE.NS,NSE_EQ|INE399G01023
RKSWAMY.NS,NSE_EQ|INE0NQ801033
RMDRIP.NS,NSE_EQ|INE219Y01026
RML.NS,NSE_EQ|INE050H01012
RNBDENIMS.NS,NSE_EQ|INE012Q01021
RNFI.NS,NSE_EQ|INE0SA001017
RNPL.NS,NSE_EQ|INE0VZX01015
ROADSTAR.NS,NSE_EQ|INE0JEI23010
ROCKINGDCE.NS,NSE_EQ|INE0PTR01012
ROCKPP.NS,NSE_EQ|IN90PTR01010
ROHLTD.NS,NSE_EQ|INE283H01019
ROLEXRINGS.NS,NSE_EQ|INE645S01024
ROLLT.NS,NSE_EQ|INE927A01040
ROML.NS,NSE_EQ|INE294G01026
ROSSARI.NS,NSE_EQ|INE02A801020
ROSSELLIND.NS,NSE_EQ|INE847C01020
ROSSTECH.NS,NSE_EQ|INE0OJW01016
ROTO.NS,NSE_EQ|INE535D01037
ROUTE.NS,NSE_EQ|INE450U01017
ROXHITECH.NS,NSE_EQ|INE0PDJ01013
ROYALARC.NS,NSE_EQ|INE0EO401019
RPEL.NS,NSE_EQ|INE912T01018
RPGLIFE.NS,NSE_EQ|INE105J01010
RPOWER.NS,NSE_EQ|INE614G01033
RPPINFRA.NS,NSE_EQ|INE324L01013
RPPL.NS,NSE_EQ|INE760W01023
RPSGVENT.NS,NSE_EQ|INE425Y01011
RPTECH.NS,NSE_EQ|INE0J1F01024
RRKABEL.NS,NSE_EQ|INE777K01022
RSSOFTWARE.NS,NSE_EQ|INE165B01029
RSWM.NS,NSE_EQ|INE611A01016
RSYSTEMS.NS,NSE_EQ|INE411H01032
RTL.NS,NSE_EQ|INE14W901010
RTNINDIA.NS,NSE_EQ|INE834M01019
RTNPOWER.NS,NSE_EQ|INE399K01017
RUBFILA.NS,NSE_EQ|INE642C01025
RUBICON.NS,NSE_EQ|INE506V01022
RUBYMILLS.NS,NSE_EQ|INE301D01026
RUCHINFRA.NS,NSE_EQ|INE413B01023
RUCHIRA.NS,NSE_EQ|INE803H01014
RUDRA.NS,NSE_EQ|INE027T01023
RULKA.NS,NSE_EQ|INE0R7301013
RUPA.NS,NSE_EQ|INE895B01021
RUSHIL.NS,NSE_EQ|INE573K01025
RUSTOMJEE.NS,NSE_EQ|INE263M01029
RVHL.NS,NSE_EQ|INE09E501017
RVNL.NS,NSE_EQ|INE415G01027
RVTH.NS,NSE_EQ|INE0DAB01012
S&SPOWER.NS,NSE_EQ|INE902B01017
SAAKSHI.NS,NSE_EQ|INE0PSK01027
SAATVIKGL.NS,NSE_EQ|INE13B501022
SABAR.NS,NSE_EQ|INE0DZ101013
SABEVENTS.NS,NSE_EQ|INE860T01019
SACHEEROME.NS,NSE_EQ|INE1ARD01016
SADBHAV.NS,NSE_EQ|INE226H01026
SADBHIN.NS,NSE_EQ|INE764L01010
SADHAV.NS,NSE_EQ|INE0K5H01010
SADHNANIQ.NS,NSE_EQ|INE888C01040
SAFARI.NS,NSE_EQ|INE429E01023
SAFEENTP.NS,NSE_EQ|INE17D601016
SAGARDEEP.NS,NSE_EQ|INE976T01013
SAGCEM.NS,NSE_EQ|INE229C01021
SAGILITY.NS,NSE_EQ|INE0W2G01015
SAHAJSOLAR.NS,NSE_EQ|INE0P4701011
SAHANA.NS,NSE_EQ|INE0LEX01011
SAHASRA.NS,NSE_EQ|INE0RBQ01018
SAHYADRI.NS,NSE_EQ|INE280H01015
SAIFL.NS,NSE_EQ|INE0PZA01015
SAIL.NS,NSE_EQ|INE114A01011
SAILIFE.NS,NSE_EQ|INE570L01029
SAJHOTELS.NS,NSE_EQ|INE00MT01022
SAKAR.NS,NSE_EQ|INE732S01012
SAKHTISUG.NS,NSE_EQ|INE623A01011
SAKSOFT.NS,NSE_EQ|INE667G01023
SAKUMA.NS,NSE_EQ|INE190H01024
SALASAR.NS,NSE_EQ|INE170V01027
SALONA.NS,NSE_EQ|INE498E01010
SALSTEEL.NS,NSE_EQ|INE658G01014
SALZERELEC.NS,NSE_EQ|INE457F01013
SAMAY.NS,NSE_EQ|INE124101010
SAMBHAAV.NS,NSE_EQ|INE699B01027
SAMBHV.NS,NSE_EQ|INE12NJ01018
SAMHI.NS,NSE_EQ|INE08U801020
SAMMAANCAP.NS,NSE_EQ|INE148I01020
SAMPANN.NS,NSE_EQ|INE735M01018
SANATHAN.NS,NSE_EQ|INE0JPD01013
SANCO.NS,NSE_EQ|INE782L01012
SANDESH.NS,NSE_EQ|INE583B01015
SANDHAR.NS,NSE_EQ|INE278H01035
SANDUMA.NS,NSE_EQ|INE149K01016
SANGAMIND.NS,NSE_EQ|INE495C01010
SANGANI.NS,NSE_EQ|INE0OVI01010
SANGHIIND.NS,NSE_EQ|INE999B01013
SANGHVIMOV.NS,NSE_EQ|INE989A01032
SANGINITA.NS,NSE_EQ|INE753W01010
SANOFI.NS,NSE_EQ|INE058A01010
SANOFICONR.NS,NSE_EQ|INE0UOS01011
SANSERA.NS,NSE_EQ|INE953O01021
SANSTAR.NS,NSE_EQ|INE08NE01025
SANWARIA.NS,NSE_EQ|INE890C01046
SAPPHIRE.NS,NSE_EQ|INE806T01020
SARDAEN.NS,NSE_EQ|INE385C01021
SAREGAMA.NS,NSE_EQ|INE979A01025
SARLAPOLY.NS,NSE_EQ|INE453D01025
SAROJA.NS,NSE_EQ|INE0PCL01011
SARTELE.NS,NSE_EQ|INE0PUC01020
SARVESHWAR.NS,NSE_EQ|INE324X01026
SASKEN.NS,NSE_EQ|INE231F01020
SASTASUNDR.NS,NSE_EQ|INE019J01013
SATECH.NS,NSE_EQ|INE0BSN01013
SATIA.NS,NSE_EQ|INE170E01023
SATIN.NS,NSE_EQ|INE836B01017
SATIPOLY.NS,NSE_EQ|INE0RPM01017
SATKARTAR.NS,NSE_EQ|INE0NB801022
SATTVAENGG.NS,NSE_EQ|INE14DW01018
SAURASHCEM.NS,NSE_EQ|INE626A01014
SAVY.NS,NSE_EQ|INE0UCN01017
SAWALIYA.NS,NSE_EQ|INE10VS01016
SBC.NS,NSE_EQ|INE04AK01028
SBCL.NS,NSE_EQ|INE386D01027
SBFC.NS,NSE_EQ|INE423Y01016
SBGLP.NS,NSE_EQ|INE05ST01028
SBIBPB.NS,NSE_EQ|INF200KB1712
SBICARD.NS,NSE_EQ|INE018E01016
SBIETFCON.NS,NSE_EQ|INF200KA1X17
SBIETFIT.NS,NSE_EQ|INF200KA1S14
SBIETFPB.NS,NSE_EQ|INF200KA1S22
SBIETFQLTY.NS,NSE_EQ|INF200KA1WX6
SBILIFE.NS,NSE_EQ|INE123W01016
SBILIQETF.NS,NSE_EQ|INF200KB1969
SBIMIDMOM.NS,NSE_EQ|INF200KB1AJ0
SBIN.NS,NSE_EQ|INE062A01020
SBINEQWETF.NS,NSE_EQ|INF200KB1282
SBISILVER.NS,NSE_EQ|INF200KB1217
SCFL310524.NS,NSE_EQ|INE148I07TB7
SCHAEFFLER.NS,NSE_EQ|INE513A01022
SCHAND.NS,NSE_EQ|INE807K01035
SCHNEIDER.NS,NSE_EQ|INE839M01018
SCI.NS,NSE_EQ|INE109A01011
SCILAL.NS,NSE_EQ|INE0PB301013
SCL010825.NS,NSE_EQ|INE148I07XW5
SCL0182025.NS,NSE_EQ|INE148I07XU9
SCL01825.NS,NSE_EQ|INE148I07XX3
SCL1825.NS,NSE_EQ|INE148I07XV7
SCL190325.NS,NSE_EQ|INE148I07WD7
SCL190325A.NS,NSE_EQ|INE148I07WL0
SCL19325.NS,NSE_EQ|INE148I07WG0
SCL19325A.NS,NSE_EQ|INE148I07WC9
SCL25924.NS,NSE_EQ|INE148I07UH2
SCL25924A.NS,NSE_EQ|INE148I07UG4
SCL25924C.NS,NSE_EQ|INE148I07UB5
SCL25924D.NS,NSE_EQ|INE148I07UA7
SCL26.NS,NSE_EQ|INE148I07QA5
SCL271224.NS,NSE_EQ|INE148I07VC1
SCL271224A.NS,NSE_EQ|INE148I07VN8
SCL271224B.NS,NSE_EQ|INE148I07VG2
SCL310524.NS,NSE_EQ|INE148I07TA9
SCL310524A.NS,NSE_EQ|INE148I07TM4
SCLZC26.NS,NSE_EQ|INE148I07GN9
SCLZC26A.NS,NSE_EQ|INE148I08272
SCLZC26B.NS,NSE_EQ|INE148I07OS2
SCLZC26C.NS,NSE_EQ|INE148I07QB3
SCLZC26D.NS,NSE_EQ|INE148I07QP3
SCLZC26E.NS,NSE_EQ|INE148I07QO6
SCLZC26F.NS,NSE_EQ|INE148I07RY3
SCLZC26G.NS,NSE_EQ|INE148I07RL0
SCML.NS,NSE_EQ|INE460Q01014
SCODATUBES.NS,NSE_EQ|INE090501011
SCPL.NS,NSE_EQ|INE501Y01019
SDBL.NS,NSE_EQ|INE480C01038
SDL26BEES.NS,NSE_EQ|INF204KC1022
SDREAMS.NS,NSE_EQ|INE0X6F01017
SEAMECLTD.NS,NSE_EQ|INE497B01018
SECMARK.NS,NSE_EQ|INE0BTM01013
SECURKLOUD.NS,NSE_EQ|INE650K01021
SEITINVIT.NS,NSE_EQ|INE0R8O23017
SEJALLTD.NS,NSE_EQ|INE955I01044
SEL.NS,NSE_EQ|INE0O3O01017
SELECTIPO.NS,NSE_EQ|INF769K01ON4
SELLOWRAP.NS,NSE_EQ|INE0IJF01013
SELMC.NS,NSE_EQ|INE105I01020
SEMAC.NS,NSE_EQ|INE617A01013
SENCO.NS,NSE_EQ|INE602W01027
SENORES.NS,NSE_EQ|INE0RB801010
SENSEXADD.NS,NSE_EQ|INF740KA1SZ6
SENSEXBETA.NS,NSE_EQ|INF789FB1X58
SENSEXETF.NS,NSE_EQ|INF769K01KT9
SENSEXIETF.NS,NSE_EQ|INF346A01034
SEPC.NS,NSE_EQ|INE964H01014
SERVICE.NS,NSE_EQ|INE0P1Q01015
SERVOTECH.NS,NSE_EQ|INE782X01033
SESHAPAPER.NS,NSE_EQ|INE630A01024
SETCO.NS,NSE_EQ|INE878E01021
SETF10GILT.NS,NSE_EQ|INF200KA1JT1
SETFGOLD.NS,NSE_EQ|INF200KA16D8
SETFNIF50.NS,NSE_EQ|INF200KA1FS1
SETFNIFBK.NS,NSE_EQ|INF200KA1580
SETFNN50.NS,NSE_EQ|INF200KA1598
SETL.NS,NSE_EQ|INE0M4D01010
SETUINFRA.NS,NSE_EQ|INE023M01027
SEYAIND.NS,NSE_EQ|INE573R01012
SFL.NS,NSE_EQ|INE916U01025
SFLZC26A.NS,NSE_EQ|INE721A07PH3
SFML.NS,NSE_EQ|INE0U6N01014
SGBAPR28I.NS,NSE_EQ|IN0020200062
SGBAUG27.NS,NSE_EQ|IN0020190107
SGBAUG28V.NS,NSE_EQ|IN0020200161
SGBAUG29V.NS,NSE_EQ|IN0020210129
SGBAUG30.NS,NSE_EQ|IN0020220078
SGBD29VIII.NS,NSE_EQ|IN0020210228
SGBDC27VII.NS,NSE_EQ|IN0020190461
SGBDE30III.NS,NSE_EQ|IN0020220110
SGBDE31III.NS,NSE_EQ|IN0020230168
SGBDEC26.NS,NSE_EQ|IN0020180389
SGBFEB27.NS,NSE_EQ|IN0020180561
SGBFEB28IX.NS,NSE_EQ|IN0020190545
SGBFEB29XI.NS,NSE_EQ|IN0020200393
SGBFEB32IV.NS,NSE_EQ|IN0020230184
SGBJ28VIII.NS,NSE_EQ|IN0020190537
SGBJAN27.NS,NSE_EQ|IN0020180462
SGBJAN29IX.NS,NSE_EQ|IN0020200377
SGBJAN29X.NS,NSE_EQ|IN0020200385
SGBJAN30IX.NS,NSE_EQ|IN0020210236
SGBJU29III.NS,NSE_EQ|IN0020210087
SGBJUL27.NS,NSE_EQ|IN0020190081
SGBJUL28IV.NS,NSE_EQ|IN0020200146
SGBJUL29IV.NS,NSE_EQ|IN0020210111
SGBJUN27.NS,NSE_EQ|IN0020190073
SGBJUN28.NS,NSE_EQ|IN0020200104
SGBJUN29II.NS,NSE_EQ|IN0020210061
SGBJUN30.NS,NSE_EQ|IN0020220045
SGBJUN31I.NS,NSE_EQ|IN0020230069
SGBMAR28X.NS,NSE_EQ|IN0020190552
SGBMAR30X.NS,NSE_EQ|IN0020210319
SGBMAR31IV.NS,NSE_EQ|IN0020220169
SGBMAY26.NS,NSE_EQ|IN0020180033
SGBMAY28.NS,NSE_EQ|IN0020200088
SGBMAY29I.NS,NSE_EQ|IN0020210053
SGBMR29XII.NS,NSE_EQ|IN0020200427
SGBN28VIII.NS,NSE_EQ|IN0020200286
SGBNOV26.NS,NSE_EQ|IN0020180314
SGBNV29VII.NS,NSE_EQ|IN0020210178
SGBOC28VII.NS,NSE_EQ|IN0020200203
SGBOCT26.NS,NSE_EQ|IN0020180249
SGBOCT27.NS,NSE_EQ|IN0020190370
SGBOCT27VI.NS,NSE_EQ|IN0020190388
SGBSEP27.NS,NSE_EQ|IN0020190115
SGBSEP28VI.NS,NSE_EQ|IN0020200195
SGBSEP29VI.NS,NSE_EQ|IN0020210145
SGBSEP31II.NS,NSE_EQ|IN0020230093
SGFIN.NS,NSE_EQ|INE618R01015
SGIL.NS,NSE_EQ|INE00QT01015
SGL.NS,NSE_EQ|INE353H01010
SGMART.NS,NSE_EQ|INE385F01024
SHADOWFAX.NS,NSE_EQ|INE12UN01015
SHAH.NS,NSE_EQ|INE482J01021
SHAHALLOYS.NS,NSE_EQ|INE640C01011
SHAILY.NS,NSE_EQ|INE151G01028
SHAIVAL.NS,NSE_EQ|INE262S01010
SHAKTIPUMP.NS,NSE_EQ|INE908D01010
SHALBY.NS,NSE_EQ|INE597J01018
SHALPAINTS.NS,NSE_EQ|INE849C01026
SHANKARA.NS,NSE_EQ|INE274V01019
SHANTHALA.NS,NSE_EQ|INE0Q9Q01017
SHANTI.NS,NSE_EQ|INE933X01016
SHANTIGEAR.NS,NSE_EQ|INE631A01022
SHANTIGOLD.NS,NSE_EQ|INE06ZD01017
SHARDACROP.NS,NSE_EQ|INE221J01015
SHARDAMOTR.NS,NSE_EQ|INE597I01028
SHAREINDIA.NS,NSE_EQ|INE932X01026
SHARIABEES.NS,NSE_EQ|INF732E01128
SHEEL.NS,NSE_EQ|INE0YJV01017
SHEETAL.NS,NSE_EQ|INE04VX01019
SHEKHAWATI.NS,NSE_EQ|INE268L01046
SHEMAROO.NS,NSE_EQ|INE363M01019
SHERA.NS,NSE_EQ|INE0MM001019
SHETHJI.NS,NSE_EQ|INE1FL101016
SHIGAN.NS,NSE_EQ|INE03KJ01013
SHILCTECH.NS,NSE_EQ|INE024F01011
SHILPAMED.NS,NSE_EQ|INE790G01031
SHIVALIK.NS,NSE_EQ|INE788J01021
SHIVAMAUTO.NS,NSE_EQ|INE637H01024
SHIVAMILLS.NS,NSE_EQ|INE644Y01017
SHIVASHRIT.NS,NSE_EQ|INE1DLF01018
SHIVATEX.NS,NSE_EQ|INE705C01020
SHIVAUM.NS,NSE_EQ|INE719F01016
SHK.NS,NSE_EQ|INE500L01026
SHKSIL.NS,NSE_EQ|INE0NON01025
SHOPERSTOP.NS,NSE_EQ|INE498B01024
SHRADHA.NS,NSE_EQ|INE715Y01031
SHREDIGCEM.NS,NSE_EQ|INE232A01011
SHREECEM.NS,NSE_EQ|INE070A01015
SHREEJISPG.NS,NSE_EQ|INE1B6101010
SHREEKARNI.NS,NSE_EQ|INE0S4Y01010
SHREEOSFM.NS,NSE_EQ|INE02S501018
SHREEPUSHK.NS,NSE_EQ|INE712K01011
SHREERAMA.NS,NSE_EQ|INE879A01019
SHREMINVIT.NS,NSE_EQ|INE0GTI23014
SHRENIK.NS,NSE_EQ|INE632X01030
SHREYANIND.NS,NSE_EQ|INE231C01019
SHRIAHIMSA.NS,NSE_EQ|INE0DM401012
SHRIKANHA.NS,NSE_EQ|INE1V4601019
SHRINGARMS.NS,NSE_EQ|INE1B3L01017
SHRIPISTON.NS,NSE_EQ|INE526E01018
SHRIRAMFIN.NS,NSE_EQ|INE721A01047
SHRIRAMPPS.NS,NSE_EQ|INE217L01019
SHRITECH.NS,NSE_EQ|INE0OMF01015
SHUBHLAXMI.NS,NSE_EQ|INE01Z401013
SHUBHSHREE.NS,NSE_EQ|INE0UL701015
SHYAMCENT.NS,NSE_EQ|INE979R01011
SHYAMDHANI.NS,NSE_EQ|INE1CRP01016
SHYAMMETL.NS,NSE_EQ|INE810G01011
SHYAMTEL.NS,NSE_EQ|INE635A01023
SICALLOG.NS,NSE_EQ|INE075B01020
SICCL28.NS,NSE_EQ|INE535H07CS7
SIDDHICOTS.NS,NSE_EQ|INE0SVO01019
SIDDHIKA.NS,NSE_EQ|INE0A1E01018
SIEMENS.NS,NSE_EQ|INE003A01024
SIGACHI.NS,NSE_EQ|INE0D0K01022
SIGIND.NS,NSE_EQ|INE529F01035
SIGMA.NS,NSE_EQ|INE0A0S01028
SIGMAADV.NS,NSE_EQ|INE933B01012
SIGNATURE.NS,NSE_EQ|INE903U01023
SIGNORIA.NS,NSE_EQ|INE0RDE01010
SIGNPOST.NS,NSE_EQ|INE0KGZ01021
SIHF27.NS,NSE_EQ|INE213W07301
SIHF29.NS,NSE_EQ|INE213W07368
SIKKO.NS,NSE_EQ|INE112X01025
SIL.NS,NSE_EQ|INE173A01025
SILGO.NS,NSE_EQ|INE01II01013
SILGOPP.NS,NSE_EQ|IN901II01012
SILINV.NS,NSE_EQ|INE923A01015
SILKFLEX.NS,NSE_EQ|INE0STN01015
SILKY.NS,NSE_EQ|INE0SN801015
SILLYMONKS.NS,NSE_EQ|INE203Y01012
SILVER.NS,NSE_EQ|INF209KB19F6
SILVER1.NS,NSE_EQ|INF174KA1ZD3
SILVER360.NS,NSE_EQ|INF579M01BC3
SILVERADD.NS,NSE_EQ|INF740KA1RE3
SILVERAG.NS,NSE_EQ|INF769K01KG6
SILVERBEES.NS,NSE_EQ|INF204KC1402
SILVERBETA.NS,NSE_EQ|INF789F1AYK6
SILVERBND.NS,NSE_EQ|INF194KB1KI9
SILVERCASE.NS,NSE_EQ|INF0R8F01091
SILVERIETF.NS,NSE_EQ|INF109KC1Y56
SILVERTUC.NS,NSE_EQ|INE625X01026
SIMBHALS.NS,NSE_EQ|INE748T01016
SIMPLEXINF.NS,NSE_EQ|INE059B01024
SINCLAIR.NS,NSE_EQ|INE985A01022
SINDHUTRAD.NS,NSE_EQ|INE325D01025
SINTERCOM.NS,NSE_EQ|INE129Z01016
SIRCA.NS,NSE_EQ|INE792Z01011
SIS.NS,NSE_EQ|INE285J01028
SITINET.NS,NSE_EQ|INE965H01011
SIYSIL.NS,NSE_EQ|INE076B01028
SJLOGISTIC.NS,NSE_EQ|INE0F3301020
SJS.NS,NSE_EQ|INE284S01014
SJVN.NS,NSE_EQ|INE002L01015
SKFINDIA.NS,NSE_EQ|INE640A01023
SKFINDUS.NS,NSE_EQ|INE2J8701016
SKIPPER.NS,NSE_EQ|INE439E01022
SKMEGGPROD.NS,NSE_EQ|INE411D01023
SKP.NS,NSE_EQ|INE0KZA01016
SKYGOLD.NS,NSE_EQ|INE01IU01018
SLONE.NS,NSE_EQ|INE0SMA01017
SMALL250.NS,NSE_EQ|INF769K01PQ4
SMALLADD.NS,NSE_EQ|INF740KA1WX3
SMALLCAP.NS,NSE_EQ|INF769K01LC3
SMARTEN.NS,NSE_EQ|INE14GK01016
SMARTLINK.NS,NSE_EQ|INE178C01020
SMARTWORKS.NS,NSE_EQ|INE0NAZ01010
SMCGLOBAL.NS,NSE_EQ|INE103C01036
SML100CASE.NS,NSE_EQ|INF0R8F01141
SMLMAH.NS,NSE_EQ|INE294B01019
SMLT.NS,NSE_EQ|INE017W01010
SMSPHARMA.NS,NSE_EQ|INE812G01025
SMVD.NS,NSE_EQ|INE702Y01013
SNEHAA.NS,NSE_EQ|INE1OIC01018
SNOWMAN.NS,NSE_EQ|INE734N01019
SNXT30BEES.NS,NSE_EQ|INF204KC1EZ3
SNXT50BETA.NS,NSE_EQ|INF789F1AUU3
SOBHA.NS,NSE_EQ|INE671H01015
SOCL.NS,NSE_EQ|INE0CTB01014
SOFTTECH.NS,NSE_EQ|INE728Z01015
SOLARA.NS,NSE_EQ|INE624Z01016
SOLARAPP1.NS,NSE_EQ|IN9624Z01022
SOLARINDS.NS,NSE_EQ|INE343H01029
SOLARWORLD.NS,NSE_EQ|INE0TY101024
SOLEX.NS,NSE_EQ|INE880Y01017
SOMANYCERA.NS,NSE_EQ|INE355A01028
SOMATEX.NS,NSE_EQ|INE314C01013
SOMICONVEY.NS,NSE_EQ|INE323J01019
SONACOMS.NS,NSE_EQ|INE073K01018
SONAMAC.NS,NSE_EQ|INE0Q6H01012
SONAMLTD.NS,NSE_EQ|INE00LM01029
SONATSOFTW.NS,NSE_EQ|INE269A01021
SONUINFRA.NS,NSE_EQ|INE0JZA01018
SOTAC.NS,NSE_EQ|INE0O2D01012
SOTL.NS,NSE_EQ|INE035D01020
SOUTHBANK.NS,NSE_EQ|INE683A01023
SOUTHWEST.NS,NSE_EQ|INE980Y01015
SPAL.NS,NSE_EQ|INE212I01016
SPANDANA.NS,NSE_EQ|INE572J01011
SPARC.NS,NSE_EQ|INE232I01014
SPCENET.NS,NSE_EQ|INE970N01027
SPCL.NS,NSE_EQ|INE0T7B01010
SPEB.NS,NSE_EQ|INE1CW901027
SPECIALITY.NS,NSE_EQ|INE247M01014
SPECTRUM.NS,NSE_EQ|INE01EO01010
SPECTSTM.NS,NSE_EQ|INE0OL001018
SPENCERS.NS,NSE_EQ|INE020801028
SPIC.NS,NSE_EQ|INE147A01011
SPLIL.NS,NSE_EQ|INE978G01016
SPLPETRO.NS,NSE_EQ|INE663A01033
SPMLINFRA.NS,NSE_EQ|INE937A01023
SPORTKING.NS,NSE_EQ|INE885H01029
SPPPOLY.NS,NSE_EQ|INE0QR801013
SPRL.NS,NSE_EQ|INE0JW501011
SPUNWEB.NS,NSE_EQ|INE19QH01010
SRD.NS,NSE_EQ|INE01NE01012
SREEL.NS,NSE_EQ|INE099F01013
SRF.NS,NSE_EQ|INE647A01010
SRGHFL.NS,NSE_EQ|INE559N01010
SRHHYPOLTD.NS,NSE_EQ|INE917H01012
SRIVASAVI.NS,NSE_EQ|INE0NPI01014
SRM.NS,NSE_EQ|INE0R6Z01013
SRTL.NS,NSE_EQ|INE19GK01015
SSDL.NS,NSE_EQ|INE0PQ101010
SSEGL.NS,NSE_EQ|INE0RFP01011
SSFL.NS,NSE_EQ|INE0ON201012
SSFLPP.NS,NSE_EQ|IN9572J01019
SSWL.NS,NSE_EQ|INE802C01033
STALLION.NS,NSE_EQ|INE0RYC01010
STANLEY.NS,NSE_EQ|INE01A001028
STAR.NS,NSE_EQ|INE939A01011
STARCEMENT.NS,NSE_EQ|INE460H01021
STARHEALTH.NS,NSE_EQ|INE575P01011
STARPAPER.NS,NSE_EQ|INE733A01018
STARTECK.NS,NSE_EQ|INE992I01013
STCINDIA.NS,NSE_EQ|INE655A01013
STEELCAS.NS,NSE_EQ|INE124E01038
STEELCITY.NS,NSE_EQ|INE395H01011
STEELXIND.NS,NSE_EQ|INE503B01021
STEL.NS,NSE_EQ|INE577L01016
STERTOOLS.NS,NSE_EQ|INE334A01023
STLNETWORK.NS,NSE_EQ|INE1VXE01018
STLTECH.NS,NSE_EQ|INE089C01029
STOVEKRAFT.NS,NSE_EQ|INE00IN01015
STRIDERS.NS,NSE_EQ|INE1XWN01017
STUDDS.NS,NSE_EQ|INE00Q601028
STUDIOLSD.NS,NSE_EQ|INE17VO01028
STYL.NS,NSE_EQ|INE04VU01023
STYLAMIND.NS,NSE_EQ|INE239C01020
STYLEBAAZA.NS,NSE_EQ|INE01FR01028
STYRENIX.NS,NSE_EQ|INE189B01011
SUBAHOTELS.NS,NSE_EQ|INE0RYR01018
SUBEXLTD.NS,NSE_EQ|INE754A01055
SUBROS.NS,NSE_EQ|INE287B01021
SUDARCOLOR.NS,NSE_EQ|INE492A01029
SUDARSCHEM.NS,NSE_EQ|INE659A01023
SUDEEPPHRM.NS,NSE_EQ|INE0QPI01025
SUKHJITS.NS,NSE_EQ|INE450E01029
SULA.NS,NSE_EQ|INE142Q01026
SUMEETINDS.NS,NSE_EQ|INE235C01036
SUMICHEM.NS,NSE_EQ|INE258G01013
SUMIT.NS,NSE_EQ|INE748Z01013
SUMMITSEC.NS,NSE_EQ|INE519C01017
SUNCLAY.NS,NSE_EQ|INE0Q3R01026
SUNDARAM.NS,NSE_EQ|INE108E01023
SUNDARMFIN.NS,NSE_EQ|INE660A01013
SUNDRMBRAK.NS,NSE_EQ|INE073D01013
SUNDRMFAST.NS,NSE_EQ|INE387A01021
SUNDROP.NS,NSE_EQ|INE209A01019
SUNFLAG.NS,NSE_EQ|INE947A01014
SUNLITE.NS,NSE_EQ|INE0U2N01013
SUNPHARMA.NS,NSE_EQ|INE044A01036
SUNREST.NS,NSE_EQ|INE0PLZ01012
SUNTECH.NS,NSE_EQ|INE0SGZ01016
SUNTECK.NS,NSE_EQ|INE805D01034
SUNTV.NS,NSE_EQ|INE424H01027
SUPERHOUSE.NS,NSE_EQ|INE712B01010
SUPERSPIN.NS,NSE_EQ|INE662A01027
SUPRAJIT.NS,NSE_EQ|INE399C01030
SUPREME.NS,NSE_EQ|INE822E01011
SUPREMEENG.NS,NSE_EQ|INE319Z01021
SUPREMEIND.NS,NSE_EQ|INE195A01028
SUPREMEINF.NS,NSE_EQ|INE550H01011
SUPREMEPWR.NS,NSE_EQ|INE0QHG01026
SUPRIYA.NS,NSE_EQ|INE07RO01027
SURAJEST.NS,NSE_EQ|INE843S01025
SURAJLTD.NS,NSE_EQ|INE713C01016
SURAKSHA.NS,NSE_EQ|INE877V01027
SURANASOL.NS,NSE_EQ|INE272L01022
SURANAT&P.NS,NSE_EQ|INE130B01031
SURANI.NS,NSE_EQ|INE01ZJ01015
SURYALAXMI.NS,NSE_EQ|INE713B01026
SURYAROSNI.NS,NSE_EQ|INE335A01020
SURYODAY.NS,NSE_EQ|INE428Q01011
SUTLEJTEX.NS,NSE_EQ|INE645H01027
SUVEN.NS,NSE_EQ|INE495B01038
SUVIDHAA.NS,NSE_EQ|INE018401013
SUYOG.NS,NSE_EQ|INE442P01014
SUZLON.NS,NSE_EQ|INE040H01021
SVLL.NS,NSE_EQ|INE00CE01017
SVPGLOB.NS,NSE_EQ|INE308E01029
SWANCORP.NS,NSE_EQ|INE665A01038
SWANDEF.NS,NSE_EQ|INE542F01020
SWARAJ.NS,NSE_EQ|INE0GMR01016
SWARAJENG.NS,NSE_EQ|INE277A01016
SWASTIK.NS,NSE_EQ|INE0DGC01025
SWELECTES.NS,NSE_EQ|INE409B01013
SWIGGY.NS,NSE_EQ|INE00H001014
SWSOLAR.NS,NSE_EQ|INE00M201021
SYLVANPLY.NS,NSE_EQ|INE01IH01015
SYMPHONY.NS,NSE_EQ|INE225D01027
SYNCOMF.NS,NSE_EQ|INE312C01025
SYNGENE.NS,NSE_EQ|INE398R01022
SYNOPTICS.NS,NSE_EQ|INE0BTR01012
SYRMA.NS,NSE_EQ|INE0DYJ01015
SYSTANGO.NS,NSE_EQ|INE0O7R01011
SYSTMTXC.NS,NSE_EQ|INE356B01024
TAC.NS,NSE_EQ|INE0SOY01013
TAINWALCHM.NS,NSE_EQ|INE123C01018
TAJGVK.NS,NSE_EQ|INE586B01026
TAKE.NS,NSE_EQ|INE142I01023
TALBROAUTO.NS,NSE_EQ|INE187D01029
TANKUP.NS,NSE_EQ|INE0Z7N01017
TANLA.NS,NSE_EQ|INE483C01032
TAPIFRUIT.NS,NSE_EQ|INE0M7001010
TARACHAND.NS,NSE_EQ|INE555Z01020
TARAPUR.NS,NSE_EQ|INE747K01017
TARC.NS,NSE_EQ|INE0EK901012
TARIL.NS,NSE_EQ|INE763I01026
TARMAT.NS,NSE_EQ|INE924H01018
TARSONS.NS,NSE_EQ|INE144Z01023
TASTYBITE.NS,NSE_EQ|INE488B01017
TATACAP.NS,NSE_EQ|INE976I01016
TATACHEM.NS,NSE_EQ|INE092A01019
TATACOMM.NS,NSE_EQ|INE151A01013
TATACONSUM.NS,NSE_EQ|INE192A01025
TATAELXSI.NS,NSE_EQ|INE670A01012
TATAGOLD.NS,NSE_EQ|INF277KA1976
TATAINVEST.NS,NSE_EQ|INE672A01026
TATAPOWER.NS,NSE_EQ|INE245A01021
TATASTEEL.NS,NSE_EQ|INE081A01020
TATATECH.NS,NSE_EQ|INE142M01025
TATSILV.NS,NSE_EQ|INF277KA1984
TATVA.NS,NSE_EQ|INE0GK401011
TAURIAN.NS,NSE_EQ|INE0XWS01018
TBI.NS,NSE_EQ|INE0N2D01013
TBOTEK.NS,NSE_EQ|INE673O01025
TBZ.NS,NSE_EQ|INE760L01018
TCC.NS,NSE_EQ|INE887D01016
TCHF30.NS,NSE_EQ|INE033L08270
TCI.NS,NSE_EQ|INE688A01022
TCIEXP.NS,NSE_EQ|INE586V01016
TCIFINANCE.NS,NSE_EQ|INE911B01018
TCL.NS,NSE_EQ|INE0QJL01014
TCL26.NS,NSE_EQ|INE976I07CU7
TCPLPACK.NS,NSE_EQ|INE822C01015
TCS.NS,NSE_EQ|INE467B01029
TDPOWERSYS.NS,NSE_EQ|INE419M01027
TEAMGTY.NS,NSE_EQ|INE289C01025
TEAMLEASE.NS,NSE_EQ|INE985S01024
TECH.NS,NSE_EQ|INF209KB11D8
TECHD.NS,NSE_EQ|INE0Y5H01014
TECHERA.NS,NSE_EQ|INE0JQS01019
TECHLABS.NS,NSE_EQ|INE0QD201012
TECHM.NS,NSE_EQ|INE669C01036
TECHNOE.NS,NSE_EQ|INE285K01026
TECILCHEM.NS,NSE_EQ|INE014B01011
TEGA.NS,NSE_EQ|INE011K01018
TEJASCARGO.NS,NSE_EQ|INE17WC01013
TEJASNET.NS,NSE_EQ|INE010J01012
TEMBO.NS,NSE_EQ|INE869Y01010
TENNIND.NS,NSE_EQ|INE19RI01016
TERASOFT.NS,NSE_EQ|INE482B01010
TEXINFRA.NS,NSE_EQ|INE435C01024
TEXMOPIPES.NS,NSE_EQ|INE141K01013
TEXRAIL.NS,NSE_EQ|INE621L01012
TFCILTD.NS,NSE_EQ|INE305A01023
TFL.NS,NSE_EQ|INE804H01012
TGBHOTELS.NS,NSE_EQ|INE797H01018
TGL.NS,NSE_EQ|INE0K6601012
THANGAMAYL.NS,NSE_EQ|INE085J01014
THEINVEST.NS,NSE_EQ|INE924D01017
THEJO.NS,NSE_EQ|INE121N01019
THELEELA.NS,NSE_EQ|INE0AQ201015
THEMISMED.NS,NSE_EQ|INE083B01024
THERMAX.NS,NSE_EQ|INE152A01029
THESL.NS,NSE_EQ|INE0SHE01019
THOMASCOOK.NS,NSE_EQ|INE332A01027
THOMASCOTT.NS,NSE_EQ|INE480M01011
THYROCARE.NS,NSE_EQ|INE594H01019
TI.NS,NSE_EQ|INE133E01013
TICL.NS,NSE_EQ|INE388G01026
TIGERLOGS.NS,NSE_EQ|INE906O01029
TIIL.NS,NSE_EQ|INE545H01011
TIINDIA.NS,NSE_EQ|INE974X01010
TIJARIA.NS,NSE_EQ|INE440L01017
TIL.NS,NSE_EQ|INE806C01018
TIMESCAN.NS,NSE_EQ|INE0IJY01014
TIMETECHNO.NS,NSE_EQ|INE508G01029
TIMKEN.NS,NSE_EQ|INE325A01013
TINNARUBR.NS,NSE_EQ|INE015C01016
TIPSFILMS.NS,NSE_EQ|INE0LQS01015
TIPSMUSIC.NS,NSE_EQ|INE716B01029
TIRUMALCHM.NS,NSE_EQ|INE338A01024
TIRUPATI.NS,NSE_EQ|INE238Y01018
TIRUPATIFL.NS,NSE_EQ|INE319Y01024
TIT45.NS,NSE_EQ|INE1JNC07015
TITAGARH.NS,NSE_EQ|INE615H01020
TITAN.NS,NSE_EQ|INE280A01028
TMB.NS,NSE_EQ|INE668A01016
TMCV.NS,NSE_EQ|INE1TAE01010
TMPV.NS,NSE_EQ|INE155A01022
TNIDETF.NS,NSE_EQ|INF277KA1364
TNPETRO.NS,NSE_EQ|INE148A01019
TNPL.NS,NSE_EQ|INE107A01015
TNTELE.NS,NSE_EQ|INE141D01018
TOKYOPLAST.NS,NSE_EQ|INE932C01012
TOLINS.NS,NSE_EQ|INE0RWQ01014
TOP100CASE.NS,NSE_EQ|INF0R8F01067
TOP10ADD.NS,NSE_EQ|INF740KA1UR9
TOP15IETF.NS,NSE_EQ|INF109K1A344
TOP20.NS,NSE_EQ|INF769K01PZ5
TORNTPHARM.NS,NSE_EQ|INE685A01028
TORNTPOWER.NS,NSE_EQ|INE813H01021
TOTAL.NS,NSE_EQ|INE336X01012
TOUCHWOOD.NS,NSE_EQ|INE486Y01013
TPHQ.NS,NSE_EQ|INE065J01024
TPL26.NS,NSE_EQ|INE725H08147
TPLPLASTEH.NS,NSE_EQ|INE413G01022
TRACXN.NS,NSE_EQ|INE0HMF01019
TRANSRAILL.NS,NSE_EQ|INE454P01035
TRANSTEEL.NS,NSE_EQ|INE0NVI01020
TRANSWIND.NS,NSE_EQ|INE792X01016
TRANSWORLD.NS,NSE_EQ|INE757B01015
TRAVELFOOD.NS,NSE_EQ|INE103V01028
TREEHOUSE.NS,NSE_EQ|INE040M01013
TREJHARA.NS,NSE_EQ|INE00CA01015
TREL.NS,NSE_EQ|INE0O3901029
TRENT.NS,NSE_EQ|INE849A01020
TRF.NS,NSE_EQ|INE391D01019
TRIDENT.NS,NSE_EQ|INE064C01022
TRIDHYA.NS,NSE_EQ|INE0LWY01029
TRIGYN.NS,NSE_EQ|INE948A01012
TRITURBINE.NS,NSE_EQ|INE152M01016
TRIVENI.NS,NSE_EQ|INE256C01024
TROM.NS,NSE_EQ|INE0SYV01018
TRU.NS,NSE_EQ|INE615R01029
TRUALT.NS,NSE_EQ|INE0MWH01014
TRUST.NS,NSE_EQ|INE0SWN01019
TSC.NS,NSE_EQ|INE16VK01010
TSFINV.NS,NSE_EQ|INE202Z01029
TTKHLTCARE.NS,NSE_EQ|INE910C01018
TTKPRESTIG.NS,NSE_EQ|INE690A01028
TTL.NS,NSE_EQ|INE592B01024
TTML.NS,NSE_EQ|INE517B01013
TUNWAL.NS,NSE_EQ|INE0OXV01027
TVSELECT.NS,NSE_EQ|INE236G01019
TVSHLTD.NS,NSE_EQ|INE105A01035
TVSINVIT.NS,NSE_EQ|INE1JNC23012
TVSMNCRPS.NS,NSE_EQ|INE494B04019
TVSMOTOR.NS,NSE_EQ|INE494B01023
TVSSCS.NS,NSE_EQ|INE395N01027
TVSSRICHAK.NS,NSE_EQ|INE421C01016
TVTODAY.NS,NSE_EQ|INE038F01029
TVVISION.NS,NSE_EQ|INE871L01013
TWCGOLDETF.NS,NSE_EQ|INF2F0001370
UBL.NS,NSE_EQ|INE686F01025
UCAL.NS,NSE_EQ|INE139B01016
UCL.NS,NSE_EQ|INE00NI01015
UCOBANK.NS,NSE_EQ|INE691A01018
UDS.NS,NSE_EQ|INE851I01011
UEL.NS,NSE_EQ|INE899L01030
UFBL.NS,NSE_EQ|INE382M01027
UFLEX.NS,NSE_EQ|INE516A01017
UFO.NS,NSE_EQ|INE527H01019
UGARSUGAR.NS,NSE_EQ|INE071E01023
UGROCAP.NS,NSE_EQ|INE583D01011
UHTL.NS,NSE_EQ|INE0SMR01011
UJJIVANSFB.NS,NSE_EQ|INE551W01018
ULTRACEMCO.NS,NSE_EQ|INE481G01011
UMA.NS,NSE_EQ|INE067901012
UMAEXPORTS.NS,NSE_EQ|INE0GIU01018
UMESLTD.NS,NSE_EQ|INE240C01028
UMIYA-MRO.NS,NSE_EQ|INE398B01018
UNICHEMLAB.NS,NSE_EQ|INE351A01035
UNIDT.NS,NSE_EQ|INE961D01019
UNIECOM.NS,NSE_EQ|INE00U401027
UNIENTER.NS,NSE_EQ|INE037A01022
UNIHEALTH.NS,NSE_EQ|INE0PRF01011
UNIINFO.NS,NSE_EQ|INE481Z01011
UNILEX.NS,NSE_EQ|INE0B2801011
UNIMECH.NS,NSE_EQ|INE0U3I01011
UNIONBANK.NS,NSE_EQ|INE692A01016
UNIONGOLD.NS,NSE_EQ|INF582M01KS4
UNIPARTS.NS,NSE_EQ|INE244O01017
UNITDSPR.NS,NSE_EQ|INE854D01024
UNITECH.NS,NSE_EQ|INE694A01020
UNITEDPOLY.NS,NSE_EQ|INE368U01029
UNITEDTEA.NS,NSE_EQ|INE458F01011
UNIVASTU.NS,NSE_EQ|INE562X01013
UNIVCABLES.NS,NSE_EQ|INE279A01012
UNIVPHOTO.NS,NSE_EQ|INE03V001013
UNOMINDA.NS,NSE_EQ|INE405E01023
UPL.NS,NSE_EQ|INE628A01036
URAVIDEF.NS,NSE_EQ|INE568Z01015
URBAN.NS,NSE_EQ|INE0O0201019
URBANCO.NS,NSE_EQ|INE0CAZ01013
URJA.NS,NSE_EQ|INE550C01020
USASEEDS.NS,NSE_EQ|INE0CBM01019
USHAFIN.NS,NSE_EQ|INE0LS001014
USHAMART.NS,NSE_EQ|INE228A01035
USK.NS,NSE_EQ|INE0N0Y01013
UTIAMC.NS,NSE_EQ|INE094J01016
UTKARSHBNK.NS,NSE_EQ|INE735W01017
UTLSOLAR.NS,NSE_EQ|INE12UR01024
UTSSAV.NS,NSE_EQ|INE06IJ01010
UTTAMSUGAR.NS,NSE_EQ|INE786F01031
UWCSL.NS,NSE_EQ|INE00F301010
UYFINCORP.NS,NSE_EQ|INE152C01025
V2RETAIL.NS,NSE_EQ|INE945H01013
VADILALIND.NS,NSE_EQ|INE694D01016
VAIBHAVGBL.NS,NSE_EQ|INE884A01027
VAISHALI.NS,NSE_EQ|INE972X01022
VAKRANGEE.NS,NSE_EQ|INE051B01021
VAL30IETF.NS,NSE_EQ|INF109KC16X5
VALIANTLAB.NS,NSE_EQ|INE0JWS01017
VALIANTORG.NS,NSE_EQ|INE565V01010
VARDHACRLC.NS,NSE_EQ|INE116G01013
VARDMNPOLY.NS,NSE_EQ|INE835A01029
VARROC.NS,NSE_EQ|INE665L01035
VASA.NS,NSE_EQ|INE068Z01016
VASCONEQ.NS,NSE_EQ|INE893I01013
VASWANI.NS,NSE_EQ|INE590L01019
VBL.NS,NSE_EQ|INE200M01039
VCL.NS,NSE_EQ|INE098201036
VDEAL.NS,NSE_EQ|INE0U2M01015
VEDL.NS,NSE_EQ|INE205A01025
VEEDOL.NS,NSE_EQ|INE484C01030
VEEKAYEM.NS,NSE_EQ|INE0KTW01013
VELS.NS,NSE_EQ|INE0I3H01019
VENKEYS.NS,NSE_EQ|INE398A01010
VENTIVE.NS,NSE_EQ|INE781S01027
VENUSPIPES.NS,NSE_EQ|INE0JA001018
VENUSREM.NS,NSE_EQ|INE411B01019
VERA.NS,NSE_EQ|INE709Z01015
VERANDA.NS,NSE_EQ|INE0IQ001011
VERITAAS.NS,NSE_EQ|INE0SRI01019
VERTEXPLUS.NS,NSE_EQ|INE0NLB01018
VERTIS.NS,NSE_EQ|INE0KXY23015
VERTOZ.NS,NSE_EQ|INE188Y01031
VESUVIUS.NS,NSE_EQ|INE386A01023
VETO.NS,NSE_EQ|INE918N01018
VGINFOTECH.NS,NSE_EQ|INE0VRH01015
VGL.NS,NSE_EQ|INE273D01027
VGUARD.NS,NSE_EQ|INE951I01027
VHL.NS,NSE_EQ|INE701A01023
VHLTD.NS,NSE_EQ|INE048C01025
VIAZ.NS,NSE_EQ|INE0MO401019
VICTORYEV.NS,NSE_EQ|INE0F8901022
VIDHIING.NS,NSE_EQ|INE632C01026
VIDYAWIRES.NS,NSE_EQ|INE14UN01029
VIESL.NS,NSE_EQ|INE0TR001017
VIGOR.NS,NSE_EQ|INE1DM601016
VIJAYA.NS,NSE_EQ|INE043W01024
VIJAYPD.NS,NSE_EQ|INE0WL901019
VIJIFIN.NS,NSE_EQ|INE159N01027
VIKASECO.NS,NSE_EQ|INE806A01020
VIKASLIFE.NS,NSE_EQ|INE161L01027
VIKRAMSOLR.NS,NSE_EQ|INE078V01014
VIKRAN.NS,NSE_EQ|INE01R501028
VILAS.NS,NSE_EQ|INE0AZY01017
VILINBIO.NS,NSE_EQ|INE0L4V01013
VIMTALABS.NS,NSE_EQ|INE579C01029
VINATIORGA.NS,NSE_EQ|INE410B01037
VINCOFE.NS,NSE_EQ|INE498Q01014
VINDHYATEL.NS,NSE_EQ|INE707A01012
VINEETLAB.NS,NSE_EQ|INE505Y01010
VINNY.NS,NSE_EQ|INE01KI01027
VINSYS.NS,NSE_EQ|INE0OSJ01014
VINYAS.NS,NSE_EQ|INE0OLS01010
VINYLINDIA.NS,NSE_EQ|INE250B01029
VIPCLOTHNG.NS,NSE_EQ|INE450G01024
VIPIND.NS,NSE_EQ|INE054A01027
VIPULLTD.NS,NSE_EQ|INE946H01037
VIRINCHI.NS,NSE_EQ|INE539B01017
VISAKAIND.NS,NSE_EQ|INE392A01021
VISAMAN.NS,NSE_EQ|INE0BHK01012
VISASTEEL.NS,NSE_EQ|INE286H01012
VISHNU.NS,NSE_EQ|INE270I01022
VISHNUINFR.NS,NSE_EQ|INE0PQ001012
VISHWARAJ.NS,NSE_EQ|INE430N01022
VISHWAS.NS,NSE_EQ|INE0S2E01016
VITAL.NS,NSE_EQ|INE0L4K01016
VIVIANA.NS,NSE_EQ|INE0MEG01014
VIVIDHA.NS,NSE_EQ|INE370E01029
VIVIMEDLAB.NS,NSE_EQ|INE526G01021
VIVO.NS,NSE_EQ|INE0IA701014
VIYASH.NS,NSE_EQ|INE807F01027
VLEGOV.NS,NSE_EQ|INE03HW01020
VLINFRA.NS,NSE_EQ|INE0QXL01015
VLSFINANCE.NS,NSE_EQ|INE709A01018
VMARCIND.NS,NSE_EQ|INE0GXK01018
VMART.NS,NSE_EQ|INE665J01013
VMM.NS,NSE_EQ|INE01EA01019
VMSTMT.NS,NSE_EQ|INE0SJA01013
VOLERCAR.NS,NSE_EQ|INE241X01014
VOLTAMP.NS,NSE_EQ|INE540H01012
VOLTAS.NS,NSE_EQ|INE226A01021
VPRPL.NS,NSE_EQ|INE0AE001013
VR.NS,NSE_EQ|INE0QQM01017
VRAJ.NS,NSE_EQ|INE0S2V01010
VRLLOG.NS,NSE_EQ|INE366I01010
VSCL.NS,NSE_EQ|INE551Q01028
VSSL.NS,NSE_EQ|INE050M01012
VSTIND.NS,NSE_EQ|INE710A01016
VSTL.NS,NSE_EQ|INE0QTF01015
VSTTILLERS.NS,NSE_EQ|INE764D01017
VTL.NS,NSE_EQ|INE825A01020
WAAREEENER.NS,NSE_EQ|INE377N01017
WAAREEINDO.NS,NSE_EQ|INE866K01023
WAAREERTL.NS,NSE_EQ|INE299N01021
WABAG.NS,NSE_EQ|INE956G01038
WAKEFIT.NS,NSE_EQ|INE0E7301029
WALCHANNAG.NS,NSE_EQ|INE711A01022
WALPAR.NS,NSE_EQ|INE0G2G01015
WANBURY.NS,NSE_EQ|INE107F01022
WCIL.NS,NSE_EQ|INE0CJF01024
WEALTH.NS,NSE_EQ|INE658T01017
WEBELSOLAR.NS,NSE_EQ|INE855C01023
WEIZMANIND.NS,NSE_EQ|INE080A01014
WEL.NS,NSE_EQ|INE02WG01024
WELCORP.NS,NSE_EQ|INE191B01025
WELENT.NS,NSE_EQ|INE625G01013
WELINV.NS,NSE_EQ|INE389K01018
WELSPUNLIV.NS,NSE_EQ|INE192B01031
WENDT.NS,NSE_EQ|INE274C01019
WESTLIFE.NS,NSE_EQ|INE274F01020
WEWIN.NS,NSE_EQ|INE082W01014
WEWORK.NS,NSE_EQ|INE085001019
WHEELS.NS,NSE_EQ|INE715A01015
WHIRLPOOL.NS,NSE_EQ|INE716A01013
WHITEFORCE.NS,NSE_EQ|INE0TLP01015
WILLAMAGOR.NS,NSE_EQ|INE210A01017
WINDLAS.NS,NSE_EQ|INE0H5O01029
WINDMACHIN.NS,NSE_EQ|INE052A01021
WINNY.NS,NSE_EQ|INE0S9101013
WINSOL.NS,NSE_EQ|INE0S3D01016
WINSOME.NS,NSE_EQ|INE784B01035
WIPL.NS,NSE_EQ|INE215F01023
WIPRO.NS,NSE_EQ|INE075A01022
WOCKPHARMA.NS,NSE_EQ|INE049B01025
WOL3D.NS,NSE_EQ|INE0OO201011
WOMANCART.NS,NSE_EQ|INE0Q9601016
WONDERLA.NS,NSE_EQ|INE066O01014
WORTHPERI.NS,NSE_EQ|INE196Y01018
WSI.NS,NSE_EQ|INE100D01014
WSTCSTPAPR.NS,NSE_EQ|INE976A01021
WTICAB.NS,NSE_EQ|INE623Y01011
XCHANGING.NS,NSE_EQ|INE692G01013
XELPMOC.NS,NSE_EQ|INE01P501012
XPROINDIA.NS,NSE_EQ|INE445C01015
XTGLOBAL.NS,NSE_EQ|INE547B01028
YAAP.NS,NSE_EQ|INE0U0J01015
YASHO.NS,NSE_EQ|INE616Z01012
YASHOPTICS.NS,NSE_EQ|INE0TO601017
YATHARTH.NS,NSE_EQ|INE0JO301016
YATRA.NS,NSE_EQ|INE0JR601024
YCCL.NS,NSE_EQ|INE08S201019
YESBANK.NS,NSE_EQ|INE528G01035
YUDIZ.NS,NSE_EQ|INE09FA01019
YUKEN.NS,NSE_EQ|INE384C01016
ZAGGLE.NS,NSE_EQ|INE07K301024
ZEAL.NS,NSE_EQ|INE0PPS01018
ZEEL.NS,NSE_EQ|INE256A01028
ZEELEARN.NS,NSE_EQ|INE565L01011
ZEEMEDIA.NS,NSE_EQ|INE966H01019
ZENITHDRUG.NS,NSE_EQ|INE0QWN01013
ZENITHEXPO.NS,NSE_EQ|INE058B01018
ZENITHSTL.NS,NSE_EQ|INE318D01020
ZENSARTECH.NS,NSE_EQ|INE520A01027
ZENTEC.NS,NSE_EQ|INE251B01027
ZFCVINDIA.NS,NSE_EQ|INE342J01019
ZIMLAB.NS,NSE_EQ|INE518E01015
ZODIAC.NS,NSE_EQ|INE761Y01019
ZODIACLOTH.NS,NSE_EQ|INE206B01013
ZOTA.NS,NSE_EQ|INE358U01012
ZTECH.NS,NSE_EQ|INE0ISZ01012
ZUARI.NS,NSE_EQ|INE840M01016
ZUARIIND.NS,NSE_EQ|INE217A01012
ZYDUSLIFE.NS,NSE_EQ|INE010B01027
ZYDUSWELL.NS,NSE_EQ|INE768C01028
